product_category_name,product_weight_g,product_length_cm,product_height_cm,product_width_cm
perfumaria,225,16,10,14
artes,1000,30,18,20
esporte_lazer,154,18,9,15
bebes,371,26,4,26
utilidades_domesticas,625,20,17,13
instrumentos_musicais,200,38,5,11
cool_stuff,18350,70,24,44
moveis_decoracao,900,40,8,40
eletrodomesticos,400,27,13,17
brinquedos,600,17,10,12
cama_mesa_banho,1100,16,10,16
bebes,7150,50,19,45
instrumentos_musicais,250,17,7,17
moveis_decoracao,600,68,11,13
construcao_ferramentas_seguranca,200,17,7,17
esporte_lazer,800,16,2,11
perfumaria,400,27,5,20
informatica_acessorios,900,40,15,20
moveis_decoracao,1700,100,7,15
cama_mesa_banho,500,16,10,16
moveis_decoracao,2550,29,24,45
cama_mesa_banho,800,36,8,16
beleza_saude,75,21,7,13
bebes,500,20,13,13
moveis_decoracao,1800,40,10,30
utilidades_domesticas,900,50,5,50
malas_acessorios,3600,35,25,50
informatica_acessorios,300,42,2,30
informatica_acessorios,740,23,13,13
esporte_lazer,3600,62,23,23
cama_mesa_banho,650,16,10,16
ferramentas_jardim,2150,70,8,34
moveis_decoracao,800,40,10,34
moveis_escritorio,8950,52,51,17
esporte_lazer,1388,34,9,31
bebes,7950,33,30,44
automotivo,6000,87,3,42
eletronicos,263,18,12,16
utilidades_domesticas,3900,19,20,15
moveis_decoracao,600,25,25,25
moveis_decoracao,2050,49,13,41
brinquedos,725,22,17,15
cama_mesa_banho,6350,45,15,35
bebes,600,70,11,11
cool_stuff,11750,18,40,79
brinquedos,2550,22,32,38
cool_stuff,15350,47,40,47
moveis_decoracao,1300,25,16,25
moveis_decoracao,850,69,11,11
beleza_saude,1300,19,28,17
esporte_lazer,4800,60,30,15
cool_stuff,1300,36,16,24
automotivo,220,18,14,17
bebes,5700,41,17,49
malas_acessorios,450,20,40,30
fashion_calcados,2000,32,12,37
telefonia,100,19,3,11
cool_stuff,1100,30,20,23
papelaria,1400,38,40,39
brinquedos,250,20,14,12
esporte_lazer,1050,25,20,14
papelaria,500,24,7,16
beleza_saude,1467,23,16,20
fashion_bolsas_e_acessorios,100,16,5,11
papelaria,100,16,5,16
papelaria,300,23,7,15
esporte_lazer,950,60,15,15
ferramentas_jardim,250,17,3,11
pcs,12000,27,50,53
automotivo,921,17,9,16
casa_construcao,10000,60,25,25
relogios_presentes,250,16,11,11
cool_stuff,1200,44,20,20
construcao_ferramentas_construcao,4800,25,8,25
pet_shop,700,40,20,20
beleza_saude,1050,18,21,27
eletroportateis,350,20,20,20
perfumaria,422,21,16,18
relogios_presentes,317,19,13,16
agro_industria_e_comercio,16400,63,66,56
beleza_saude,938,29,22,23
beleza_saude,2700,21,16,31
cama_mesa_banho,1750,30,18,30
ferramentas_jardim,3850,29,12,24
perfumaria,267,17,13,17
instrumentos_musicais,16200,55,40,40
cama_mesa_banho,1400,38,9,27
cama_mesa_banho,6450,100,10,11
moveis_decoracao,2300,105,3,70
informatica_acessorios,300,25,8,18
esporte_lazer,600,50,10,12
beleza_saude,3600,20,20,20
beleza_saude,150,20,24,33
esporte_lazer,400,16,4,11
telefonia,100,18,6,11
moveis_decoracao,800,53,8,20
automotivo,5250,47,19,23
automotivo,200,35,4,26
relogios_presentes,335,17,11,12
cama_mesa_banho,1300,50,12,12
moveis_decoracao,150,35,2,25
informatica_acessorios,367,16,4,11
relogios_presentes,250,16,2,11
moveis_decoracao,8500,75,25,55
bebes,2150,42,25,15
esporte_lazer,150,16,5,11
cama_mesa_banho,650,27,10,22
eletroportateis,2700,20,26,32
utilidades_domesticas,1200,23,22,16
moveis_sala,6050,55,10,46
esporte_lazer,150,16,6,11
casa_construcao,1050,16,20,16
pet_shop,1350,23,7,30
utilidades_domesticas,600,36,6,19
moveis_decoracao,1000,30,18,18
cama_mesa_banho,1550,43,8,33
cama_mesa_banho,2700,45,13,35
telefonia,200,19,5,11
malas_acessorios,800,38,8,28
perfumaria,377,18,13,15
esporte_lazer,400,45,22,43
sinalizacao_e_seguranca,450,16,5,16
climatizacao,2000,32,51,16
fashion_bolsas_e_acessorios,300,16,2,11
moveis_decoracao,250,26,14,14
esporte_lazer,1950,60,15,15
telefonia,500,16,15,11
artes,7900,70,15,70
cama_mesa_banho,1800,41,9,34
ferramentas_jardim,900,37,3,23
fashion_bolsas_e_acessorios,200,16,2,11
bebes,4500,80,70,28
consoles_games,250,21,7,15
utilidades_domesticas,550,16,25,12
malas_acessorios,1100,39,12,28
cama_mesa_banho,3600,40,20,40
consoles_games,100,16,3,11
esporte_lazer,150,16,18,16
esporte_lazer,3775,18,13,16
cool_stuff,1400,25,20,20
consoles_games,900,22,7,18
relogios_presentes,250,20,12,20
brinquedos,350,21,9,16
bebes,1800,18,32,27
moveis_sala,5050,50,8,50
automotivo,27100,50,50,50
eletrodomesticos,1500,65,8,38
relogios_presentes,500,16,11,11
cama_mesa_banho,350,16,10,16
automotivo,500,16,12,17
esporte_lazer,1000,20,20,20
brinquedos,300,24,11,24
beleza_saude,250,16,2,20
beleza_saude,10700,40,40,40
utilidades_domesticas,1700,32,21,22
ferramentas_jardim,7700,39,28,25
esporte_lazer,5200,20,60,35
telefonia,125,17,10,14
moveis_escritorio,15700,58,28,58
relogios_presentes,350,16,11,11
esporte_lazer,213,16,10,13
fashion_bolsas_e_acessorios,150,16,11,11
automotivo,18200,56,15,15
utilidades_domesticas,850,18,21,15
fashion_bolsas_e_acessorios,200,16,9,11
utilidades_domesticas,300,16,15,11
informatica_acessorios,200,23,9,13
esporte_lazer,800,20,25,25
papelaria,200,24,7,14
esporte_lazer,698,46,10,14
telefonia,350,17,4,12
livros_interesse_geral,1000,24,5,17
informatica_acessorios,783,21,13,28
perfumaria,600,20,20,20
brinquedos,11650,55,30,30
construcao_ferramentas_ferramentas,400,16,2,11
brinquedos,3050,40,10,40
telefonia,100,16,3,11
ferramentas_jardim,16500,40,25,26
utilidades_domesticas,750,34,14,24
fashion_underwear_e_moda_praia,250,36,4,20
malas_acessorios,2300,84,14,20
eletronicos,1350,33,12,26
utilidades_domesticas,530,17,20,20
automotivo,1300,20,20,20
fashion_calcados,4000,57,14,36
esporte_lazer,8150,20,20,20
construcao_ferramentas_construcao,2200,16,2,11
beleza_saude,1150,20,25,20
relogios_presentes,200,16,2,11
moveis_decoracao,400,16,20,16
moveis_decoracao,600,29,12,23
cama_mesa_banho,1200,16,10,16
cool_stuff,10664,61,63,35
utilidades_domesticas,1800,50,12,36
esporte_lazer,500,16,2,11
papelaria,258,19,12,19
papelaria,1400,16,44,37
brinquedos,400,35,7,35
climatizacao,1300,30,10,30
cama_mesa_banho,1000,30,10,25
pet_shop,1300,30,10,18
brinquedos,3305,38,36,19
bebes,6000,75,15,50
informatica_acessorios,300,35,5,25
cama_mesa_banho,250,20,2,15
perfumaria,400,18,11,11
eletronicos,250,16,10,30
brinquedos,1250,29,19,22
fashion_roupa_masculina,950,40,6,40
pet_shop,2000,30,34,17
bebes,13575,71,81,44
beleza_saude,667,17,16,16
relogios_presentes,267,17,11,12
cama_mesa_banho,1750,45,20,40
beleza_saude,150,16,12,11
brinquedos,10550,65,7,45
utilidades_domesticas,1725,100,35,16
malas_acessorios,700,45,10,31
esporte_lazer,400,34,16,16
papelaria,300,30,10,20
casa_construcao,5850,60,25,25
relogios_presentes,267,17,11,13
cama_mesa_banho,1500,39,12,25
cool_stuff,400,24,16,14
esporte_lazer,1300,31,32,31
utilidades_domesticas,400,16,10,14
artes,150,25,2,19
beleza_saude,650,25,13,14
consoles_games,706,32,8,38
fashion_bolsas_e_acessorios,300,25,10,25
cama_mesa_banho,4850,75,5,50
automotivo,825,20,24,15
informatica_acessorios,600,46,3,15
esporte_lazer,700,23,9,11
moveis_decoracao,300,40,10,27
utilidades_domesticas,1270,17,14,17
construcao_ferramentas_ferramentas,450,20,2,11
eletrodomesticos,150,18,8,13
ferramentas_jardim,200,16,3,11
moveis_cozinha_area_de_servico_jantar_e_jardim,10893,33,88,44
utilidades_domesticas,1800,25,7,20
brinquedos,1220,20,33,22
beleza_saude,360,30,19,22
eletronicos,175,22,11,15
pet_shop,1900,50,13,70
esporte_lazer,250,20,20,20
bebes,6950,85,11,50
utilidades_domesticas,1100,55,5,40
bebes,300,17,7,24
moveis_escritorio,16500,58,28,58
malas_acessorios,300,16,23,19
eletronicos,1836,61,6,24
beleza_saude,175,18,22,16
brinquedos,675,22,24,21
esporte_lazer,200,26,5,20
industria_comercio_e_negocios,1200,30,20,30
informatica_acessorios,200,39,2,30
moveis_escritorio,16100,63,61,24
telefonia,117,19,4,12
telefonia_fixa,455,36,18,27
cama_mesa_banho,550,16,10,16
fashion_calcados,750,22,12,33
cool_stuff,586,18,11,13
construcao_ferramentas_iluminacao,540,16,27,16
esporte_lazer,3700,30,20,20
utilidades_domesticas,3150,30,17,30
cama_mesa_banho,2100,53,27,40
construcao_ferramentas_seguranca,314,20,19,18
cama_mesa_banho,550,23,15,23
automotivo,13825,70,35,49
cama_mesa_banho,850,40,6,50
bebes,250,21,4,13
brinquedos,400,20,20,20
perfumaria,400,16,20,15
consoles_games,200,16,2,16
automotivo,250,20,20,20
informatica_acessorios,1950,17,11,12
moveis_decoracao,300,35,10,25
relogios_presentes,1050,30,45,11
automotivo,400,16,7,11
instrumentos_musicais,1000,56,9,22
esporte_lazer,150,16,16,11
beleza_saude,700,16,16,16
consoles_games,450,17,7,17
beleza_saude,2000,30,12,16
construcao_ferramentas_construcao,21400,20,20,20
informatica_acessorios,188,20,16,15
moveis_decoracao,300,16,30,20
fashion_bolsas_e_acessorios,13600,26,60,40
moveis_decoracao,800,25,25,25
moveis_decoracao,1400,65,12,12
relogios_presentes,650,13,11,12
construcao_ferramentas_construcao,600,26,17,17
moveis_decoracao,3000,69,11,11
malas_acessorios,950,46,10,33
moveis_decoracao,17400,42,35,42
fashion_roupa_masculina,300,16,2,11
informatica_acessorios,700,20,20,20
pet_shop,625,21,16,17
ferramentas_jardim,3250,32,14,22
fashion_calcados,1500,22,12,33
cama_mesa_banho,250,32,3,23
ferramentas_jardim,425,31,6,12
climatizacao,150,20,8,13
moveis_decoracao,350,68,8,13
fashion_calcados,300,29,7,16
automotivo,550,16,21,18
automotivo,250,16,27,15
automotivo,1000,26,40,20
utilidades_domesticas,14850,35,102,35
bebes,850,42,25,15
consoles_games,1850,28,14,19
telefonia,200,19,4,11
beleza_saude,150,22,3,15
esporte_lazer,900,16,16,16
ferramentas_jardim,1900,44,19,19
cama_mesa_banho,1450,45,10,15
livros_tecnicos,1100,29,3,21
esporte_lazer,200,16,11,11
esporte_lazer,12600,20,10,20
beleza_saude,1450,25,25,16
cool_stuff,800,42,25,15
perfumaria,1300,22,14,14
eletronicos,200,20,20,20
ferramentas_jardim,11450,23,43,35
moveis_decoracao,2200,20,20,20
eletrodomesticos_2,13200,66,19,67
consoles_games,150,19,11,11
instrumentos_musicais,3350,30,30,30
cama_mesa_banho,2200,42,11,36
moveis_escritorio,30000,50,50,30
bebes,500,30,8,35
cama_mesa_banho,1800,45,10,34
artigos_de_festas,1300,70,11,11
fashion_bolsas_e_acessorios,150,16,9,11
malas_acessorios,700,19,48,35
malas_acessorios,2900,40,55,30
beleza_saude,300,16,18,16
papelaria,200,23,7,15
cama_mesa_banho,700,49,4,50
telefonia,200,17,13,16
climatizacao,7800,105,10,40
papelaria,550,16,4,11
cama_mesa_banho,1000,30,7,24
papelaria,1000,26,8,33
construcao_ferramentas_iluminacao,1450,60,5,30
moveis_escritorio,5850,45,55,16
bebes,8300,45,25,45
esporte_lazer,1800,28,12,18
esporte_lazer,900,26,6,13
esporte_lazer,415,19,19,19
telefonia,103,21,6,14
automotivo,500,20,8,14
papelaria,600,16,6,11
informatica_acessorios,4750,18,22,30
relogios_presentes,263,18,15,16
bebes,50,16,2,11
perfumaria,200,16,22,11
cama_mesa_banho,360,36,6,26
cool_stuff,150,16,7,12
esporte_lazer,1100,32,5,30
fashion_bolsas_e_acessorios,2250,22,15,20
automotivo,1475,68,9,35
esporte_lazer,1600,100,7,11
beleza_saude,1650,25,30,20
brinquedos,650,35,10,15
utilidades_domesticas,900,21,34,34
telefonia,75,19,3,11
ferramentas_jardim,600,19,7,14
moveis_decoracao,400,35,6,15
utilidades_domesticas,553,18,9,15
livros_interesse_geral,900,18,25,16
utilidades_domesticas,250,25,25,25
moveis_escritorio,14900,58,28,58
moveis_decoracao,2050,30,22,18
ferramentas_jardim,1400,20,20,30
informatica_acessorios,200,20,20,20
informatica_acessorios,617,17,14,17
utilidades_domesticas,2600,16,41,41
bebidas,200,20,9,14
cama_mesa_banho,2000,49,16,39
beleza_saude,266,20,8,18
bebes,300,68,7,13
pet_shop,300,16,16,16
relogios_presentes,200,16,2,20
eletroportateis,1300,20,16,20
esporte_lazer,482,18,11,16
beleza_saude,270,16,16,15
telefonia,300,17,4,12
market_place,2150,40,25,30
automotivo,3300,35,20,20
perfumaria,200,16,16,16
esporte_lazer,200,21,9,13
perfumaria,514,18,12,15
casa_construcao,3100,38,28,28
utilidades_domesticas,1200,27,18,23
esporte_lazer,250,16,10,16
brinquedos,7400,45,29,53
la_cuisine,7600,55,15,55
esporte_lazer,875,40,26,20
moveis_decoracao,700,35,7,27
moveis_escritorio,900,17,10,15
esporte_lazer,700,49,12,27
cool_stuff,1150,28,10,25
cool_stuff,900,25,10,25
livros_tecnicos,2050,29,5,21
beleza_saude,2150,28,32,11
beleza_saude,490,30,5,25
brinquedos,1000,30,13,30
informatica_acessorios,200,16,4,14
utilidades_domesticas,500,19,13,20
perfumaria,1000,20,14,13
automotivo,4200,78,4,47
perfumaria,350,16,11,11
telefonia,125,19,3,11
utilidades_domesticas,4100,51,31,31
consoles_games,300,23,3,11
utilidades_domesticas,8400,50,28,31
utilidades_domesticas,1550,46,10,35
utilidades_domesticas,600,17,17,18
fashion_bolsas_e_acessorios,200,16,2,20
automotivo,500,16,21,18
construcao_ferramentas_ferramentas,1250,22,17,20
informatica_acessorios,667,27,19,20
cama_mesa_banho,300,40,4,30
perfumaria,400,18,18,12
esporte_lazer,450,25,25,25
automotivo,2800,16,2,11
moveis_decoracao,250,20,6,11
moveis_decoracao,250,35,5,25
pet_shop,300,24,12,12
moveis_decoracao,1000,35,25,25
moveis_decoracao,6267,36,40,36
esporte_lazer,2653,53,15,36
automotivo,8500,18,29,13
esporte_lazer,2120,26,25,25
eletroportateis,750,30,30,30
beleza_saude,200,16,16,12
cama_mesa_banho,1650,35,20,30
informatica_acessorios,900,26,13,21
utilidades_domesticas,150,32,5,16
utilidades_domesticas,800,31,5,21
cool_stuff,700,20,20,20
bebidas,700,20,20,20
bebes,10400,100,23,27
instrumentos_musicais,5850,40,9,105
cama_mesa_banho,75,17,12,17
papelaria,1000,27,10,20
automotivo,1475,32,28,28
fashion_bolsas_e_acessorios,750,36,18,36
papelaria,3600,36,8,15
moveis_decoracao,2200,28,28,38
eletrodomesticos,150,20,13,15
casa_construcao,1750,30,20,30
esporte_lazer,1300,44,8,30
moveis_sala,7750,33,25,33
utilidades_domesticas,3100,32,26,21
malas_acessorios,1600,55,37,30
relogios_presentes,350,19,13,13
beleza_saude,888,18,17,18
informatica_acessorios,150,16,4,14
utilidades_domesticas,1025,25,23,25
utilidades_domesticas,250,20,9,12
cama_mesa_banho,450,45,15,35
beleza_saude,1000,16,12,13
utilidades_domesticas,400,16,9,12
telefonia,150,21,7,14
informatica_acessorios,400,16,4,16
construcao_ferramentas_jardim,9500,56,30,28
cool_stuff,300,34,5,27
perfumaria,150,22,7,16
cama_mesa_banho,550,30,5,25
automotivo,1100,37,12,30
beleza_saude,300,19,12,13
beleza_saude,850,18,10,14
relogios_presentes,500,17,22,17
esporte_lazer,750,26,23,23
beleza_saude,150,28,13,12
utilidades_domesticas,30000,76,51,51
sinalizacao_e_seguranca,325,17,17,17
telefonia,200,19,3,12
esporte_lazer,200,20,15,15
fashion_roupa_masculina,800,20,7,20
beleza_saude,700,20,16,17
automotivo,1800,22,10,18
relogios_presentes,300,19,13,13
livros_tecnicos,450,29,2,17
informatica_acessorios,400,16,21,15
cool_stuff,1635,23,30,17
moveis_decoracao,750,20,35,20
beleza_saude,500,24,20,24
consoles_games,350,20,20,20
brinquedos,200,18,13,16
cama_mesa_banho,950,26,15,19
brinquedos,300,16,17,11
beleza_saude,452,20,11,18
brinquedos,17650,45,50,45
cama_mesa_banho,1100,35,9,35
utilidades_domesticas,5250,35,15,35
brinquedos,200,16,10,11
relogios_presentes,340,47,13,13
beleza_saude,750,16,16,16
cama_mesa_banho,2650,33,10,33
utilidades_domesticas,13600,16,65,60
construcao_ferramentas_construcao,1250,30,10,20
cama_mesa_banho,3950,33,14,33
informatica_acessorios,400,38,2,29
malas_acessorios,1100,35,14,29
beleza_saude,200,16,16,16
eletrodomesticos,425,39,17,39
utilidades_domesticas,22050,55,40,60
informatica_acessorios,150,35,8,11
utilidades_domesticas,800,20,8,20
moveis_decoracao,800,40,8,35
perfumaria,650,16,10,11
fashion_roupa_feminina,500,16,2,11
cool_stuff,198,17,9,15
utilidades_domesticas,500,22,16,16
utilidades_domesticas,950,27,30,27
automotivo,3750,42,19,25
esporte_lazer,250,16,6,20
fashion_bolsas_e_acessorios,100,17,3,12
papelaria,800,22,7,15
industria_comercio_e_negocios,7225,16,103,25
cool_stuff,50,40,30,50
beleza_saude,425,20,9,18
cama_mesa_banho,950,50,5,50
brinquedos,550,32,11,20
eletrodomesticos_2,14350,41,55,31
beleza_saude,328,20,14,18
cama_mesa_banho,1950,58,15,46
beleza_saude,700,16,40,11
eletrodomesticos,1250,22,11,20
construcao_ferramentas_construcao,400,20,5,20
esporte_lazer,2320,63,33,17
ferramentas_jardim,2700,16,30,25
perfumaria,455,21,15,17
fashion_bolsas_e_acessorios,150,16,6,20
cama_mesa_banho,2200,45,25,35
cama_mesa_banho,1400,37,23,35
casa_conforto,450,45,15,35
cama_mesa_banho,835,40,9,33
cool_stuff,1250,36,16,24
informatica_acessorios,550,26,17,17
cama_mesa_banho,3850,20,30,30
cool_stuff,7000,22,52,27
cama_mesa_banho,1250,19,17,22
relogios_presentes,850,48,16,25
ferramentas_jardim,900,30,10,20
fashion_underwear_e_moda_praia,400,16,5,11
relogios_presentes,400,20,11,19
esporte_lazer,1100,24,16,15
ferramentas_jardim,850,24,13,18
relogios_presentes,400,18,11,15
audio,675,22,9,16
beleza_saude,175,19,12,13
alimentos_bebidas,1350,18,17,16
informatica_acessorios,588,20,17,15
utilidades_domesticas,450,20,10,20
automotivo,1500,68,9,33
esporte_lazer,1550,35,30,40
beleza_saude,683,31,16,16
moveis_decoracao,2500,35,9,25
bebes,500,30,6,23
esporte_lazer,300,20,34,44
beleza_saude,350,16,16,15
cool_stuff,250,16,12,11
moveis_decoracao,2900,40,10,35
informatica_acessorios,200,16,2,11
telefonia,383,16,12,13
consoles_games,200,16,16,16
informatica_acessorios,1300,30,16,16
bebidas,4300,16,15,11
beleza_saude,150,16,7,12
moveis_decoracao,400,17,8,17
cama_mesa_banho,1400,25,10,25
automotivo,450,20,15,15
esporte_lazer,154,17,10,13
utilidades_domesticas,470,21,23,21
eletroportateis,650,16,10,16
informatica_acessorios,100,18,11,14
cama_mesa_banho,1600,40,20,20
moveis_decoracao,400,16,30,20
cama_mesa_banho,2350,33,7,37
utilidades_domesticas,975,31,12,21
moveis_decoracao,1800,30,6,20
cama_mesa_banho,1150,32,5,30
beleza_saude,1300,42,12,20
moveis_decoracao,1800,45,14,35
ferramentas_jardim,509,17,13,13
automotivo,100,16,15,16
esporte_lazer,8809,52,52,17
construcao_ferramentas_construcao,14900,48,30,48
moveis_decoracao,1050,100,7,15
cama_mesa_banho,950,29,10,25
cool_stuff,500,19,17,25
telefonia,100,18,6,14
cool_stuff,12400,35,35,50
papelaria,700,45,10,31
relogios_presentes,253,18,11,13
beleza_saude,1413,40,16,31
moveis_cozinha_area_de_servico_jantar_e_jardim,1150,27,15,16
bebes,18667,88,28,67
construcao_ferramentas_jardim,65,17,12,17
pet_shop,700,36,12,30
ferramentas_jardim,1075,34,31,34
pet_shop,4050,30,53,30
artigos_de_festas,200,16,6,11
cama_mesa_banho,1200,16,22,11
pet_shop,500,25,15,20
construcao_ferramentas_construcao,8817,43,24,47
musica,100,24,11,16
cool_stuff,2050,42,25,15
moveis_escritorio,13600,58,28,58
telefonia,250,17,4,12
eletronicos,24050,80,30,60
beleza_saude,300,27,11,15
relogios_presentes,667,20,17,18
construcao_ferramentas_construcao,7100,29,8,29
brinquedos,600,23,25,20
beleza_saude,1450,38,31,24
utilidades_domesticas,6250,53,23,28
telefonia_fixa,400,20,30,11
relogios_presentes,283,18,12,13
perfumaria,850,16,14,11
cama_mesa_banho,1200,40,10,37
automotivo,350,44,17,30
automotivo,200,16,15,15
telefonia,150,16,4,11
informatica_acessorios,250,42,2,30
malas_acessorios,2240,76,10,14
livros_tecnicos,213,21,2,14
brinquedos,1150,30,30,30
cama_mesa_banho,8850,16,10,16
utilidades_domesticas,10900,71,25,45
brinquedos,300,37,20,20
moveis_decoracao,600,17,17,17
fashion_bolsas_e_acessorios,415,23,19,18
brinquedos,400,30,10,20
cama_mesa_banho,8150,50,20,40
moveis_decoracao,5250,66,15,33
consoles_games,700,20,15,20
informatica_acessorios,650,34,15,15
informatica_acessorios,200,41,2,29
cool_stuff,1000,35,28,16
papelaria,1500,60,20,29
telefonia,253,20,10,18
papelaria,800,29,10,25
automotivo,7350,24,69,53
moveis_cozinha_area_de_servico_jantar_e_jardim,4400,27,27,37
brinquedos,1200,30,16,20
beleza_saude,1600,20,20,20
informatica_acessorios,250,16,15,15
telefonia,150,19,3,11
market_place,775,35,9,15
brinquedos,300,20,7,20
beleza_saude,150,20,10,20
moveis_decoracao,4000,52,6,52
esporte_lazer,500,20,6,15
esporte_lazer,100,16,6,11
automotivo,200,24,2,17
moveis_decoracao,800,68,8,13
esporte_lazer,300,20,10,15
esporte_lazer,2000,28,8,15
telefonia,300,16,7,11
livros_tecnicos,1900,30,6,30
musica,783,16,8,15
informatica_acessorios,775,21,18,26
utilidades_domesticas,1400,25,35,35
utilidades_domesticas,600,28,18,17
fashion_underwear_e_moda_praia,200,30,30,30
utilidades_domesticas,1000,29,19,21
utilidades_domesticas,1100,25,22,21
fashion_calcados,100,29,7,16
instrumentos_musicais,400,19,11,19
utilidades_domesticas,250,20,5,16
agro_industria_e_comercio,1050,38,41,39
fashion_bolsas_e_acessorios,300,30,26,22
brinquedos,2450,23,7,23
papelaria,400,25,10,17
moveis_decoracao,2200,34,8,22
perfumaria,500,20,12,15
cama_mesa_banho,1700,34,10,34
beleza_saude,325,25,10,13
esporte_lazer,150,18,7,14
perfumaria,200,22,3,11
construcao_ferramentas_construcao,6250,55,14,44
fashion_roupa_masculina,950,40,6,35
automotivo,200,32,8,26
cama_mesa_banho,6200,35,15,25
cool_stuff,1650,33,44,19
alimentos,3350,20,21,20
perfumaria,150,16,16,15
pet_shop,2900,83,82,12
artigos_de_festas,1550,23,17,18
automotivo,5750,30,19,31
automotivo,200,18,9,13
automotivo,350,25,10,20
malas_acessorios,700,16,30,20
beleza_saude,233,18,16,14
esporte_lazer,100,25,20,20
malas_acessorios,10700,40,100,16
bebes,750,50,5,40
automotivo,250,18,19,15
esporte_lazer,461,18,10,14
automotivo,4000,65,25,25
cama_mesa_banho,1250,16,10,16
beleza_saude,543,30,12,16
alimentos_bebidas,1000,28,13,13
automotivo,9050,56,11,32
cama_mesa_banho,1550,32,8,29
esporte_lazer,300,20,20,20
beleza_saude,500,30,14,16
utilidades_domesticas,9900,61,31,31
brinquedos,875,65,23,20
cama_mesa_banho,1100,40,10,30
instrumentos_musicais,200,16,12,20
telefonia,50,18,6,11
eletronicos,750,21,10,14
consoles_games,530,18,24,18
moveis_decoracao,400,40,15,40
beleza_saude,250,16,11,14
esporte_lazer,2000,20,40,30
cama_mesa_banho,2400,41,11,36
livros_tecnicos,500,23,2,16
telefonia_fixa,99,22,3,16
esporte_lazer,1150,16,12,12
cool_stuff,175,30,20,25
beleza_saude,217,17,13,15
fashion_bolsas_e_acessorios,100,16,5,16
perfumaria,700,20,20,20
informatica_acessorios,900,30,14,11
moveis_decoracao,200,27,10,12
automotivo,2800,95,7,33
utilidades_domesticas,1150,19,22,19
esporte_lazer,300,30,20,40
utilidades_domesticas,200,30,40,30
moveis_decoracao,2550,105,3,70
telefonia,200,18,3,16
cama_mesa_banho,10900,45,15,35
beleza_saude,300,17,14,14
brinquedos,450,20,31,30
relogios_presentes,584,16,11,13
cama_mesa_banho,2700,20,30,30
cama_mesa_banho,4200,34,10,38
brinquedos,300,20,20,20
cama_mesa_banho,1400,30,20,26
telefonia,600,23,18,20
cool_stuff,2250,34,52,30
artigos_de_festas,4500,102,12,12
pet_shop,500,20,20,20
esporte_lazer,900,23,18,18
relogios_presentes,450,16,11,12
casa_conforto,700,18,12,18
pet_shop,200,27,9,26
brinquedos,600,20,20,20
relogios_presentes,600,19,10,15
esporte_lazer,750,30,11,20
automotivo,100,16,5,16
consoles_games,110,17,2,14
beleza_saude,125,24,12,20
informatica_acessorios,133,16,12,15
esporte_lazer,750,23,28,38
automotivo,6700,70,25,22
moveis_cozinha_area_de_servico_jantar_e_jardim,16900,40,30,40
telefonia,100,17,4,12
utilidades_domesticas,150,26,16,16
cama_mesa_banho,550,23,37,35
moveis_decoracao,7000,25,25,25
esporte_lazer,1100,32,9,21
brinquedos,3850,35,26,41
automotivo,800,21,8,14
pet_shop,1500,50,30,33
perfumaria,450,16,16,22
esporte_lazer,2350,92,4,24
beleza_saude,700,28,10,11
automotivo,500,16,16,12
cama_mesa_banho,2100,40,6,29
automotivo,4700,47,19,23
esporte_lazer,200,20,20,20
cama_mesa_banho,900,16,10,16
perfumaria,400,18,18,18
informatica_acessorios,7000,57,11,52
esporte_lazer,400,22,5,20
pet_shop,1150,40,20,30
eletronicos,100,16,8,16
casa_construcao,10100,30,61,30
telefonia,250,16,8,11
automotivo,4500,59,10,59
esporte_lazer,1550,16,10,16
esporte_lazer,1000,20,20,14
cama_mesa_banho,3000,55,25,35
informatica_acessorios,150,16,5,15
utilidades_domesticas,2150,21,4,71
esporte_lazer,550,27,25,25
bebes,17600,65,36,45
utilidades_domesticas,250,16,23,14
beleza_saude,350,22,3,15
construcao_ferramentas_construcao,2700,16,11,11
malas_acessorios,17150,36,48,56
tablets_impressao_imagem,300,26,3,26
beleza_saude,250,17,12,12
bebes,300,16,8,11
utilidades_domesticas,650,20,11,15
automotivo,1700,34,18,16
cama_mesa_banho,6400,30,30,30
eletronicos,200,21,7,14
cama_mesa_banho,1350,50,11,11
brinquedos,263,19,14,16
livros_interesse_geral,1000,33,6,22
esporte_lazer,4350,20,20,20
moveis_decoracao,303,14,14,28
telefonia,200,22,16,16
alimentos_bebidas,2950,17,22,17
informatica_acessorios,100,16,8,11
cool_stuff,130,100,25,35
moveis_decoracao,250,20,20,20
moveis_decoracao,3300,19,7,16
eletrodomesticos,5500,29,37,25
construcao_ferramentas_construcao,4200,30,20,20
beleza_saude,217,17,10,14
moveis_sala,5600,20,5,60
beleza_saude,150,16,13,11
informatica_acessorios,239,27,8,16
livros_importados,1300,29,9,18
utilidades_domesticas,800,39,6,28
construcao_ferramentas_construcao,150,24,13,13
beleza_saude,580,39,11,15
automotivo,1600,25,9,17
informatica_acessorios,1000,20,20,20
construcao_ferramentas_jardim,1450,16,16,12
moveis_decoracao,600,30,4,20
automotivo,1200,19,6,14
alimentos,1376,23,15,21
informatica_acessorios,220,22,13,12
brinquedos,6084,68,14,68
relogios_presentes,400,16,11,20
beleza_saude,300,17,12,11
brinquedos,250,16,15,15
utilidades_domesticas,600,20,7,20
consoles_games,317,20,7,16
malas_acessorios,2000,35,27,12
construcao_ferramentas_jardim,5650,40,16,50
automotivo,575,20,10,15
eletrodomesticos_2,18450,68,21,42
malas_acessorios,1000,35,10,34
moveis_decoracao,450,35,35,11
automotivo,75,16,15,15
perfumaria,200,20,5,13
beleza_saude,625,16,14,15
pet_shop,1500,40,45,30
malas_acessorios,650,20,40,50
perfumaria,600,20,20,30
informatica_acessorios,225,17,17,17
eletroportateis,550,20,13,21
brinquedos,7175,50,22,40
relogios_presentes,300,16,2,20
brinquedos,350,19,22,17
moveis_decoracao,650,19,20,15
informatica_acessorios,424,25,10,19
pet_shop,102,20,6,13
casa_conforto,200,30,15,15
beleza_saude,650,16,40,11
papelaria,400,21,7,15
relogios_presentes,200,16,11,11
moveis_decoracao,400,16,28,16
bebes,2300,36,30,19
esporte_lazer,400,20,17,17
utilidades_domesticas,300,35,4,15
beleza_saude,150,32,20,20
esporte_lazer,600,35,15,30
climatizacao,10050,51,49,24
brinquedos,420,28,12,22
cama_mesa_banho,1200,35,3,30
livros_tecnicos,500,25,4,18
brinquedos,2250,55,12,35
moveis_decoracao,2300,40,10,30
cama_mesa_banho,1500,20,30,30
esporte_lazer,250,22,10,15
automotivo,700,40,15,40
moveis_decoracao,300,20,30,20
telefonia,175,17,3,12
cama_mesa_banho,3975,46,12,43
cool_stuff,18600,38,74,38
pet_shop,300,16,4,11
telefonia_fixa,100,16,16,16
beleza_saude,2550,20,40,25
utilidades_domesticas,15050,60,25,60
cool_stuff,1800,42,25,15
brinquedos,325,17,18,12
utilidades_domesticas,9500,42,54,25
ferramentas_jardim,4000,30,21,24
ferramentas_jardim,700,30,10,20
telefonia,150,20,5,12
esporte_lazer,200,18,8,14
eletrodomesticos,150,27,13,17
beleza_saude,100,16,8,11
eletronicos,595,8,6,6
beleza_saude,600,26,6,18
construcao_ferramentas_iluminacao,2350,30,30,30
ferramentas_jardim,200,25,5,12
esporte_lazer,500,16,15,20
pet_shop,9000,33,30,44
moveis_decoracao,500,80,10,60
beleza_saude,100,16,2,11
beleza_saude,400,18,18,18
ferramentas_jardim,16900,38,70,38
consoles_games,150,29,2,16
portateis_casa_forno_e_cafe,225,18,18,16
moveis_decoracao,18200,40,60,40
brinquedos,790,28,24,31
bebes,21467,76,57,51
relogios_presentes,300,16,11,11
beleza_saude,975,19,12,15
telefonia,304,19,11,16
bebes,8200,40,35,35
pet_shop,700,16,35,25
brinquedos,1400,60,30,16
automotivo,18000,50,20,20
fashion_bolsas_e_acessorios,350,43,16,27
moveis_decoracao,1200,65,12,12
cool_stuff,1200,42,25,15
cama_mesa_banho,7683,38,45,52
eletronicos,100,22,4,11
moveis_decoracao,600,65,11,11
climatizacao,4550,40,21,32
cama_mesa_banho,1588,48,12,44
pet_shop,1400,20,16,22
automotivo,1100,23,7,38
moveis_decoracao,800,32,6,28
esporte_lazer,867,26,15,18
informatica_acessorios,225,17,5,20
perfumaria,75,11,11,8
esporte_lazer,3350,66,6,43
market_place,1800,20,40,21
utilidades_domesticas,100,16,7,20
utilidades_domesticas,300,25,6,15
papelaria,300,16,5,17
utilidades_domesticas,950,21,27,21
perfumaria,100,20,20,20
cama_mesa_banho,1800,30,23,11
moveis_decoracao,700,35,4,30
automotivo,1125,60,8,33
utilidades_domesticas,1200,36,12,23
eletronicos,230,16,14,15
alimentos_bebidas,300,20,20,20
brinquedos,200,20,25,25
utilidades_domesticas,400,17,11,11
agro_industria_e_comercio,250,17,3,10
ferramentas_jardim,5903,38,31,33
eletronicos,417,17,9,15
automotivo,6800,45,20,45
cama_mesa_banho,1900,16,2,11
cool_stuff,900,43,21,26
esporte_lazer,400,38,26,26
instrumentos_musicais,350,17,7,11
moveis_decoracao,800,24,11,17
brinquedos,200,17,7,12
bebes,550,20,13,13
brinquedos,2050,47,13,24
moveis_decoracao,1650,45,15,35
esporte_lazer,4400,20,20,20
informatica_acessorios,850,16,20,15
bebes,450,35,2,25
alimentos_bebidas,1850,20,20,20
cama_mesa_banho,2555,55,17,48
beleza_saude,300,20,10,15
moveis_decoracao,600,30,10,20
perfumaria,100,16,3,15
relogios_presentes,317,18,13,14
esporte_lazer,100,20,8,16
moveis_decoracao,2000,28,18,38
automotivo,1050,20,16,16
moveis_decoracao,1200,35,9,25
eletronicos,150,16,16,16
moveis_decoracao,200,55,6,55
relogios_presentes,150,16,2,11
livros_tecnicos,500,25,3,18
papelaria,8350,38,30,28
moveis_decoracao,300,16,6,11
malas_acessorios,325,24,19,20
informatica_acessorios,250,41,2,29
telefonia,100,18,12,16
eletrodomesticos_2,7300,82,10,54
esporte_lazer,3000,67,13,17
telefonia,233,16,13,13
utilidades_domesticas,900,39,4,27
informatica_acessorios,900,36,9,11
relogios_presentes,600,23,19,15
utilidades_domesticas,800,16,11,18
beleza_saude,350,20,20,20
bebes,200,16,9,11
fashion_underwear_e_moda_praia,300,30,16,11
informatica_acessorios,1000,20,25,20
beleza_saude,2100,24,26,24
papelaria,800,35,10,55
moveis_decoracao,14300,49,42,42
esporte_lazer,400,30,5,20
automotivo,3100,70,8,70
automotivo,100,18,13,13
esporte_lazer,200,20,18,18
utilidades_domesticas,20300,44,93,30
bebes,6600,45,25,35
cama_mesa_banho,11550,50,20,50
construcao_ferramentas_construcao,750,16,11,11
utilidades_domesticas,475,24,19,24
brinquedos,900,45,15,35
moveis_decoracao,5500,32,32,32
esporte_lazer,850,36,23,18
moveis_escritorio,650,20,12,15
moveis_sala,6750,54,18,53
moveis_decoracao,975,35,25,21
cama_mesa_banho,250,28,4,18
beleza_saude,4050,25,22,21
esporte_lazer,717,18,15,18
construcao_ferramentas_jardim,155,18,7,14
alimentos_bebidas,475,20,16,13
moveis_decoracao,600,60,7,14
perfumaria,150,16,12,11
automotivo,650,16,21,18
esporte_lazer,400,21,26,21
esporte_lazer,200,26,5,13
informatica_acessorios,1050,29,16,18
papelaria,1150,21,15,15
pet_shop,950,50,20,20
cama_mesa_banho,2300,40,10,40
brinquedos,405,21,7,16
cama_mesa_banho,1900,47,7,35
utilidades_domesticas,217,18,5,14
papelaria,300,27,5,23
casa_construcao,225,23,18,18
cama_mesa_banho,150,26,6,19
utilidades_domesticas,400,20,7,11
informatica_acessorios,125,18,3,11
beleza_saude,200,16,5,11
cama_mesa_banho,600,31,4,17
esporte_lazer,2433,30,24,24
livros_interesse_geral,1833,17,17,18
brinquedos,150,16,21,11
utilidades_domesticas,100,30,8,12
moveis_decoracao,1000,40,8,40
fashion_bolsas_e_acessorios,100,16,16,16
brinquedos,1950,30,35,35
utilidades_domesticas,267,24,15,12
cama_mesa_banho,800,43,23,23
fashion_bolsas_e_acessorios,200,16,8,11
telefonia,100,20,20,20
automotivo,800,16,16,11
fashion_roupa_masculina,750,40,6,35
brinquedos,1700,30,35,25
telefonia,300,21,11,14
esporte_lazer,1050,40,20,30
pet_shop,533,24,15,16
relogios_presentes,600,16,27,17
relogios_presentes,500,23,15,19
moveis_decoracao,1350,30,30,30
cama_mesa_banho,949,30,20,26
cama_mesa_banho,350,70,8,45
automotivo,1800,34,40,19
beleza_saude,283,17,11,16
esporte_lazer,433,16,16,16
eletrodomesticos,100,18,8,13
automotivo,3375,47,22,11
beleza_saude,450,16,2,11
esporte_lazer,450,30,10,30
cool_stuff,800,26,15,20
telefonia,300,17,4,11
esporte_lazer,3350,50,39,12
fashion_bolsas_e_acessorios,500,20,10,20
utilidades_domesticas,500,23,2,23
moveis_decoracao,2450,105,3,70
perfumaria,520,24,13,17
cama_mesa_banho,1300,41,7,41
ferramentas_jardim,5050,21,35,21
telefonia,75,19,5,11
relogios_presentes,450,22,14,17
telefonia,325,40,10,11
moveis_decoracao,200,16,5,20
moveis_decoracao,30000,61,70,65
telefonia,150,27,5,20
cama_mesa_banho,250,16,10,16
fashion_underwear_e_moda_praia,100,26,5,18
construcao_ferramentas_construcao,450,16,14,11
moveis_decoracao,1000,16,19,29
utilidades_domesticas,1350,44,11,25
fashion_esporte,200,16,12,12
cool_stuff,200,17,4,13
market_place,600,29,12,23
instrumentos_musicais,700,38,4,30
beleza_saude,4000,30,35,30
eletroportateis,4683,45,29,22
cool_stuff,1450,42,25,15
beleza_saude,300,16,9,15
cama_mesa_banho,600,45,15,35
eletronicos,16850,22,22,18
automotivo,975,22,6,13
bebidas,1550,16,36,16
eletroportateis,2500,25,23,32
esporte_lazer,2350,60,15,43
cama_mesa_banho,550,60,10,40
automotivo,2275,33,7,26
relogios_presentes,215,19,13,19
brinquedos,19450,45,50,45
perfumaria,500,16,16,16
brinquedos,350,45,15,35
perfumaria,368,22,15,18
bebes,750,40,11,35
cama_mesa_banho,250,40,4,30
fashion_calcados,700,16,8,18
consoles_games,200,24,3,19
perfumaria,200,16,3,12
cama_mesa_banho,690,25,11,22
informatica_acessorios,700,30,12,12
artigos_de_festas,350,16,11,11
beleza_saude,700,16,16,15
cama_mesa_banho,1050,35,3,30
beleza_saude,1350,42,12,11
papelaria,80,17,9,14
fashion_bolsas_e_acessorios,1000,20,20,20
moveis_decoracao,3800,42,16,26
esporte_lazer,500,16,30,16
relogios_presentes,1000,17,10,16
bebes,10000,50,34,50
eletroportateis,200,20,10,15
malas_acessorios,850,30,15,15
cama_mesa_banho,700,16,10,16
telefonia,225,18,5,16
esporte_lazer,3800,31,31,31
informatica_acessorios,1000,22,22,22
moveis_decoracao,680,33,4,33
informatica_acessorios,183,23,14,14
papelaria,8800,32,5,40
cool_stuff,1625,44,24,32
beleza_saude,400,20,9,15
utilidades_domesticas,525,18,19,16
esporte_lazer,800,25,25,25
automotivo,2200,22,4,22
beleza_saude,200,16,6,11
construcao_ferramentas_jardim,200,16,16,12
brinquedos,950,35,6,25
construcao_ferramentas_jardim,1300,60,13,23
informatica_acessorios,850,35,15,15
eletrodomesticos,16350,25,25,25
papelaria,6150,25,55,45
informatica_acessorios,200,20,10,15
instrumentos_musicais,9100,55,25,35
telefonia,300,16,5,12
perfumaria,210,17,11,14
informatica_acessorios,214,18,14,13
cool_stuff,10600,57,34,37
casa_construcao,300,27,8,21
moveis_decoracao,900,30,4,20
utilidades_domesticas,500,16,30,40
utilidades_domesticas,3350,22,17,23
cama_mesa_banho,500,20,10,20
moveis_decoracao,150,25,5,20
moveis_decoracao,700,20,20,20
consoles_games,200,21,5,14
relogios_presentes,300,16,2,11
sinalizacao_e_seguranca,233,22,17,15
esporte_lazer,400,23,20,15
bebidas,1400,25,25,25
moveis_escritorio,20500,58,28,58
moveis_decoracao,1550,69,11,11
esporte_lazer,2850,16,15,15
cama_mesa_banho,300,20,10,20
beleza_saude,2100,30,17,17
papelaria,550,25,7,20
telefonia_fixa,725,22,12,17
bebes,500,23,33,11
automotivo,200,16,16,12
artigos_de_natal,4200,40,35,40
esporte_lazer,1600,26,26,26
automotivo,450,16,9,15
esporte_lazer,650,38,10,28
cool_stuff,275,16,16,13
cama_mesa_banho,2200,35,20,30
brinquedos,367,29,21,21
beleza_saude,850,31,14,20
papelaria,150,16,6,11
cama_mesa_banho,4150,51,11,51
moveis_decoracao,2550,30,35,30
automotivo,250,18,11,14
moveis_decoracao,1700,69,20,53
cama_mesa_banho,2150,45,13,35
esporte_lazer,300,40,10,15
esporte_lazer,150,25,5,20
utilidades_domesticas,6500,63,14,44
consoles_games,700,25,25,16
audio,200,18,6,16
papelaria,10100,28,55,37
utilidades_domesticas,450,16,30,11
eletroportateis,1000,28,20,28
brinquedos,125,22,7,14
beleza_saude,2000,22,12,16
informatica_acessorios,1583,18,15,12
bebes,500,23,23,23
informatica_acessorios,900,30,15,15
automotivo,100,16,20,11
utilidades_domesticas,3150,34,18,19
eletroportateis,17325,35,40,40
beleza_saude,375,29,4,16
beleza_saude,1100,20,14,16
automotivo,4450,56,11,32
bebes,133,21,8,14
brinquedos,50,20,8,17
malas_acessorios,100,30,8,25
bebidas,2775,16,38,11
fashion_calcados,500,29,12,23
moveis_decoracao,400,69,11,11
eletrodomesticos,1850,20,8,13
moveis_decoracao,1250,45,8,35
papelaria,250,19,3,14
bebes,600,20,13,13
informatica_acessorios,950,26,16,16
utilidades_domesticas,8450,19,48,27
esporte_lazer,850,16,16,16
papelaria,300,16,5,11
eletrodomesticos,10750,50,50,50
esporte_lazer,250,25,25,25
livros_interesse_geral,550,25,5,18
utilidades_domesticas,400,23,6,15
beleza_saude,550,17,9,13
fashion_calcados,500,29,7,16
relogios_presentes,500,18,11,14
utilidades_domesticas,4513,47,32,25
esporte_lazer,768,15,13,13
relogios_presentes,530,18,9,13
telefonia,375,18,10,16
informatica_acessorios,500,16,16,16
telefonia,150,18,6,13
papelaria,1300,25,5,20
cool_stuff,7100,36,47,32
cool_stuff,20600,53,45,53
beleza_saude,300,21,6,14
cool_stuff,13900,34,93,34
utilidades_domesticas,1100,30,25,30
cama_mesa_banho,2650,46,8,38
esporte_lazer,1200,25,30,25
beleza_saude,4800,27,22,39
esporte_lazer,932,23,24,21
moveis_decoracao,1050,32,12,32
esporte_lazer,920,25,24,22
pet_shop,500,25,20,20
cool_stuff,600,42,25,15
informatica_acessorios,150,16,8,11
bebes,700,20,8,14
cama_mesa_banho,1100,50,16,16
utilidades_domesticas,400,30,30,30
pet_shop,300,20,10,15
automotivo,1350,25,10,20
pet_shop,150,30,20,20
automotivo,2400,30,28,30
livros_tecnicos,450,33,6,22
consoles_games,600,18,12,18
esporte_lazer,269,22,16,19
esporte_lazer,700,20,12,20
pet_shop,150,26,6,19
cama_mesa_banho,14750,58,28,48
ferramentas_jardim,550,27,8,20
pet_shop,14725,54,25,37
moveis_decoracao,550,52,11,11
brinquedos,1232,38,18,25
automotivo,2413,69,39,57
cama_mesa_banho,2000,38,14,25
esporte_lazer,600,16,6,16
moveis_decoracao,500,65,11,11
esporte_lazer,400,33,20,20
esporte_lazer,150,20,10,20
utilidades_domesticas,1550,32,40,23
telefonia,175,16,5,11
construcao_ferramentas_construcao,2900,23,8,23
brinquedos,900,30,4,20
cama_mesa_banho,1050,22,16,18
moveis_decoracao,750,69,11,11
moveis_decoracao,250,35,5,20
eletronicos,100,20,5,12
esporte_lazer,150,20,6,14
ferramentas_jardim,400,30,15,20
papelaria,1200,32,6,26
moveis_decoracao,650,25,25,25
telefonia,300,20,30,20
eletroportateis,300,16,35,25
brinquedos,2300,98,12,20
beleza_saude,200,16,21,23
beleza_saude,859,25,20,18
bebes,350,69,11,11
cama_mesa_banho,96,25,8,19
relogios_presentes,400,16,11,12
papelaria,233,20,11,15
telefonia,100,19,4,11
eletroportateis,3700,28,39,39
esporte_lazer,1000,60,15,15
bebes,500,20,15,15
eletronicos,2150,30,30,30
automotivo,6250,40,30,30
esporte_lazer,1800,16,16,16
moveis_decoracao,2750,105,3,70
cama_mesa_banho,300,40,8,30
informatica_acessorios,243,17,15,12
telefonia,150,19,5,20
cama_mesa_banho,1000,50,12,12
climatizacao,200,21,8,17
brinquedos,950,68,42,16
construcao_ferramentas_construcao,6397,50,24,48
agro_industria_e_comercio,1900,45,15,40
market_place,200,16,16,16
esporte_lazer,150,20,20,20
cama_mesa_banho,1900,36,7,29
pet_shop,150,16,12,15
cama_mesa_banho,700,28,8,22
moveis_escritorio,25400,64,30,74
brinquedos,900,24,19,17
informatica_acessorios,175,16,12,14
moveis_sala,9750,27,15,92
automotivo,1750,35,10,35
beleza_saude,1188,19,12,17
automotivo,5650,47,19,23
relogios_presentes,488,16,12,13
perfumaria,500,23,8,15
telefonia,350,16,6,11
automotivo,3850,65,25,25
climatizacao,300,21,8,17
telefonia,203,14,16,14
cama_mesa_banho,825,29,17,28
informatica_acessorios,1500,25,15,25
utilidades_domesticas,4000,51,25,26
relogios_presentes,250,24,10,14
cama_mesa_banho,2450,35,10,35
relogios_presentes,283,19,14,19
esporte_lazer,600,50,12,18
informatica_acessorios,280,20,15,14
moveis_decoracao,3250,41,15,25
cama_mesa_banho,1600,43,15,32
moveis_sala,4350,58,16,53
esporte_lazer,200,20,6,13
utilidades_domesticas,850,43,5,24
perfumaria,150,16,9,11
utilidades_domesticas,1150,31,29,31
esporte_lazer,1900,38,25,26
utilidades_domesticas,1500,50,16,30
ferramentas_jardim,5650,30,25,45
cool_stuff,876,24,23,21
utilidades_domesticas,26200,38,33,28
beleza_saude,440,19,15,14
utilidades_domesticas,500,16,15,15
utilidades_domesticas,9650,22,52,42
utilidades_domesticas,950,53,5,13
beleza_saude,1900,28,5,16
ferramentas_jardim,25000,40,40,40
ferramentas_jardim,125,18,18,18
cama_mesa_banho,1150,22,4,28
cama_mesa_banho,800,20,20,20
bebes,9400,75,15,50
esporte_lazer,400,70,10,20
esporte_lazer,250,22,6,15
brinquedos,390,33,9,18
malas_acessorios,1050,30,15,15
cama_mesa_banho,1200,33,18,26
brinquedos,300,16,5,16
construcao_ferramentas_construcao,30000,100,50,50
utilidades_domesticas,1200,50,10,15
moveis_decoracao,450,16,21,16
papelaria,500,28,12,21
papelaria,500,16,11,11
beleza_saude,500,20,10,20
beleza_saude,200,21,8,11
papelaria,200,16,7,27
perfumaria,228,18,8,14
cama_mesa_banho,2900,42,11,36
brinquedos,250,20,15,20
moveis_decoracao,700,32,4,23
eletronicos,250,20,20,20
esporte_lazer,300,20,17,17
fashion_bolsas_e_acessorios,150,16,5,11
cama_mesa_banho,2350,28,10,28
utilidades_domesticas,100,17,28,11
esporte_lazer,400,29,20,37
perfumaria,500,16,17,15
fashion_roupa_infanto_juvenil,300,30,20,20
automotivo,200,20,6,17
livros_tecnicos,950,29,3,21
bebes,8300,20,30,82
brinquedos,1200,17,21,37
moveis_escritorio,8638,51,62,26
pcs,2400,16,31,39
esporte_lazer,3450,16,105,55
beleza_saude,452,25,11,15
informatica_acessorios,1000,28,15,15
fashion_bolsas_e_acessorios,120,17,9,17
cama_mesa_banho,1200,28,14,16
brinquedos,4800,60,20,47
beleza_saude,1450,35,15,20
automotivo,13300,62,62,21
casa_construcao,450,16,20,16
cama_mesa_banho,2150,47,9,38
fashion_bolsas_e_acessorios,250,18,9,11
papelaria,2343,32,39,35
eletronicos,400,18,8,11
beleza_saude,30000,67,64,61
consoles_games,550,34,7,19
esporte_lazer,200,35,15,15
automotivo,750,30,8,30
relogios_presentes,120,17,12,13
beleza_saude,350,19,12,13
consoles_games,200,25,20,15
brinquedos,300,17,10,12
perfumaria,150,16,8,11
automotivo,100,16,10,15
automotivo,1975,42,28,31
ferramentas_jardim,1450,26,15,23
telefonia,150,17,8,11
moveis_decoracao,5700,40,30,40
fashion_bolsas_e_acessorios,500,30,26,22
papelaria,1000,36,6,29
cama_mesa_banho,1600,40,5,30
cama_mesa_banho,600,16,10,16
esporte_lazer,650,16,2,11
eletrodomesticos,300,40,25,25
fashion_bolsas_e_acessorios,150,21,9,14
utilidades_domesticas,500,24,20,23
brinquedos,700,35,7,35
brinquedos,1400,30,22,22
brinquedos,400,23,20,20
cama_mesa_banho,350,40,4,30
moveis_decoracao,400,50,3,25
perfumaria,550,19,13,18
eletrodomesticos,700,20,6,11
automotivo,25100,64,64,49
moveis_escritorio,14550,56,60,36
cama_mesa_banho,4200,53,20,34
construcao_ferramentas_construcao,7300,35,14,35
cama_mesa_banho,1150,32,17,22
utilidades_domesticas,600,26,11,11
automotivo,3650,56,6,76
cool_stuff,1600,42,25,15
informatica_acessorios,3950,20,10,20
cama_mesa_banho,2550,42,16,36
cama_mesa_banho,950,36,6,27
utilidades_domesticas,8850,56,30,34
beleza_saude,300,28,7,21
papelaria,200,21,7,14
esporte_lazer,750,25,7,25
pet_shop,140,19,12,15
papelaria,1450,20,35,29
informatica_acessorios,300,27,5,20
cool_stuff,2000,35,44,19
esporte_lazer,145,22,18,14
bebes,417,19,13,13
utilidades_domesticas,600,32,13,24
brinquedos,281,16,12,14
esporte_lazer,3975,33,20,38
beleza_saude,1700,36,10,36
esporte_lazer,225,22,26,13
market_place,250,18,8,18
telefonia,300,18,5,12
climatizacao,2700,32,32,16
moveis_decoracao,150,35,10,25
relogios_presentes,900,20,20,20
moveis_decoracao,6950,50,10,70
relogios_presentes,1183,23,5,26
cama_mesa_banho,1350,45,15,35
construcao_ferramentas_jardim,100,16,2,11
esporte_lazer,1300,20,20,20
ferramentas_jardim,2850,22,15,14
moveis_sala,3500,100,5,23
dvds_blu_ray,200,20,2,14
instrumentos_musicais,5650,50,15,45
telefonia,50,19,3,11
climatizacao,16550,27,36,54
automotivo,1100,63,9,33
automotivo,50,16,11,11
informatica_acessorios,150,19,5,13
beleza_saude,850,28,14,20
telefonia,150,19,4,11
bebes,50,20,8,17
artes,15400,100,4,60
bebes,300,69,11,11
perfumaria,610,22,14,16
pet_shop,900,30,30,30
beleza_saude,215,22,6,15
esporte_lazer,300,22,18,18
utilidades_domesticas,350,33,4,20
eletronicos,590,34,18,24
esporte_lazer,517,27,17,26
esporte_lazer,6150,20,20,20
moveis_decoracao,7450,52,18,35
automotivo,200,16,16,11
brinquedos,1200,32,31,17
artes_e_artesanato,6850,105,5,65
brinquedos,804,30,21,21
utilidades_domesticas,700,30,30,30
eletronicos,100,25,7,16
papelaria,5850,60,20,29
esporte_lazer,1800,26,14,16
bebes,9088,39,40,79
esporte_lazer,1201,26,25,22
moveis_escritorio,10850,55,24,55
esporte_lazer,5150,100,9,23
cama_mesa_banho,3600,50,10,30
relogios_presentes,500,25,13,13
eletrodomesticos,200,27,13,17
fashion_bolsas_e_acessorios,100,16,14,14
pc_gamer,2839,19,16,18
construcao_ferramentas_construcao,2100,54,10,11
esporte_lazer,750,28,15,15
cama_mesa_banho,300,25,3,19
market_place,300,25,10,16
malas_acessorios,500,18,45,32
esporte_lazer,1000,25,20,25
papelaria,400,30,52,20
brinquedos,300,33,4,31
bebidas,450,28,20,20
perfumaria,250,22,5,15
malas_acessorios,100,16,3,16
ferramentas_jardim,50,51,22,22
moveis_escritorio,7900,35,52,34
utilidades_domesticas,800,43,18,16
brinquedos,1350,45,20,18
esporte_lazer,850,102,6,11
moveis_decoracao,500,30,3,19
beleza_saude,250,19,8,14
esporte_lazer,700,16,12,22
informatica_acessorios,100,16,4,12
moveis_decoracao,7650,63,8,63
automotivo,1625,60,8,33
moveis_decoracao,21300,50,50,50
beleza_saude,2500,35,16,16
moveis_sala,1350,44,14,34
utilidades_domesticas,200,16,6,12
cama_mesa_banho,3800,58,14,48
utilidades_domesticas,900,22,24,24
moveis_decoracao,2450,53,3,48
pet_shop,200,16,7,11
utilidades_domesticas,790,36,8,25
cool_stuff,1400,18,9,27
moveis_decoracao,800,40,5,11
cool_stuff,250,16,13,16
papelaria,100,20,8,15
esporte_lazer,10500,34,11,11
cama_mesa_banho,2400,45,15,35
livros_interesse_geral,650,20,10,30
telefonia,125,21,6,14
relogios_presentes,700,19,9,15
esporte_lazer,2775,31,13,30
papelaria,1600,35,42,21
telefonia,100,19,3,20
papelaria,400,24,7,14
moveis_escritorio,22800,48,45,56
construcao_ferramentas_jardim,210,25,7,15
automotivo,463,16,13,15
beleza_saude,150,60,11,16
moveis_decoracao,450,35,2,25
informatica_acessorios,500,20,30,30
cama_mesa_banho,1550,35,19,45
perfumaria,200,16,2,11
informatica_acessorios,400,16,16,13
moveis_decoracao,650,25,5,17
moveis_decoracao,600,30,20,20
construcao_ferramentas_seguranca,2300,20,20,20
malas_acessorios,12450,40,25,57
automotivo,5200,44,17,30
perfumaria,300,20,20,20
brinquedos,800,28,35,18
livros_interesse_geral,1000,22,28,16
casa_conforto,100,18,18,18
cama_mesa_banho,1400,44,2,35
cama_mesa_banho,1500,38,13,31
informatica_acessorios,163,18,8,14
esporte_lazer,200,17,10,11
pet_shop,30000,79,2,63
pet_shop,190,17,22,17
perfumaria,425,23,14,17
moveis_decoracao,5450,30,36,30
beleza_saude,950,25,12,19
utilidades_domesticas,300,20,4,19
moveis_decoracao,1400,50,25,25
esporte_lazer,920,19,20,17
utilidades_domesticas,300,16,30,11
informatica_acessorios,475,19,5,15
utilidades_domesticas,1000,16,23,15
esporte_lazer,1600,23,24,18
cool_stuff,30000,70,37,70
pet_shop,27400,40,30,40
beleza_saude,200,18,8,13
utilidades_domesticas,900,32,15,32
cool_stuff,1700,33,44,19
instrumentos_musicais,350,16,4,20
moveis_decoracao,250,20,10,15
papelaria,1050,30,30,30
utilidades_domesticas,500,16,24,20
brinquedos,1507,27,26,28
moveis_escritorio,8425,53,53,18
pet_shop,165,16,10,11
esporte_lazer,2550,18,78,35
utilidades_domesticas,600,16,12,12
cama_mesa_banho,150,16,11,11
beleza_saude,2150,50,50,11
cama_mesa_banho,3100,30,25,30
consoles_games,450,19,15,15
automotivo,600,16,2,11
cool_stuff,1400,40,40,30
informatica_acessorios,400,19,4,14
bebes,500,40,15,35
eletroportateis,3525,33,35,34
esporte_lazer,30000,90,50,50
automotivo,300,16,18,15
moveis_decoracao,150,19,5,25
telefonia,100,16,6,11
moveis_escritorio,14600,58,28,58
cama_mesa_banho,1250,35,3,30
beleza_saude,243,20,14,19
papelaria,10850,60,20,29
fashion_calcados,1400,22,12,33
esporte_lazer,200,25,25,25
construcao_ferramentas_construcao,1550,54,10,11
beleza_saude,100,20,15,15
utilidades_domesticas,150,16,6,11
bebes,300,30,10,20
informatica_acessorios,50,16,16,11
artigos_de_natal,1900,70,15,50
bebes,14500,57,45,33
market_place,200,22,24,24
automotivo,450,30,30,30
cama_mesa_banho,500,47,3,37
alimentos,533,27,14,17
casa_conforto,1850,45,15,12
beleza_saude,350,18,14,15
cama_mesa_banho,1100,34,7,32
informatica_acessorios,1950,20,6,20
cool_stuff,530,30,9,14
malas_acessorios,16200,43,29,67
cool_stuff,700,30,22,16
cama_mesa_banho,4900,36,15,45
beleza_saude,4375,28,28,28
artigos_de_natal,283,16,12,14
informatica_acessorios,1133,16,15,20
automotivo,400,53,3,41
cama_mesa_banho,2150,16,10,16
esporte_lazer,2123,33,28,28
relogios_presentes,300,20,13,18
brinquedos,415,19,16,17
utilidades_domesticas,550,18,12,12
bebes,4950,40,10,40
automotivo,300,30,15,30
relogios_presentes,300,16,11,15
eletrodomesticos,1650,50,2,37
informatica_acessorios,540,17,10,14
ferramentas_jardim,700,22,28,24
moveis_decoracao,2250,37,30,20
moveis_decoracao,3775,38,18,32
telefonia,124,22,5,16
cama_mesa_banho,2900,55,25,35
beleza_saude,434,20,16,18
automotivo,100,21,2,17
informatica_acessorios,18150,17,35,35
alimentos_bebidas,500,20,20,20
fashion_bolsas_e_acessorios,150,20,20,12
esporte_lazer,200,16,7,12
telefonia,200,18,6,12
moveis_decoracao,2800,69,11,11
utilidades_domesticas,250,16,15,12
brinquedos,6550,54,40,15
alimentos_bebidas,500,33,21,27
cama_mesa_banho,1200,45,15,35
brinquedos,700,38,15,27
utilidades_domesticas,14600,43,62,41
cama_mesa_banho,970,36,4,26
cama_mesa_banho,800,45,11,11
perfumaria,1850,35,26,26
utilidades_domesticas,483,22,26,23
utilidades_domesticas,12100,51,54,47
automotivo,500,17,4,11
informatica_acessorios,500,35,5,15
telefonia,475,17,14,14
utilidades_domesticas,5100,36,16,46
brinquedos,2300,41,60,16
moveis_decoracao,1600,55,10,30
beleza_saude,8900,38,88,30
moveis_decoracao,600,65,2,13
telefonia,100,19,5,11
instrumentos_musicais,300,30,7,30
informatica_acessorios,700,23,20,17
cama_mesa_banho,250,16,22,11
brinquedos,7300,58,27,33
relogios_presentes,500,16,16,16
brinquedos,1700,16,42,42
moveis_decoracao,550,34,6,23
moveis_sala,12200,33,10,93
beleza_saude,850,27,4,11
informatica_acessorios,900,35,10,19
esporte_lazer,100,18,14,16
cool_stuff,4317,30,40,28
moveis_decoracao,11600,45,35,45
utilidades_domesticas,15200,64,20,44
cama_mesa_banho,800,20,30,30
climatizacao,350,20,15,15
informatica_acessorios,450,21,16,16
automotivo,3350,35,20,20
consoles_games,325,17,11,14
automotivo,500,21,18,13
cama_mesa_banho,450,29,9,21
esporte_lazer,4650,36,31,31
malas_acessorios,500,25,7,20
moveis_cozinha_area_de_servico_jantar_e_jardim,7600,66,10,46
esporte_lazer,600,34,16,16
pet_shop,5450,30,30,30
esporte_lazer,2950,36,38,36
utilidades_domesticas,500,45,45,45
relogios_presentes,280,16,13,14
beleza_saude,670,17,11,14
moveis_decoracao,8500,35,45,45
automotivo,1000,20,20,20
telefonia,200,16,2,11
telefonia_fixa,800,16,28,25
beleza_saude,250,22,12,17
automotivo,6950,78,4,47
moveis_decoracao,14200,49,42,42
relogios_presentes,700,20,20,20
fashion_bolsas_e_acessorios,150,25,8,18
pet_shop,900,30,12,30
eletronicos,600,16,5,20
cool_stuff,250,22,23,16
informatica_acessorios,400,16,2,20
cama_mesa_banho,1250,38,20,25
papelaria,6250,30,10,30
cama_mesa_banho,650,30,8,25
automotivo,3350,40,40,40
bebes,300,18,24,20
bebes,12150,62,35,52
cama_mesa_banho,1350,40,5,30
informatica_acessorios,300,35,8,20
papelaria,1600,32,52,19
esporte_lazer,2600,60,15,15
moveis_decoracao,300,25,11,15
moveis_decoracao,650,45,15,35
moveis_escritorio,9275,54,30,53
alimentos_bebidas,9550,57,40,25
utilidades_domesticas,5275,30,65,30
livros_interesse_geral,2200,19,26,11
construcao_ferramentas_construcao,150,16,10,12
brinquedos,1950,45,10,45
cama_mesa_banho,1900,48,8,39
utilidades_domesticas,500,16,12,12
moveis_decoracao,950,64,6,11
climatizacao,4800,72,5,11
cama_mesa_banho,1200,30,5,30
malas_acessorios,950,35,10,20
ferramentas_jardim,16400,100,30,30
musica,100,19,3,11
telefonia,150,19,8,16
bebes,220,23,9,17
construcao_ferramentas_ferramentas,4700,35,25,25
papelaria,500,30,19,30
bebes,1050,42,25,15
cama_mesa_banho,12900,60,27,50
informatica_acessorios,1013,30,24,19
esporte_lazer,450,30,20,20
beleza_saude,250,19,11,23
relogios_presentes,265,18,12,13
construcao_ferramentas_construcao,5500,16,45,15
brinquedos,500,17,10,12
eletronicos,350,22,7,16
beleza_saude,560,20,12,16
construcao_ferramentas_construcao,3250,19,19,19
pet_shop,1600,33,30,44
beleza_saude,1350,42,11,12
cool_stuff,5200,63,2,79
utilidades_domesticas,3400,60,15,25
relogios_presentes,550,25,13,25
moveis_decoracao,400,19,10,16
malas_acessorios,1750,32,52,19
papelaria,150,16,10,27
esporte_lazer,500,33,20,20
beleza_saude,500,16,5,12
beleza_saude,700,25,12,19
automotivo,4950,65,25,25
papelaria,10100,38,55,35
cama_mesa_banho,725,35,10,18
malas_acessorios,550,45,10,32
beleza_saude,1500,53,48,30
bebes,700,25,21,19
utilidades_domesticas,200,26,4,19
moveis_sala,4550,50,10,50
fashion_bolsas_e_acessorios,150,17,5,19
eletrodomesticos,100,16,10,11
cama_mesa_banho,700,25,15,20
casa_construcao,1200,16,20,38
esporte_lazer,1136,24,21,18
utilidades_domesticas,700,27,9,19
fashion_bolsas_e_acessorios,150,17,7,12
esporte_lazer,10450,20,23,12
papelaria,250,26,26,11
fashion_bolsas_e_acessorios,100,17,7,17
malas_acessorios,450,20,5,20
papelaria,6100,60,20,29
moveis_sala,6050,55,14,47
cama_mesa_banho,950,38,10,38
esporte_lazer,2300,30,13,25
cama_mesa_banho,1100,40,6,30
automotivo,1050,16,5,16
moveis_decoracao,200,35,10,20
moveis_sala,6100,50,50,11
beleza_saude,3700,40,10,20
eletroportateis,2007,30,25,31
construcao_ferramentas_construcao,200,40,4,30
construcao_ferramentas_jardim,3097,57,9,35
esporte_lazer,250,16,16,16
cama_mesa_banho,3150,39,13,46
beleza_saude,100,16,5,17
casa_construcao,50,52,22,52
artes,500,50,6,20
livros_interesse_geral,800,33,6,22
beleza_saude,1100,16,15,13
beleza_saude,150,16,6,11
instrumentos_musicais,150,20,7,15
beleza_saude,1000,25,6,12
esporte_lazer,2500,93,10,40
beleza_saude,100,28,13,12
automotivo,3300,78,4,47
brinquedos,4200,60,60,30
cama_mesa_banho,3305,65,12,45
moveis_decoracao,2400,19,7,16
utilidades_domesticas,9800,61,31,31
eletrodomesticos,1344,26,27,34
telefonia,150,16,4,13
utilidades_domesticas,16000,32,72,32
perfumaria,550,22,7,16
ferramentas_jardim,16600,42,90,26
eletrodomesticos,6613,49,13,39
esporte_lazer,1050,30,11,11
esporte_lazer,1650,20,40,30
automotivo,2050,25,25,25
automotivo,400,16,7,20
brinquedos,1050,16,20,15
cama_mesa_banho,1400,45,15,35
eletronicos,600,16,63,33
papelaria,300,24,7,14
utilidades_domesticas,1733,23,23,21
informatica_acessorios,486,27,17,28
relogios_presentes,550,16,13,13
cama_mesa_banho,5967,48,37,53
beleza_saude,983,41,23,35
cama_mesa_banho,800,45,15,35
cama_mesa_banho,790,22,15,22
cama_mesa_banho,1525,50,15,38
brinquedos,150,20,7,15
automotivo,1425,24,10,23
esporte_lazer,550,25,15,25
cama_mesa_banho,900,40,7,34
automotivo,100,20,3,17
esporte_lazer,12000,105,46,46
perfumaria,100,16,16,11
cama_mesa_banho,850,20,30,30
brinquedos,400,21,7,15
market_place,285,19,13,15
utilidades_domesticas,575,16,10,14
beleza_saude,527,18,16,13
construcao_ferramentas_construcao,2700,24,7,24
construcao_ferramentas_construcao,800,25,21,25
cama_mesa_banho,2150,34,9,33
bebes,3600,60,20,50
beleza_saude,250,23,7,15
informatica_acessorios,300,16,8,12
esporte_lazer,1182,21,16,17
cama_mesa_banho,1500,49,7,40
relogios_presentes,417,16,11,13
brinquedos,500,18,6,21
moveis_cozinha_area_de_servico_jantar_e_jardim,6550,21,41,31
eletroportateis,600,16,4,13
artigos_de_natal,2400,41,16,38
casa_construcao,30000,30,105,15
utilidades_domesticas,2700,30,16,33
moveis_sala,23100,50,60,50
relogios_presentes,475,19,13,20
automotivo,100,38,2,22
relogios_presentes,175,21,14,18
relogios_presentes,457,19,15,24
eletrodomesticos,200,26,15,35
fashion_calcados,700,22,12,33
ferramentas_jardim,450,50,20,20
automotivo,9850,56,15,15
perfumaria,350,18,10,12
moveis_decoracao,300,52,3,35
cool_stuff,1250,42,25,15
utilidades_domesticas,350,30,5,25
beleza_saude,50,20,15,15
perfumaria,400,16,18,11
moveis_decoracao,800,80,10,60
perfumaria,100,20,20,30
automotivo,11600,53,77,17
esporte_lazer,7450,19,22,20
moveis_cozinha_area_de_servico_jantar_e_jardim,17000,35,96,12
moveis_decoracao,2000,30,30,30
utilidades_domesticas,2600,33,23,30
beleza_saude,738,17,19,15
papelaria,6900,28,55,37
moveis_decoracao,400,32,5,22
construcao_ferramentas_iluminacao,1050,16,19,16
informatica_acessorios,350,25,3,25
beleza_saude,270,19,20,19
brinquedos,625,31,10,22
automotivo,400,30,11,15
eletronicos,400,23,11,21
cama_mesa_banho,1700,30,23,11
cama_mesa_banho,800,20,2,15
brinquedos,400,17,10,12
utilidades_domesticas,150,21,34,34
ferramentas_jardim,5400,34,34,34
esporte_lazer,300,30,10,16
consoles_games,525,43,11,17
papelaria,150,22,5,12
informatica_acessorios,1450,56,12,25
fashion_bolsas_e_acessorios,150,16,10,13
brinquedos,1600,20,5,18
cama_mesa_banho,1450,16,10,16
moveis_escritorio,5600,90,30,40
construcao_ferramentas_ferramentas,200,16,16,16
moveis_decoracao,700,28,50,28
construcao_ferramentas_construcao,6900,45,19,45
cama_mesa_banho,400,26,18,23
utilidades_domesticas,5950,35,35,29
cama_mesa_banho,3400,36,10,35
sinalizacao_e_seguranca,450,16,11,16
brinquedos,800,40,10,40
eletronicos,150,18,12,15
moveis_decoracao,467,47,4,35
consoles_games,615,19,12,18
perfumaria,350,17,16,17
papelaria,1500,30,50,20
esporte_lazer,600,22,16,22
moveis_decoracao,1250,23,8,8
cama_mesa_banho,400,40,3,40
eletrodomesticos,500,18,8,13
instrumentos_musicais,3250,66,17,36
construcao_ferramentas_construcao,2600,23,8,23
cama_mesa_banho,7550,60,30,60
bebes,400,30,16,16
cama_mesa_banho,3250,34,8,41
brinquedos,200,17,12,12
brinquedos,1185,22,18,23
informatica_acessorios,433,18,4,15
informatica_acessorios,600,19,5,12
moveis_decoracao,800,40,5,20
ferramentas_jardim,7600,40,40,40
ferramentas_jardim,1900,69,5,22
ferramentas_jardim,2900,30,10,25
fashion_calcados,900,22,12,33
automotivo,5100,45,20,45
moveis_sala,8225,55,73,18
beleza_saude,3300,23,23,23
utilidades_domesticas,2400,50,6,50
pet_shop,1150,21,17,30
perfumaria,783,19,18,17
moveis_decoracao,7675,71,8,71
moveis_decoracao,1350,69,11,11
brinquedos,1500,41,16,43
automotivo,5550,55,35,30
automotivo,550,17,5,12
beleza_saude,1400,20,40,20
esporte_lazer,5475,32,33,22
cool_stuff,23000,60,42,57
fashion_bolsas_e_acessorios,200,24,9,16
cool_stuff,600,32,4,29
cama_mesa_banho,2200,45,15,35
informatica_acessorios,650,17,15,11
cama_mesa_banho,16050,64,32,47
cama_mesa_banho,1200,34,17,28
eletrodomesticos,50,26,2,12
informatica_acessorios,200,44,2,31
casa_construcao,2300,30,30,30
pcs,13700,27,50,53
beleza_saude,800,40,20,30
cama_mesa_banho,11850,50,40,43
livros_interesse_geral,350,24,5,17
utilidades_domesticas,525,25,28,25
esporte_lazer,325,19,14,17
automotivo,3850,53,43,11
automotivo,4259,24,22,32
utilidades_domesticas,9950,20,50,28
automotivo,24000,61,67,33
eletroportateis,4450,48,34,33
perfumaria,350,20,10,18
automotivo,2140,38,38,36
bebes,150,17,24,18
cama_mesa_banho,2600,45,15,35
esporte_lazer,475,20,6,12
utilidades_domesticas,200,20,10,20
automotivo,186,16,13,14
casa_construcao,1300,16,27,16
cama_mesa_banho,900,40,15,30
beleza_saude,433,17,17,15
moveis_decoracao,2000,28,38,11
moveis_decoracao,1500,55,15,42
esporte_lazer,1300,31,33,32
beleza_saude,3600,45,11,15
livros_tecnicos,900,25,5,20
beleza_saude,250,16,5,15
bebes,450,30,7,20
utilidades_domesticas,8525,27,58,28
cama_mesa_banho,3450,20,30,30
utilidades_domesticas,900,25,10,36
market_place,50,40,40,30
brinquedos,11867,43,43,38
telefonia_fixa,300,19,6,15
utilidades_domesticas,19250,60,60,32
moveis_decoracao,6050,40,30,30
utilidades_domesticas,500,20,20,20
utilidades_domesticas,975,41,36,12
moveis_escritorio,250,78,45,21
bebidas,375,20,12,15
esporte_lazer,1200,51,18,20
pet_shop,6350,56,20,34
esporte_lazer,2350,60,15,15
utilidades_domesticas,7350,57,28,30
papelaria,350,26,36,11
bebidas,4550,40,20,30
livros_interesse_geral,300,30,5,20
livros_tecnicos,250,23,2,17
moveis_decoracao,1150,16,33,33
fashion_roupa_feminina,450,16,5,20
cama_mesa_banho,1400,40,10,30
informatica_acessorios,800,42,8,31
construcao_ferramentas_construcao,1300,20,20,20
informatica_acessorios,1150,23,19,26
eletronicos,175,20,16,18
pet_shop,2000,33,30,44
utilidades_domesticas,450,28,12,23
informatica_acessorios,100,18,12,16
esporte_lazer,1400,27,12,49
beleza_saude,419,22,14,18
construcao_ferramentas_iluminacao,500,35,14,23
informatica_acessorios,571,24,25,20
cama_mesa_banho,1550,40,9,32
brinquedos,400,28,7,24
perfumaria,350,19,13,16
beleza_saude,400,18,9,14
eletronicos,1767,49,10,19
relogios_presentes,400,18,12,12
brinquedos,500,42,6,33
malas_acessorios,12000,35,20,50
utilidades_domesticas,150,20,20,20
cama_mesa_banho,200,16,12,11
cama_mesa_banho,4083,56,16,50
pet_shop,1400,50,20,40
esporte_lazer,550,30,16,16
utilidades_domesticas,500,40,16,16
ferramentas_jardim,250,18,16,15
moveis_decoracao,100,16,3,23
eletronicos,150,22,11,16
utilidades_domesticas,350,33,7,15
brinquedos,500,36,24,22
cama_mesa_banho,3000,40,9,32
cama_mesa_banho,1300,20,16,20
esporte_lazer,300,16,15,15
bebes,300,23,4,23
fashion_calcados,900,20,9,21
utilidades_domesticas,1300,17,30,35
relogios_presentes,350,18,10,15
utilidades_domesticas,400,27,9,18
telefonia,300,13,8,10
eletronicos,100,23,8,18
esporte_lazer,408,17,12,13
malas_acessorios,19100,40,78,41
cama_mesa_banho,750,37,23,35
fashion_bolsas_e_acessorios,1400,40,15,30
eletronicos,1075,19,15,23
relogios_presentes,500,16,11,12
cama_mesa_banho,302,26,4,20
papelaria,2000,30,20,29
telefonia,150,16,11,11
beleza_saude,50,22,3,15
livros_interesse_geral,400,27,6,18
moveis_escritorio,30000,51,66,63
automotivo,1775,42,28,31
utilidades_domesticas,850,38,31,34
esporte_lazer,900,28,25,25
utilidades_domesticas,267,22,11,19
esporte_lazer,250,21,14,15
casa_construcao,400,30,30,30
construcao_ferramentas_construcao,233,17,9,14
cool_stuff,900,30,13,30
moveis_decoracao,850,40,5,11
perfumaria,300,29,8,20
cool_stuff,4500,30,30,30
cama_mesa_banho,500,20,10,15
malas_acessorios,500,50,5,40
informatica_acessorios,217,16,14,14
cama_mesa_banho,4600,60,19,50
beleza_saude,450,25,9,17
moveis_decoracao,900,40,2,30
automotivo,500,16,5,11
pet_shop,200,20,7,14
market_place,950,26,17,24
papelaria,1500,35,50,20
informatica_acessorios,138,16,13,13
esporte_lazer,300,16,7,11
utilidades_domesticas,9950,31,61,31
malas_acessorios,100,17,3,13
beleza_saude,200,16,9,12
cama_mesa_banho,200,32,3,23
beleza_saude,200,20,10,15
eletronicos,3250,70,10,25
automotivo,1100,32,13,30
sinalizacao_e_seguranca,200,19,12,12
cool_stuff,1700,42,25,15
casa_conforto,1500,45,15,35
utilidades_domesticas,950,16,40,16
moveis_decoracao,450,25,29,25
beleza_saude,683,22,17,24
cama_mesa_banho,3550,45,15,35
moveis_decoracao,3450,41,15,25
esporte_lazer,3650,60,15,15
moveis_decoracao,600,25,25,11
cama_mesa_banho,7950,45,18,38
cool_stuff,1400,42,25,15
instrumentos_musicais,550,30,10,20
esporte_lazer,1400,16,12,11
automotivo,150,25,20,25
artigos_de_natal,250,16,12,11
moveis_sala,3350,33,13,33
moveis_decoracao,383,24,22,21
utilidades_domesticas,550,40,20,20
cama_mesa_banho,3025,44,14,38
informatica_acessorios,275,19,10,13
perfumaria,127,14,16,12
relogios_presentes,450,20,13,13
beleza_saude,1036,20,19,14
automotivo,550,20,10,15
ferramentas_jardim,500,36,3,11
papelaria,200,20,12,15
papelaria,1900,49,12,36
brinquedos,21600,60,50,50
telefonia,200,17,4,12
informatica_acessorios,250,21,4,14
beleza_saude,200,18,6,15
beleza_saude,150,19,8,13
relogios_presentes,250,18,14,18
relogios_presentes,800,20,12,15
bebes,8200,44,32,35
moveis_decoracao,1600,24,27,39
cama_mesa_banho,5550,45,15,30
artes,1350,70,10,11
cama_mesa_banho,17100,56,38,48
esporte_lazer,750,23,30,30
eletronicos,113,16,10,12
utilidades_domesticas,750,54,7,22
cama_mesa_banho,5850,45,21,37
esporte_lazer,525,18,12,12
utilidades_domesticas,1900,30,30,30
utilidades_domesticas,450,16,26,11
informatica_acessorios,350,20,15,18
alimentos_bebidas,1200,16,23,13
moveis_decoracao,523,20,25,20
market_place,175,17,10,19
moveis_decoracao,1000,22,10,22
pet_shop,400,30,20,20
moveis_escritorio,17950,64,30,56
moveis_escritorio,6975,52,51,17
moveis_escritorio,6800,45,55,16
informatica_acessorios,400,18,9,16
utilidades_domesticas,500,19,8,13
industria_comercio_e_negocios,4050,30,20,30
instrumentos_musicais,300,16,5,20
bebes,7100,42,24,42
utilidades_domesticas,12800,35,104,35
cama_mesa_banho,1000,45,10,15
cama_mesa_banho,3450,36,10,35
cama_mesa_banho,1100,44,2,35
relogios_presentes,15267,17,10,13
moveis_decoracao,2500,40,10,30
moveis_decoracao,1600,53,8,11
cama_mesa_banho,1200,45,25,35
cama_mesa_banho,200,20,2,15
portateis_casa_forno_e_cafe,1925,61,43,46
brinquedos,400,23,25,11
bebes,7700,60,71,43
moveis_decoracao,1300,65,3,45
cama_mesa_banho,550,30,3,19
cool_stuff,300,25,10,20
informatica_acessorios,700,25,25,25
brinquedos,1000,26,21,27
utilidades_domesticas,750,35,15,35
esporte_lazer,1110,32,25,23
beleza_saude,200,16,4,16
construcao_ferramentas_seguranca,350,16,16,16
instrumentos_musicais,2750,103,12,17
moveis_decoracao,1100,103,6,20
beleza_saude,450,16,15,15
brinquedos,1050,49,25,36
instrumentos_musicais,8200,90,15,60
audio,250,16,5,11
cama_mesa_banho,1050,50,11,11
beleza_saude,400,16,10,20
ferramentas_jardim,500,20,15,15
moveis_decoracao,650,25,40,25
cama_mesa_banho,2900,46,8,38
esporte_lazer,3100,19,3,19
cama_mesa_banho,1300,35,19,45
moveis_escritorio,9350,52,52,17
eletrodomesticos_2,3585,33,6,19
esporte_lazer,200,105,10,15
livros_interesse_geral,625,14,13,14
automotivo,2450,30,30,30
esporte_lazer,550,35,14,23
brinquedos,500,16,20,20
fashion_bolsas_e_acessorios,400,20,20,20
esporte_lazer,680,17,17,15
eletrodomesticos,14350,35,46,35
telefonia,253,21,16,21
moveis_escritorio,15817,54,48,30
artigos_de_natal,1000,35,30,35
informatica_acessorios,800,33,12,11
utilidades_domesticas,1100,19,12,15
cama_mesa_banho,1300,37,5,34
telefonia,8100,25,25,25
beleza_saude,600,16,2,11
moveis_decoracao,2600,105,3,70
utilidades_domesticas,1125,28,15,23
cama_mesa_banho,1600,39,16,39
perfumaria,300,16,10,11
esporte_lazer,30000,105,65,20
instrumentos_musicais,1050,50,20,40
cool_stuff,900,20,28,20
ferramentas_jardim,3500,40,19,35
cool_stuff,700,27,29,22
beleza_saude,500,27,14,23
ferramentas_jardim,250,20,20,20
perfumaria,300,18,8,12
esporte_lazer,600,18,11,11
bebes,1850,67,10,40
brinquedos,800,16,18,17
cama_mesa_banho,6650,20,40,50
informatica_acessorios,500,19,9,16
beleza_saude,2300,33,10,16
telefonia,100,16,11,11
brinquedos,1200,35,6,25
automotivo,300,16,11,11
consoles_games,50,16,39,11
cama_mesa_banho,2050,50,10,40
bebes,50,20,5,15
automotivo,250,24,18,18
moveis_decoracao,1050,38,13,47
cama_mesa_banho,300,26,3,21
livros_importados,300,16,14,16
automotivo,250,16,6,15
cama_mesa_banho,1600,45,25,35
consoles_games,610,18,12,18
automotivo,200,16,16,16
fashion_roupa_masculina,900,50,10,40
perfumaria,450,22,16,16
informatica_acessorios,700,47,6,32
construcao_ferramentas_jardim,850,16,16,16
brinquedos,6050,53,25,55
telefonia,300,16,2,11
cama_mesa_banho,8750,55,35,45
beleza_saude,575,25,13,16
brinquedos,318,19,23,18
esporte_lazer,600,17,30,12
moveis_decoracao,5300,35,23,35
esporte_lazer,275,25,15,19
ferramentas_jardim,1100,35,5,11
cama_mesa_banho,1150,38,10,38
utilidades_domesticas,2133,24,25,25
esporte_lazer,200,16,16,16
cama_mesa_banho,1150,36,8,27
utilidades_domesticas,350,30,11,11
moveis_decoracao,600,30,15,15
utilidades_domesticas,2700,80,10,50
perfumaria,1000,16,15,15
moveis_decoracao,1100,30,31,30
casa_conforto,200,45,15,35
utilidades_domesticas,850,35,10,11
relogios_presentes,700,23,15,19
beleza_saude,413,20,11,13
utilidades_domesticas,800,28,22,28
utilidades_domesticas,12150,68,20,33
utilidades_domesticas,5950,30,30,30
construcao_ferramentas_construcao,1900,35,30,25
beleza_saude,1600,18,8,20
automotivo,3550,56,11,32
telefonia,200,21,6,13
bebes,200,18,16,16
papelaria,650,16,4,11
brinquedos,250,23,11,22
pet_shop,250,27,9,27
perfumaria,543,24,13,18
esporte_lazer,2152,26,24,21
moveis_decoracao,1700,23,7,23
cama_mesa_banho,625,70,15,50
moveis_decoracao,3500,40,14,35
brinquedos,400,22,13,22
bebes,5900,45,40,73
utilidades_domesticas,200,21,17,19
utilidades_domesticas,2980,17,17,19
esporte_lazer,274,18,12,15
utilidades_domesticas,27300,66,23,51
papelaria,550,16,10,15
moveis_decoracao,300,22,2,32
ferramentas_jardim,2300,67,2,41
alimentos_bebidas,450,16,13,13
relogios_presentes,400,40,10,25
fashion_bolsas_e_acessorios,100,16,6,20
eletrodomesticos,350,27,13,17
utilidades_domesticas,2725,37,17,37
construcao_ferramentas_construcao,350,33,11,11
brinquedos,5800,16,16,16
bebes,350,65,11,11
consoles_games,200,16,2,11
utilidades_domesticas,19550,43,79,41
pet_shop,850,24,20,24
eletronicos,200,20,10,20
beleza_saude,599,16,10,14
brinquedos,1100,28,45,11
cool_stuff,450,30,9,30
cama_mesa_banho,2250,30,30,30
moveis_decoracao,650,20,35,20
utilidades_domesticas,2050,25,25,25
cool_stuff,300,21,12,12
utilidades_domesticas,2700,25,15,25
utilidades_domesticas,1625,41,26,26
brinquedos,124,19,16,17
telefonia,60,18,2,11
automotivo,5400,78,4,47
fashion_underwear_e_moda_praia,700,20,10,15
pet_shop,88,16,7,14
eletrodomesticos_2,8850,45,33,35
esporte_lazer,400,16,7,11
construcao_ferramentas_seguranca,246,22,15,19
beleza_saude,30000,55,75,61
automotivo,700,20,20,20
utilidades_domesticas,14350,55,15,45
pet_shop,12450,69,36,30
esporte_lazer,150,20,10,15
cama_mesa_banho,1225,34,14,29
esporte_lazer,250,20,5,13
cama_mesa_banho,900,42,8,37
papelaria,5900,28,55,37
cama_mesa_banho,1300,34,14,30
beleza_saude,700,22,11,16
ferramentas_jardim,1000,24,13,18
cama_mesa_banho,400,16,10,16
perfumaria,200,20,12,16
automotivo,2600,38,18,23
consoles_games,150,17,2,14
fashion_bolsas_e_acessorios,150,17,9,17
cama_mesa_banho,10050,50,30,40
moveis_decoracao,1300,17,27,17
esporte_lazer,1050,74,30,25
bebes,700,36,15,25
utilidades_domesticas,300,18,4,12
cool_stuff,300,28,6,13
moveis_escritorio,12675,48,49,40
perfumaria,750,20,15,15
bebes,100,20,6,15
construcao_ferramentas_construcao,300,16,16,16
moveis_escritorio,16167,64,62,25
utilidades_domesticas,1500,60,10,25
relogios_presentes,450,18,12,13
utilidades_domesticas,400,20,30,16
esporte_lazer,250,30,16,16
beleza_saude,1550,25,23,23
telefonia_fixa,2150,21,21,21
beleza_saude,900,30,30,16
livros_tecnicos,350,23,2,16
instrumentos_musicais,573,23,11,17
relogios_presentes,350,20,13,13
relogios_presentes,600,16,2,11
informatica_acessorios,253,14,12,12
utilidades_domesticas,5650,35,22,30
beleza_saude,1200,25,13,20
papelaria,600,25,12,28
moveis_decoracao,800,30,14,13
consoles_games,1000,18,4,15
informatica_acessorios,263,20,16,13
eletrodomesticos,1000,35,46,35
papelaria,1300,34,46,14
informatica_acessorios,100,25,3,19
telefonia,133,18,5,13
climatizacao,10175,44,44,38
beleza_saude,1150,30,12,16
moveis_decoracao,12200,100,25,25
esporte_lazer,200,16,10,11
cama_mesa_banho,1400,51,26,36
cama_mesa_banho,800,38,10,38
ferramentas_jardim,950,31,5,31
moveis_decoracao,1700,33,8,23
cama_mesa_banho,950,40,5,30
informatica_acessorios,300,16,4,11
beleza_saude,700,16,24,16
fashion_roupa_masculina,500,40,10,40
esporte_lazer,300,22,15,22
beleza_saude,383,19,12,16
cama_mesa_banho,1650,16,10,16
telefonia,167,17,3,17
cama_mesa_banho,1000,39,11,28
ferramentas_jardim,832,32,9,32
moveis_decoracao,900,80,10,60
brinquedos,200,22,11,13
market_place,2450,28,48,30
instrumentos_musicais,183,29,6,11
perfumaria,500,22,16,16
utilidades_domesticas,1475,24,19,19
cama_mesa_banho,2400,40,15,35
cool_stuff,300,16,11,11
esporte_lazer,13500,70,30,40
moveis_decoracao,350,22,6,15
papelaria,850,16,21,15
utilidades_domesticas,5500,51,20,29
relogios_presentes,550,16,2,11
fashion_calcados,2800,41,12,34
informatica_acessorios,350,20,15,20
casa_construcao,500,16,40,15
consoles_games,200,19,13,17
esporte_lazer,475,21,9,17
cama_mesa_banho,550,26,2,20
informatica_acessorios,2000,33,33,16
automotivo,1150,32,6,29
cama_mesa_banho,1000,30,5,20
eletroportateis,1200,20,15,25
malas_acessorios,22600,77,33,56
utilidades_domesticas,600,19,17,18
papelaria,1900,40,10,30
agro_industria_e_comercio,550,16,19,11
cama_mesa_banho,1950,43,8,33
informatica_acessorios,1700,35,18,34
automotivo,3300,65,25,25
beleza_saude,750,27,15,18
cama_mesa_banho,1100,50,12,12
moveis_decoracao,6550,35,35,35
utilidades_domesticas,1000,30,5,35
esporte_lazer,258,25,15,17
cool_stuff,9300,44,21,38
cama_mesa_banho,526,44,6,33
moveis_decoracao,2200,42,12,37
beleza_saude,250,27,10,17
esporte_lazer,275,24,8,12
consoles_games,193,18,13,16
eletroportateis,2175,17,17,50
bebidas,175,23,16,16
fashion_roupa_masculina,600,16,2,11
esporte_lazer,1017,42,21,27
beleza_saude,1725,16,30,16
utilidades_domesticas,600,16,26,11
informatica_acessorios,200,16,5,11
cama_mesa_banho,603,28,7,25
automotivo,6900,30,15,20
papelaria,500,40,8,30
perfumaria,414,23,15,18
relogios_presentes,287,19,12,14
beleza_saude,304,20,15,15
beleza_saude,450,20,20,20
brinquedos,400,45,5,25
relogios_presentes,750,28,18,25
cama_mesa_banho,200,20,10,15
bebes,1000,21,22,19
moveis_decoracao,5550,45,30,45
construcao_ferramentas_iluminacao,7150,53,26,53
cool_stuff,5288,32,26,45
eletronicos,75,18,13,16
beleza_saude,200,25,10,20
automotivo,700,16,2,11
ferramentas_jardim,1700,33,25,23
automotivo,720,28,18,18
eletronicos,11700,23,21,18
utilidades_domesticas,700,16,25,11
papelaria,600,25,7,24
relogios_presentes,600,16,11,11
moveis_decoracao,7950,30,35,30
sinalizacao_e_seguranca,150,20,2,28
cama_mesa_banho,2000,45,15,35
cool_stuff,10800,80,50,22
informatica_acessorios,250,16,5,11
utilidades_domesticas,300,41,5,31
fashion_bolsas_e_acessorios,250,16,2,11
brinquedos,389,27,33,28
esporte_lazer,50,16,4,11
telefonia,200,20,5,12
perfumaria,475,19,15,17
esporte_lazer,1450,30,13,30
bebes,100,16,16,16
sinalizacao_e_seguranca,1250,34,16,27
la_cuisine,3600,30,30,30
cama_mesa_banho,2000,44,17,34
eletroportateis,7350,35,35,40
cama_mesa_banho,400,16,12,11
moveis_sala,4350,58,15,53
telefonia,360,22,6,11
perfumaria,430,19,14,12
esporte_lazer,783,45,11,22
bebes,8500,35,60,25
casa_conforto,21750,45,15,35
malas_acessorios,450,24,47,34
moveis_escritorio,20700,58,28,58
moveis_decoracao,1850,34,6,28
fashion_roupa_masculina,200,25,2,17
relogios_presentes,200,16,6,11
moveis_escritorio,17150,58,61,24
brinquedos,1000,37,35,25
esporte_lazer,3686,30,30,23
cama_mesa_banho,3175,52,15,31
alimentos_bebidas,1650,24,24,24
papelaria,750,30,40,11
cama_mesa_banho,11450,54,30,45
eletroportateis,750,16,35,25
moveis_decoracao,5850,40,30,40
utilidades_domesticas,550,20,20,15
beleza_saude,4200,30,10,20
moveis_decoracao,1390,18,11,25
eletrodomesticos,350,16,15,20
cama_mesa_banho,1600,36,8,29
ferramentas_jardim,700,35,20,40
moveis_decoracao,550,65,11,11
esporte_lazer,575,19,15,17
beleza_saude,800,21,4,15
climatizacao,8750,25,25,25
fashion_bolsas_e_acessorios,150,16,15,15
relogios_presentes,330,16,11,12
moveis_decoracao,1750,35,10,35
telefonia,100,16,22,11
moveis_decoracao,600,23,7,16
eletrodomesticos,100,17,2,13
moveis_decoracao,2500,105,3,70
utilidades_domesticas,300,17,28,11
utilidades_domesticas,2000,25,60,25
esporte_lazer,250,17,9,12
bebes,1150,42,25,15
relogios_presentes,1000,16,10,11
ferramentas_jardim,1150,25,20,25
beleza_saude,450,16,10,20
esporte_lazer,2100,36,9,14
esporte_lazer,300,35,6,11
eletrodomesticos,150,20,13,12
esporte_lazer,500,24,20,20
automotivo,550,18,5,12
cama_mesa_banho,4700,36,15,45
cama_mesa_banho,3300,34,8,38
agro_industria_e_comercio,400,30,20,11
brinquedos,1800,38,12,35
perfumaria,475,18,11,13
moveis_decoracao,10600,36,50,60
bebes,165,18,9,8
eletronicos,1250,26,10,18
moveis_decoracao,2400,105,3,70
construcao_ferramentas_construcao,100,20,3,20
cool_stuff,500,20,20,30
beleza_saude,1000,25,19,15
automotivo,1950,40,12,32
livros_interesse_geral,400,26,3,36
moveis_decoracao,600,30,3,20
cool_stuff,600,20,20,21
informatica_acessorios,950,25,11,15
utilidades_domesticas,250,23,13,21
automotivo,2600,37,13,24
relogios_presentes,600,16,13,13
cama_mesa_banho,2900,45,15,35
informatica_acessorios,140,12,21,12
moveis_decoracao,11450,45,35,45
papelaria,50,16,6,11
papelaria,2283,27,35,35
ferramentas_jardim,1600,16,4,30
cama_mesa_banho,600,20,2,20
brinquedos,2250,55,13,25
fashion_bolsas_e_acessorios,150,16,5,20
informatica_acessorios,173,18,13,12
construcao_ferramentas_construcao,850,18,7,16
esporte_lazer,163,17,15,15
cama_mesa_banho,3150,45,15,35
moveis_decoracao,1150,30,6,32
brinquedos,1200,38,26,45
eletronicos,6185,63,11,20
malas_acessorios,500,22,46,34
perfumaria,107,17,12,14
automotivo,4500,69,15,20
cama_mesa_banho,2400,42,11,36
brinquedos,200,20,10,20
malas_acessorios,675,29,23,18
cama_mesa_banho,3450,50,10,30
construcao_ferramentas_jardim,350,16,16,16
ferramentas_jardim,475,19,8,12
moveis_escritorio,13475,53,65,32
beleza_saude,200,16,17,11
beleza_saude,367,24,14,23
casa_construcao,4700,70,30,30
papelaria,800,27,10,20
cama_mesa_banho,1000,16,10,16
eletroportateis,350,16,16,11
esporte_lazer,1200,35,15,15
cama_mesa_banho,200,16,10,16
artigos_de_natal,500,16,8,20
moveis_escritorio,10850,58,20,58
bebes,600,38,5,33
beleza_saude,250,27,5,16
telefonia_fixa,429,18,13,13
esporte_lazer,250,19,10,15
perfumaria,100,20,7,20
papelaria,1500,60,2,15
esporte_lazer,20650,28,11,28
esporte_lazer,600,25,25,25
beleza_saude,250,18,10,15
informatica_acessorios,200,23,16,16
sinalizacao_e_seguranca,200,26,5,12
ferramentas_jardim,600,22,13,22
beleza_saude,800,16,2,11
casa_conforto,7600,50,30,40
telefonia,200,16,3,11
eletrodomesticos,15050,39,38,39
relogios_presentes,2100,16,2,11
bebes,400,29,12,23
cool_stuff,500,60,16,11
pet_shop,3200,52,25,29
cool_stuff,550,17,7,23
market_place,650,40,31,14
alimentos,375,20,12,15
papelaria,450,38,33,26
moveis_sala,4650,31,17,31
telefonia,200,19,3,11
pet_shop,5350,50,30,40
cama_mesa_banho,3850,20,40,40
fashion_bolsas_e_acessorios,100,16,2,11
relogios_presentes,500,20,30,20
esporte_lazer,150,28,6,14
cama_mesa_banho,2200,55,15,35
moveis_decoracao,6700,90,4,50
instrumentos_musicais,383,35,7,14
automotivo,6675,71,4,44
ferramentas_jardim,8050,43,32,22
construcao_ferramentas_construcao,550,35,8,30
moveis_escritorio,11875,57,55,22
brinquedos,2700,51,35,26
ferramentas_jardim,300,26,3,12
esporte_lazer,3200,16,85,16
automotivo,1125,20,17,17
cama_mesa_banho,2500,43,8,33
bebes,350,23,4,23
beleza_saude,310,20,22,22
pet_shop,500,35,22,28
audio,325,22,22,22
malas_acessorios,450,18,48,32
brinquedos,11200,16,50,80
papelaria,200,19,5,13
alimentos_bebidas,500,28,15,15
utilidades_domesticas,3700,20,20,20
bebes,2050,33,13,29
papelaria,230,20,10,15
moveis_decoracao,2525,88,4,87
informatica_acessorios,2200,18,25,18
esporte_lazer,150,22,3,13
utilidades_domesticas,700,23,23,20
beleza_saude,150,25,6,15
agro_industria_e_comercio,250,18,8,12
informatica_acessorios,800,29,13,20
cama_mesa_banho,1950,43,20,31
beleza_saude,318,18,12,16
cama_mesa_banho,800,16,10,16
utilidades_domesticas,825,18,9,12
beleza_saude,150,23,7,17
casa_construcao,20050,55,25,55
moveis_decoracao,417,47,4,35
esporte_lazer,750,16,11,15
bebes,250,16,16,16
cama_mesa_banho,1600,35,20,25
telefonia,375,18,13,16
fashion_bolsas_e_acessorios,50,16,9,11
perfumaria,550,16,10,11
automotivo,750,16,28,16
eletronicos,700,25,16,25
esporte_lazer,450,17,15,14
cama_mesa_banho,20900,45,15,30
esporte_lazer,241,19,15,16
automotivo,100,19,7,16
papelaria,3000,25,55,38
instrumentos_musicais,800,24,7,15
utilidades_domesticas,1500,32,5,28
utilidades_domesticas,1600,34,21,23
utilidades_domesticas,350,16,16,17
papelaria,11500,40,40,40
utilidades_domesticas,3000,52,3,32
utilidades_domesticas,2500,25,12,18
fashion_bolsas_e_acessorios,100,21,9,14
automotivo,17300,51,51,41
moveis_decoracao,1300,40,7,34
cama_mesa_banho,1250,45,10,15
utilidades_domesticas,300,25,2,17
audio,200,16,8,11
automotivo,2400,52,8,52
beleza_saude,550,16,7,24
relogios_presentes,350,16,13,12
bebes,195,15,11,12
moveis_escritorio,20850,100,10,55
papelaria,1800,45,8,30
cama_mesa_banho,900,50,5,50
esporte_lazer,9000,44,35,23
bebes,1260,36,8,30
cama_mesa_banho,5350,16,50,40
utilidades_domesticas,4383,43,17,37
esporte_lazer,2850,28,28,20
pet_shop,6200,69,10,49
esporte_lazer,1200,20,20,20
perfumaria,250,20,8,21
sinalizacao_e_seguranca,575,19,16,18
telefonia,250,21,12,21
perfumaria,250,26,12,18
telefonia,113,18,4,11
moveis_decoracao,200,16,16,16
beleza_saude,200,16,7,15
instrumentos_musicais,700,17,8,12
informatica_acessorios,1350,23,9,23
cama_mesa_banho,2700,55,25,35
automotivo,17400,50,40,40
fashion_bolsas_e_acessorios,550,43,16,27
malas_acessorios,800,33,10,45
esporte_lazer,650,60,10,20
relogios_presentes,200,20,7,15
perfumaria,500,16,2,11
utilidades_domesticas,8850,39,12,78
moveis_decoracao,1350,45,15,35
relogios_presentes,275,16,14,14
fashion_bolsas_e_acessorios,200,16,5,11
perfumaria,400,21,11,17
brinquedos,2416,32,28,23
esporte_lazer,3100,19,19,11
industria_comercio_e_negocios,6000,45,12,44
esporte_lazer,350,50,20,22
moveis_escritorio,11400,58,21,57
beleza_saude,350,25,15,15
cama_mesa_banho,1000,28,14,16
papelaria,2100,16,9,11
fashion_bolsas_e_acessorios,200,18,9,11
relogios_presentes,269,17,11,13
moveis_decoracao,100,40,2,30
esporte_lazer,500,35,10,20
artigos_de_festas,1150,34,11,34
bebes,600,32,11,32
beleza_saude,613,20,7,11
utilidades_domesticas,3000,25,16,25
esporte_lazer,7350,70,24,29
moveis_escritorio,7433,57,68,31
relogios_presentes,350,20,20,20
casa_construcao,15000,60,50,50
brinquedos,400,22,5,22
bebes,300,21,21,21
relogios_presentes,200,16,10,11
instrumentos_musicais,1450,32,14,27
beleza_saude,3575,21,18,22
moveis_escritorio,8200,53,74,18
brinquedos,1300,25,9,40
moveis_decoracao,300,37,15,27
beleza_saude,300,20,20,30
esporte_lazer,2625,34,25,18
perfumaria,400,30,16,22
papelaria,350,21,7,15
brinquedos,200,16,8,11
automotivo,2875,60,21,25
esporte_lazer,300,16,16,16
cama_mesa_banho,666,36,5,27
esporte_lazer,150,22,6,15
moveis_escritorio,15000,50,90,50
utilidades_domesticas,1350,20,26,20
utilidades_domesticas,1800,30,30,30
automotivo,600,20,10,15
esporte_lazer,525,29,16,20
perfumaria,400,16,16,11
moveis_decoracao,550,24,26,24
relogios_presentes,146,17,12,14
informatica_acessorios,837,37,14,14
bebes,11400,65,15,70
pet_shop,3650,36,16,26
moveis_decoracao,6000,60,30,35
beleza_saude,3400,21,25,20
cama_mesa_banho,450,20,10,12
esporte_lazer,600,16,16,16
construcao_ferramentas_construcao,1150,25,25,25
brinquedos,1053,31,10,31
utilidades_domesticas,1000,22,10,18
pet_shop,450,20,20,17
eletronicos,16283,19,14,15
beleza_saude,900,23,5,15
brinquedos,200,20,9,12
perfumaria,200,22,10,19
bebes,650,36,31,19
bebes,2550,56,61,28
esporte_lazer,600,16,15,15
cool_stuff,1700,25,26,83
cama_mesa_banho,250,22,5,16
eletronicos,400,16,16,11
cama_mesa_banho,250,25,10,20
cama_mesa_banho,700,50,16,16
pet_shop,6700,50,20,40
brinquedos,750,30,17,30
utilidades_domesticas,1450,31,25,27
beleza_saude,430,22,17,21
beleza_saude,200,22,10,18
utilidades_domesticas,300,25,10,36
ferramentas_jardim,200,30,10,20
construcao_ferramentas_construcao,200,16,10,11
relogios_presentes,400,23,15,19
beleza_saude,50,20,20,16
instrumentos_musicais,1200,28,11,26
telefonia,200,27,5,20
brinquedos,9080,57,24,45
telefonia,225,20,5,13
casa_conforto,10150,45,30,45
livros_tecnicos,1900,17,7,23
esporte_lazer,227,26,15,19
ferramentas_jardim,1450,20,20,20
relogios_presentes,400,16,2,11
cama_mesa_banho,1950,34,9,33
beleza_saude,300,16,6,11
moveis_decoracao,900,35,10,35
automotivo,300,24,18,18
moveis_decoracao,2200,50,20,40
beleza_saude,606,19,12,16
relogios_presentes,167,21,13,16
eletronicos,3050,40,8,40
perfumaria,1000,22,9,15
casa_construcao,8700,30,35,30
bebes,213,17,8,12
eletronicos,100,23,8,12
beleza_saude,200,16,9,14
esporte_lazer,400,28,19,19
construcao_ferramentas_construcao,9500,44,15,33
brinquedos,600,52,9,19
pet_shop,3000,105,16,16
cama_mesa_banho,1150,55,15,45
automotivo,500,35,15,35
automotivo,100,23,5,23
eletronicos,403,19,8,12
ferramentas_jardim,860,31,15,14
esporte_lazer,4250,20,20,20
malas_acessorios,20850,50,50,50
climatizacao,4500,55,16,26
eletrodomesticos,1200,35,20,30
esporte_lazer,1300,100,8,15
esporte_lazer,1500,20,17,17
relogios_presentes,409,16,11,12
esporte_lazer,725,19,14,15
pet_shop,4600,46,27,28
eletronicos,575,26,26,26
climatizacao,375,24,12,17
beleza_saude,550,20,14,14
moveis_decoracao,1200,30,30,30
relogios_presentes,400,20,14,16
fashion_esporte,500,26,10,22
esporte_lazer,600,23,11,20
esporte_lazer,900,16,8,13
moveis_decoracao,300,69,11,11
esporte_lazer,300,26,3,15
esporte_lazer,600,20,13,13
malas_acessorios,575,44,8,33
moveis_decoracao,1500,35,40,35
relogios_presentes,500,38,12,38
papelaria,700,19,44,31
papelaria,250,20,20,20
ferramentas_jardim,1000,40,3,15
moveis_decoracao,300,16,6,20
cool_stuff,2300,42,25,15
bebes,13100,38,47,44
moveis_decoracao,300,20,11,16
automotivo,100,16,5,11
utilidades_domesticas,725,29,15,23
moveis_cozinha_area_de_servico_jantar_e_jardim,3400,85,8,26
moveis_decoracao,1300,50,30,30
esporte_lazer,10800,28,8,11
brinquedos,3150,39,30,29
beleza_saude,1233,21,22,16
moveis_quarto,16300,65,35,35
casa_construcao,1100,25,20,25
bebes,200,16,6,11
consoles_games,100,20,3,15
brinquedos,6050,81,8,56
moveis_decoracao,1170,22,12,20
esporte_lazer,5750,33,15,18
alimentos_bebidas,350,16,2,12
informatica_acessorios,500,16,6,48
eletronicos,1117,19,14,19
cama_mesa_banho,550,16,10,11
informatica_acessorios,200,39,9,20
consoles_games,300,16,2,12
cama_mesa_banho,1200,20,16,20
esporte_lazer,1100,47,10,15
utilidades_domesticas,3100,18,18,18
utilidades_domesticas,2000,38,25,32
esporte_lazer,175,18,9,16
beleza_saude,19600,40,35,46
automotivo,5300,42,12,27
cama_mesa_banho,1420,38,13,31
esporte_lazer,9000,50,30,20
beleza_saude,5400,38,18,22
cama_mesa_banho,850,25,5,25
telefonia,167,18,5,11
esporte_lazer,1500,80,14,16
eletronicos,150,18,5,24
utilidades_domesticas,350,20,30,30
cama_mesa_banho,900,37,23,35
fashion_bolsas_e_acessorios,150,16,16,16
esporte_lazer,1050,25,20,20
esporte_lazer,9200,48,26,29
relogios_presentes,250,19,14,16
moveis_decoracao,1200,34,8,22
moveis_decoracao,3250,31,43,21
moveis_escritorio,13550,58,55,24
telefonia,200,20,20,20
cama_mesa_banho,950,37,23,35
ferramentas_jardim,2150,26,13,16
relogios_presentes,400,19,10,15
beleza_saude,900,20,15,20
beleza_saude,350,20,15,15
automotivo,17950,60,60,37
papelaria,1450,100,20,11
utilidades_domesticas,650,24,5,18
relogios_presentes,350,16,12,11
beleza_saude,200,19,11,23
moveis_cozinha_area_de_servico_jantar_e_jardim,1100,20,16,30
eletronicos,3000,46,6,19
informatica_acessorios,250,16,3,11
consoles_games,346,18,8,15
moveis_decoracao,3100,36,14,26
bebes,350,25,5,17
automotivo,100,30,5,20
moveis_decoracao,6050,36,23,14
perfumaria,195,16,11,14
moveis_decoracao,1500,38,7,28
cama_mesa_banho,13050,55,40,40
perfumaria,50,16,5,11
sinalizacao_e_seguranca,975,30,16,17
beleza_saude,1500,16,35,11
cama_mesa_banho,2100,37,23,35
utilidades_domesticas,650,16,16,16
cine_foto,150,16,8,11
cama_mesa_banho,2146,42,11,36
beleza_saude,700,22,6,12
cool_stuff,3400,28,24,14
pet_shop,163,18,9,14
relogios_presentes,288,18,12,14
moveis_decoracao,400,25,5,17
relogios_presentes,250,18,9,17
casa_construcao,2650,40,100,20
cool_stuff,2600,34,20,34
construcao_ferramentas_ferramentas,1550,30,12,20
eletronicos,150,18,12,13
informatica_acessorios,100,16,16,16
beleza_saude,1307,23,26,20
automotivo,900,25,20,25
beleza_saude,333,17,17,15
cama_mesa_banho,30000,80,40,70
utilidades_domesticas,1200,20,15,16
informatica_acessorios,300,16,16,11
automotivo,6900,65,13,65
utilidades_domesticas,500,37,13,37
esporte_lazer,7400,49,22,41
perfumaria,1500,30,12,28
eletroportateis,4925,35,45,34
utilidades_domesticas,1750,70,15,20
utilidades_domesticas,600,21,21,21
cama_mesa_banho,225,21,10,14
beleza_saude,100,19,5,13
cama_mesa_banho,98,25,8,19
informatica_acessorios,573,21,14,11
esporte_lazer,350,30,10,20
bebes,400,30,10,30
ferramentas_jardim,1214,30,17,17
consoles_games,650,16,16,16
cool_stuff,2150,42,25,15
cama_mesa_banho,250,30,4,40
esporte_lazer,1600,80,20,25
relogios_presentes,100,16,2,20
beleza_saude,19300,26,61,40
beleza_saude,50,19,11,23
moveis_decoracao,1150,30,20,30
relogios_presentes,400,24,8,12
cool_stuff,300,16,5,16
cama_mesa_banho,950,42,29,28
brinquedos,888,25,21,20
esporte_lazer,2650,20,20,20
cama_mesa_banho,700,20,10,15
esporte_lazer,683,20,19,19
esporte_lazer,1250,60,15,15
relogios_presentes,250,16,2,20
beleza_saude,355,16,15,14
cama_mesa_banho,850,45,15,35
moveis_decoracao,500,55,6,11
moveis_decoracao,5700,30,30,30
moveis_decoracao,1550,60,14,14
informatica_acessorios,525,23,11,16
construcao_ferramentas_iluminacao,7900,20,16,59
moveis_decoracao,400,16,5,20
beleza_saude,725,20,16,19
utilidades_domesticas,100,30,11,11
esporte_lazer,175,17,10,13
brinquedos,600,35,12,20
informatica_acessorios,300,21,7,14
moveis_decoracao,800,21,34,34
moveis_decoracao,7700,22,19,22
utilidades_domesticas,2700,28,18,20
eletroportateis,350,27,5,12
papelaria,650,16,3,11
telefonia,350,17,4,13
livros_tecnicos,550,24,3,17
telefonia,175,18,4,16
eletrodomesticos,250,27,13,17
esporte_lazer,300,33,21,27
cool_stuff,1100,30,12,16
moveis_decoracao,1500,53,8,11
consoles_games,400,20,30,20
moveis_escritorio,22550,79,12,40
cama_mesa_banho,1500,38,7,28
utilidades_domesticas,700,35,12,28
automotivo,350,25,25,25
cama_mesa_banho,300,31,6,26
esporte_lazer,700,43,15,35
livros_interesse_geral,200,24,2,16
pet_shop,2500,65,50,45
moveis_decoracao,600,16,5,20
cool_stuff,882,28,14,19
cama_mesa_banho,300,26,3,26
moveis_sala,2700,47,6,47
moveis_decoracao,350,16,16,22
cama_mesa_banho,1200,38,20,25
pet_shop,11350,80,26,26
automotivo,1850,95,16,35
ferramentas_jardim,7950,53,30,31
automotivo,1300,16,30,12
perfumaria,100,16,7,12
informatica_acessorios,450,18,9,16
construcao_ferramentas_ferramentas,2708,29,17,17
esporte_lazer,360,18,14,16
consoles_games,150,22,26,25
eletroportateis,100,30,5,11
cama_mesa_banho,16000,45,15,25
consoles_games,600,24,20,27
beleza_saude,1200,16,9,13
beleza_saude,450,19,11,13
informatica_acessorios,24050,60,40,60
utilidades_domesticas,148,25,27,22
automotivo,398,18,10,15
moveis_decoracao,1050,20,35,20
esporte_lazer,15600,55,26,29
malas_acessorios,1200,19,44,35
beleza_saude,364,18,14,14
utilidades_domesticas,1050,100,3,15
perfumaria,113,16,4,19
brinquedos,900,19,33,46
brinquedos,700,29,7,16
utilidades_domesticas,2900,52,3,32
moveis_decoracao,300,16,5,20
esporte_lazer,1400,21,16,16
brinquedos,1800,43,40,40
automotivo,150,20,20,20
cama_mesa_banho,2100,45,15,35
moveis_decoracao,700,40,15,11
esporte_lazer,950,35,14,15
informatica_acessorios,225,18,10,16
eletronicos,1700,32,5,26
construcao_ferramentas_construcao,150,16,6,11
utilidades_domesticas,1000,43,11,37
moveis_decoracao,5300,57,15,37
moveis_cozinha_area_de_servico_jantar_e_jardim,6950,47,23,37
cama_mesa_banho,8550,40,32,40
brinquedos,3250,32,14,17
beleza_saude,300,23,7,12
esporte_lazer,3600,30,32,30
utilidades_domesticas,2050,25,10,25
cama_mesa_banho,18900,41,15,51
moveis_decoracao,100,16,5,11
eletrodomesticos,450,27,13,17
utilidades_domesticas,400,16,12,12
cama_mesa_banho,1300,38,7,28
moveis_decoracao,400,65,11,11
cama_mesa_banho,1550,40,10,30
brinquedos,350,16,13,16
pet_shop,200,20,20,20
perfumaria,1800,27,18,32
esporte_lazer,600,20,20,20
beleza_saude,1067,22,19,19
utilidades_domesticas,200,25,10,11
cama_mesa_banho,550,40,5,30
bebes,100,16,6,11
automotivo,21000,65,44,44
automotivo,550,33,27,26
utilidades_domesticas,10100,48,30,16
brinquedos,900,35,8,36
utilidades_domesticas,900,31,13,15
telefonia,100,24,2,18
bebes,5900,30,50,40
cama_mesa_banho,950,34,7,32
fashion_calcados,450,25,15,35
cool_stuff,600,25,37,36
informatica_acessorios,100,16,3,13
moveis_decoracao,700,22,12,15
automotivo,8400,77,4,47
moveis_decoracao,50,52,11,11
utilidades_domesticas,350,60,10,15
eletrodomesticos_2,14150,34,34,56
alimentos,140,23,14,18
eletrodomesticos,1250,65,8,38
moveis_decoracao,1000,100,5,20
brinquedos,2363,23,27,19
esporte_lazer,267,16,9,11
brinquedos,800,35,25,25
cama_mesa_banho,1500,30,20,25
papelaria,600,16,4,11
moveis_escritorio,15200,58,28,58
ferramentas_jardim,350,21,14,14
beleza_saude,400,24,24,16
cama_mesa_banho,1950,40,3,40
cama_mesa_banho,950,16,10,16
cama_mesa_banho,1750,50,10,40
moveis_decoracao,2650,30,30,30
cama_mesa_banho,1700,34,7,32
cama_mesa_banho,1000,40,5,25
utilidades_domesticas,200,30,10,16
fashion_roupa_masculina,800,45,10,35
informatica_acessorios,368,19,11,14
eletrodomesticos,8050,35,46,35
utilidades_domesticas,3500,36,30,32
beleza_saude,293,21,12,17
eletroportateis,3900,43,43,20
ferramentas_jardim,400,16,7,16
informatica_acessorios,400,28,6,13
beleza_saude,150,16,7,15
utilidades_domesticas,400,20,11,11
bebes,550,30,10,20
utilidades_domesticas,800,21,22,20
pet_shop,5300,30,30,35
cama_mesa_banho,2150,40,6,30
informatica_acessorios,140,22,14,14
beleza_saude,1607,22,16,18
eletronicos,500,41,5,16
climatizacao,500,19,16,16
eletrodomesticos_2,7500,55,10,82
instrumentos_musicais,1400,50,18,45
esporte_lazer,6600,22,12,12
fashion_bolsas_e_acessorios,200,17,9,17
brinquedos,250,25,30,20
moveis_decoracao,1250,65,11,11
automotivo,4250,65,25,25
moveis_decoracao,350,22,22,18
utilidades_domesticas,9550,40,40,40
esporte_lazer,1800,52,8,21
papelaria,100,16,6,11
informatica_acessorios,200,25,8,11
fashion_bolsas_e_acessorios,50,17,3,12
esporte_lazer,1300,31,35,31
beleza_saude,1200,20,20,20
brinquedos,1200,28,13,21
eletrodomesticos,300,18,8,13
esporte_lazer,1800,30,24,28
papelaria,750,25,10,19
utilidades_domesticas,17500,66,23,51
moveis_decoracao,1400,69,11,11
relogios_presentes,900,23,15,19
moveis_decoracao,100,16,3,16
automotivo,1400,105,7,25
livros_tecnicos,250,21,2,14
brinquedos,6500,60,20,40
moveis_decoracao,5700,20,30,20
perfumaria,450,23,8,15
automotivo,600,20,20,20
moveis_decoracao,10150,45,30,45
informatica_acessorios,9050,45,48,25
automotivo,125,16,20,20
informatica_acessorios,800,33,12,12
esporte_lazer,700,16,15,15
moveis_decoracao,333,52,5,37
eletroportateis,13700,40,30,40
automotivo,400,16,4,11
beleza_saude,675,31,21,21
cama_mesa_banho,1100,40,27,17
beleza_saude,2200,36,11,19
utilidades_domesticas,925,22,8,32
esporte_lazer,100,16,5,16
construcao_ferramentas_construcao,3050,16,16,16
perfumaria,541,21,15,16
beleza_saude,450,20,12,12
papelaria,850,21,7,15
informatica_acessorios,850,30,15,15
cama_mesa_banho,1500,40,15,32
eletronicos,500,22,11,11
relogios_presentes,350,18,9,14
ferramentas_jardim,300,27,4,11
automotivo,7000,56,11,32
relogios_presentes,500,20,12,15
automotivo,425,20,5,19
beleza_saude,150,16,11,11
esporte_lazer,700,30,36,20
papelaria,1775,39,22,22
papelaria,300,25,20,20
beleza_saude,1200,18,14,14
automotivo,1225,55,10,26
consoles_games,1000,20,30,20
telefonia,150,19,15,15
fashion_roupa_masculina,650,20,20,20
cama_mesa_banho,1150,45,10,15
cama_mesa_banho,195,32,4,23
automotivo,100,17,17,17
cama_mesa_banho,600,70,10,40
instrumentos_musicais,850,26,4,22
esporte_lazer,17550,105,65,25
utilidades_domesticas,6900,24,12,24
automotivo,4350,78,4,47
brinquedos,700,37,7,25
telefonia,200,25,2,18
moveis_decoracao,7300,66,12,45
informatica_acessorios,1217,27,22,25
brinquedos,550,19,8,11
utilidades_domesticas,14350,50,50,50
casa_construcao,800,38,38,22
beleza_saude,675,16,14,15
automotivo,400,24,5,11
cama_mesa_banho,1000,34,5,26
utilidades_domesticas,800,25,25,25
eletronicos,1850,56,12,39
perfumaria,117,16,11,13
bebes,450,25,16,29
pet_shop,217,17,11,13
cama_mesa_banho,745,32,4,26
livros_tecnicos,250,40,2,12
cool_stuff,1700,65,25,25
esporte_lazer,300,20,5,20
esporte_lazer,1000,16,20,16
beleza_saude,300,21,8,27
utilidades_domesticas,417,19,11,18
brinquedos,2900,54,41,25
brinquedos,245,20,17,9
utilidades_domesticas,1100,50,16,25
beleza_saude,2200,20,20,20
consoles_games,400,30,7,25
informatica_acessorios,200,20,6,11
esporte_lazer,7750,52,22,32
automotivo,5950,53,43,11
cama_mesa_banho,1100,45,10,15
ferramentas_jardim,10700,46,40,46
livros_importados,1000,29,3,21
moveis_decoracao,400,40,11,35
ferramentas_jardim,3000,50,17,38
automotivo,1100,17,12,16
telefonia,100,16,13,16
informatica_acessorios,1400,16,17,23
cama_mesa_banho,800,25,5,25
alimentos,1400,16,20,15
utilidades_domesticas,17950,56,28,56
relogios_presentes,1100,30,15,30
bebidas,1360,23,23,23
moveis_decoracao,150,22,22,22
informatica_acessorios,900,32,11,11
eletrodomesticos,100,20,2,26
automotivo,7300,47,19,23
moveis_decoracao,1400,20,20,20
cama_mesa_banho,3400,45,15,35
cama_mesa_banho,3718,44,16,40
esporte_lazer,2150,50,30,30
alimentos_bebidas,1250,23,19,22
telefonia_fixa,675,20,23,19
moveis_escritorio,9300,53,74,18
eletronicos,300,24,11,16
esporte_lazer,1000,94,15,15
cama_mesa_banho,467,45,4,35
construcao_ferramentas_seguranca,3125,40,21,32
fashion_bolsas_e_acessorios,150,43,16,27
utilidades_domesticas,1300,38,6,38
moveis_decoracao,300,35,35,15
cama_mesa_banho,1800,40,6,30
beleza_saude,867,13,14,12
cama_mesa_banho,1900,45,25,35
eletrodomesticos,300,24,11,16
malas_acessorios,800,46,10,34
beleza_saude,300,19,17,15
cama_mesa_banho,1050,16,10,16
utilidades_domesticas,30000,60,60,60
brinquedos,270,26,9,16
beleza_saude,250,26,26,11
moveis_decoracao,550,16,12,21
cama_mesa_banho,500,45,15,35
cama_mesa_banho,1150,44,2,35
moveis_decoracao,100,19,3,12
informatica_acessorios,400,16,10,11
utilidades_domesticas,9350,40,35,40
utilidades_domesticas,3700,40,34,21
moveis_decoracao,500,32,18,18
brinquedos,1150,44,14,30
esporte_lazer,300,16,4,20
beleza_saude,650,20,14,15
perfumaria,200,20,10,15
malas_acessorios,700,100,11,11
relogios_presentes,400,16,11,11
automotivo,2000,54,17,24
beleza_saude,350,19,13,14
audio,300,16,9,11
relogios_presentes,757,19,14,15
cama_mesa_banho,1800,47,21,41
utilidades_domesticas,1450,27,29,26
utilidades_domesticas,3200,30,13,28
eletrodomesticos,350,16,35,25
esporte_lazer,360,30,13,22
bebes,26000,84,25,50
moveis_decoracao,3450,30,35,30
ferramentas_jardim,300,17,6,11
consoles_games,150,23,3,18
livros_tecnicos,350,21,2,14
malas_acessorios,9500,76,32,49
cool_stuff,1800,27,12,21
utilidades_domesticas,17950,43,68,41
telefonia,200,18,5,12
automotivo,700,25,20,20
instrumentos_musicais,1650,52,5,47
malas_acessorios,700,46,10,33
cama_mesa_banho,850,30,10,25
cool_stuff,600,16,14,15
cama_mesa_banho,20900,45,15,35
cama_mesa_banho,1300,44,2,35
moveis_decoracao,1500,30,25,25
livros_tecnicos,1300,29,3,21
esporte_lazer,6850,20,30,20
bebidas,1003,33,13,33
perfumaria,333,20,13,14
eletronicos,400,26,8,18
eletroportateis,7500,41,26,27
pet_shop,3500,39,20,46
cama_mesa_banho,1300,37,23,35
perfumaria,350,16,16,16
brinquedos,1200,32,50,20
malas_acessorios,600,80,11,11
beleza_saude,1617,19,15,18
cama_mesa_banho,1000,38,6,29
informatica_acessorios,200,16,23,19
moveis_quarto,1700,54,7,15
esporte_lazer,1600,25,8,25
beleza_saude,550,16,9,11
informatica_acessorios,200,32,12,12
relogios_presentes,140,16,14,14
brinquedos,350,16,16,16
esporte_lazer,3000,36,22,24
telefonia,200,16,15,15
cama_mesa_banho,950,29,4,21
cama_mesa_banho,3600,34,8,38
esporte_lazer,200,33,4,13
utilidades_domesticas,7100,25,52,37
fashion_bolsas_e_acessorios,300,16,5,14
construcao_ferramentas_jardim,215,21,7,15
beleza_saude,150,23,4,17
esporte_lazer,1625,21,28,17
moveis_decoracao,3000,70,15,15
cama_mesa_banho,1050,38,10,38
cool_stuff,250,16,3,11
portateis_casa_forno_e_cafe,5217,48,36,16
utilidades_domesticas,5550,40,10,30
instrumentos_musicais,550,16,6,12
sinalizacao_e_seguranca,350,23,4,20
esporte_lazer,3050,62,10,22
livros_tecnicos,1250,29,3,21
malas_acessorios,700,17,44,37
utilidades_domesticas,4150,29,28,23
beleza_saude,300,28,24,11
esporte_lazer,1250,32,15,36
brinquedos,2444,45,22,41
moveis_escritorio,13350,57,56,22
utilidades_domesticas,600,26,21,21
telefonia,231,18,13,14
papelaria,1900,20,50,38
automotivo,16900,40,30,30
sinalizacao_e_seguranca,150,23,8,16
informatica_acessorios,183,16,16,11
informatica_acessorios,225,16,15,13
fashion_bolsas_e_acessorios,50,16,5,16
informatica_acessorios,200,16,4,20
beleza_saude,606,19,11,16
moveis_decoracao,2000,11,11,52
cool_stuff,1925,30,32,27
bebes,600,23,18,26
automotivo,50,30,30,30
utilidades_domesticas,550,27,5,20
instrumentos_musicais,900,42,8,40
instrumentos_musicais,1900,35,15,20
eletrodomesticos,500,20,13,15
beleza_saude,800,21,20,16
malas_acessorios,9075,29,39,45
casa_conforto,3500,40,20,40
cama_mesa_banho,4150,26,26,36
esporte_lazer,8700,32,10,11
automotivo,150,16,7,11
moveis_decoracao,303,25,2,17
esporte_lazer,7150,90,20,25
moveis_decoracao,11850,74,8,74
telefonia,651,20,15,22
esporte_lazer,200,20,15,20
bebes,15200,48,61,47
cool_stuff,21900,105,31,31
beleza_saude,850,25,13,16
esporte_lazer,329,19,13,16
papelaria,7150,60,20,29
beleza_saude,5150,16,16,16
consoles_games,250,20,3,16
automotivo,400,40,20,30
cama_mesa_banho,7850,16,56,50
beleza_saude,300,19,7,12
utilidades_domesticas,750,23,18,23
utilidades_domesticas,1000,30,12,30
beleza_saude,450,20,15,15
moveis_decoracao,3400,30,40,40
bebes,800,40,30,50
beleza_saude,650,16,16,16
moveis_decoracao,2500,47,21,41
livros_interesse_geral,450,23,4,16
pet_shop,450,23,4,21
cama_mesa_banho,525,24,7,29
utilidades_domesticas,2800,50,50,50
informatica_acessorios,200,20,12,12
automotivo,50,24,2,17
beleza_saude,1300,20,20,20
utilidades_domesticas,175,24,18,24
alimentos,930,28,12,12
relogios_presentes,280,16,7,14
perfumaria,552,23,14,19
cama_mesa_banho,1650,50,5,50
cama_mesa_banho,1000,40,10,30
bebes,2200,16,35,49
bebes,650,20,8,14
perfumaria,150,22,18,17
ferramentas_jardim,9200,33,7,33
moveis_decoracao,900,28,15,18
fashion_bolsas_e_acessorios,200,16,11,11
perfumaria,150,17,7,12
casa_conforto,950,30,20,30
informatica_acessorios,500,25,5,15
bebes,16500,43,83,43
moveis_decoracao,650,69,11,11
esporte_lazer,5100,60,30,30
moveis_decoracao,1150,35,23,35
informatica_acessorios,200,18,4,14
bebes,23033,49,84,49
brinquedos,430,38,12,20
alimentos,250,20,6,11
cool_stuff,100,20,6,15
beleza_saude,310,16,12,9
moveis_sala,30000,80,60,60
moveis_decoracao,14600,84,8,84
beleza_saude,1650,31,26,29
brinquedos,150,16,12,18
cool_stuff,1650,23,68,25
ferramentas_jardim,1050,22,21,16
utilidades_domesticas,900,25,15,15
brinquedos,1400,41,4,41
telefonia,100,20,4,15
informatica_acessorios,600,35,18,35
market_place,500,16,16,16
perfumaria,563,25,11,18
eletronicos,150,21,7,14
moveis_decoracao,7500,47,37,38
cama_mesa_banho,550,25,2,20
beleza_saude,434,21,14,21
malas_acessorios,325,18,18,16
cama_mesa_banho,600,60,10,40
esporte_lazer,675,41,21,21
eletronicos,501,19,10,91
beleza_saude,537,23,8,14
relogios_presentes,400,28,10,18
eletroportateis,11800,40,43,36
bebes,13700,55,30,55
instrumentos_musicais,550,17,7,12
relogios_presentes,350,23,12,15
eletronicos,5525,20,18,15
sinalizacao_e_seguranca,2775,49,50,30
cool_stuff,1100,42,25,15
ferramentas_jardim,6800,77,14,34
automotivo,50,17,10,15
informatica_acessorios,1425,23,18,18
informatica_acessorios,667,17,9,16
perfumaria,450,21,14,15
relogios_presentes,287,18,13,14
ferramentas_jardim,700,20,18,19
esporte_lazer,850,44,22,32
beleza_saude,1097,18,18,16
malas_acessorios,16200,26,57,39
cama_mesa_banho,1900,45,15,35
moveis_decoracao,1500,69,11,11
telefonia_fixa,900,21,8,22
papelaria,400,35,16,16
beleza_saude,400,25,5,12
utilidades_domesticas,800,30,10,25
telefonia,400,20,11,13
moveis_decoracao,2750,69,11,11
telefonia_fixa,750,30,10,20
beleza_saude,1500,20,22,22
eletroportateis,2167,19,20,18
bebes,10875,68,44,35
construcao_ferramentas_construcao,2100,34,18,18
fraldas_higiene,700,35,7,29
ferramentas_jardim,14350,40,50,40
informatica_acessorios,939,26,17,18
relogios_presentes,560,18,11,16
esporte_lazer,4950,90,21,21
eletrodomesticos,8400,55,13,46
moveis_decoracao,7400,45,45,45
automotivo,1350,21,21,21
beleza_saude,300,16,16,16
beleza_saude,550,20,20,20
beleza_saude,900,94,31,41
pet_shop,5000,40,20,50
cama_mesa_banho,1850,45,15,35
moveis_decoracao,1500,25,33,25
casa_conforto,3200,20,30,46
cama_mesa_banho,1517,32,5,29
cama_mesa_banho,1650,28,25,11
perfumaria,463,17,14,13
cool_stuff,200,20,5,15
esporte_lazer,1125,31,29,29
utilidades_domesticas,200,20,15,15
automotivo,350,30,15,25
esporte_lazer,175,22,7,15
informatica_acessorios,217,17,9,14
cama_mesa_banho,2075,35,9,25
automotivo,7050,102,4,41
esporte_lazer,2000,33,30,30
moveis_cozinha_area_de_servico_jantar_e_jardim,25400,45,86,27
moveis_escritorio,7500,58,28,58
moveis_decoracao,500,20,5,48
moveis_decoracao,2000,40,11,34
informatica_acessorios,1850,30,16,16
informatica_acessorios,8900,19,13,32
cama_mesa_banho,300,16,10,16
cama_mesa_banho,1500,49,16,39
beleza_saude,100,25,2,15
fashion_roupa_feminina,200,16,2,20
automotivo,900,18,7,14
beleza_saude,150,26,7,16
automotivo,150,16,6,11
ferramentas_jardim,363,18,26,17
perfumaria,400,16,10,11
moveis_decoracao,5070,56,38,48
utilidades_domesticas,300,16,6,12
cama_mesa_banho,1050,20,16,20
beleza_saude,879,31,15,24
beleza_saude,500,20,7,20
beleza_saude,300,20,2,25
relogios_presentes,500,23,16,16
brinquedos,621,34,8,31
construcao_ferramentas_jardim,1700,22,22,14
construcao_ferramentas_construcao,2750,16,2,11
cool_stuff,13400,52,44,27
instrumentos_musicais,14100,61,58,24
cool_stuff,100,16,15,11
beleza_saude,750,19,13,15
eletronicos,150,25,7,16
automotivo,300,35,3,26
moveis_decoracao,1800,41,9,34
automotivo,200,16,10,16
cama_mesa_banho,14050,16,10,16
utilidades_domesticas,917,29,16,16
bebes,350,30,30,20
pet_shop,1450,40,20,30
cama_mesa_banho,1350,46,2,36
beleza_saude,200,16,14,16
relogios_presentes,233,17,11,15
malas_acessorios,400,20,10,16
automotivo,2550,20,20,20
utilidades_domesticas,3700,50,32,70
pet_shop,4417,27,27,13
moveis_decoracao,2700,47,10,35
informatica_acessorios,1200,38,24,12
ferramentas_jardim,3950,16,64,38
climatizacao,600,27,13,17
utilidades_domesticas,1850,16,25,12
relogios_presentes,6750,46,20,44
eletronicos,150,24,12,18
cama_mesa_banho,1000,30,5,30
beleza_saude,200,23,7,15
beleza_saude,350,18,11,11
pcs,2650,16,31,39
beleza_saude,2250,35,8,35
cama_mesa_banho,6400,30,6,25
utilidades_domesticas,950,28,18,28
cama_mesa_banho,4900,42,12,42
beleza_saude,800,30,30,30
cama_mesa_banho,12000,60,23,54
pet_shop,7300,25,25,25
eletrodomesticos,100,20,13,15
ferramentas_jardim,353,26,14,14
beleza_saude,1250,16,32,12
automotivo,3800,47,19,23
moveis_decoracao,2450,65,8,45
esporte_lazer,700,48,15,32
fashion_bolsas_e_acessorios,2100,16,5,11
brinquedos,475,54,13,26
informatica_acessorios,200,21,14,15
esporte_lazer,1600,42,10,22
utilidades_domesticas,450,24,8,15
beleza_saude,1250,26,21,16
utilidades_domesticas,3950,65,15,35
moveis_decoracao,4450,105,5,69
brinquedos,6350,55,25,20
cama_mesa_banho,1650,36,12,26
beleza_saude,350,16,7,11
automotivo,10550,70,30,30
utilidades_domesticas,5950,33,26,33
papelaria,1100,42,20,31
malas_acessorios,700,49,10,34
alimentos_bebidas,472,19,16,16
pet_shop,7300,49,29,34
pet_shop,417,19,17,16
utilidades_domesticas,9600,25,32,24
industria_comercio_e_negocios,400,20,20,30
perfumaria,613,18,16,18
cama_mesa_banho,4325,54,19,42
cool_stuff,2250,42,25,15
cool_stuff,500,27,5,27
papelaria,1250,16,39,37
eletroportateis,3600,35,40,34
relogios_presentes,521,18,11,14
papelaria,158,16,5,16
livros_interesse_geral,650,25,12,20
eletrodomesticos,500,19,13,20
agro_industria_e_comercio,5047,58,44,28
perfumaria,600,18,18,18
brinquedos,650,28,13,15
esporte_lazer,2450,25,8,25
utilidades_domesticas,9700,28,26,26
construcao_ferramentas_iluminacao,750,16,20,16
esporte_lazer,350,31,18,18
papelaria,300,30,15,18
relogios_presentes,500,16,13,13
perfumaria,1600,45,10,24
moveis_decoracao,600,68,8,13
market_place,5000,40,40,40
bebes,29250,42,58,60
moveis_decoracao,6200,18,5,20
moveis_decoracao,25325,95,25,64
relogios_presentes,400,19,15,20
utilidades_domesticas,450,25,22,24
utilidades_domesticas,16300,80,23,33
climatizacao,5524,42,37,28
informatica_acessorios,2500,31,12,31
esporte_lazer,3400,36,41,36
moveis_decoracao,650,68,8,13
perfumaria,300,16,16,16
bebes,150,16,5,16
papelaria,300,16,4,11
beleza_saude,11450,80,26,26
automotivo,250,19,19,14
fashion_bolsas_e_acessorios,50,17,4,13
relogios_presentes,400,16,12,12
bebes,1350,60,20,50
agro_industria_e_comercio,3450,33,36,33
papelaria,250,24,7,14
esporte_lazer,500,30,5,20
livros_interesse_geral,1200,16,2,11
informatica_acessorios,950,30,16,16
cama_mesa_banho,1983,29,49,58
ferramentas_jardim,600,25,32,25
pet_shop,2700,43,39,20
beleza_saude,200,25,10,15
informatica_acessorios,350,19,3,13
bebes,100,22,23,16
cama_mesa_banho,1650,40,15,32
moveis_decoracao,200,35,2,25
esporte_lazer,1350,16,16,20
beleza_saude,1400,20,20,20
utilidades_domesticas,2700,44,34,16
construcao_ferramentas_construcao,10100,60,20,40
esporte_lazer,2400,40,10,40
eletrodomesticos_2,6600,42,42,26
perfumaria,325,33,33,31
beleza_saude,150,19,14,16
bebes,1400,75,15,50
automotivo,800,41,45,11
moveis_decoracao,450,30,20,20
brinquedos,650,45,15,35
cool_stuff,300,26,5,21
utilidades_domesticas,3000,62,12,25
informatica_acessorios,450,42,3,15
esporte_lazer,200,20,4,15
informatica_acessorios,749,25,13,24
utilidades_domesticas,600,30,30,30
informatica_acessorios,300,32,5,16
esporte_lazer,100,16,13,16
moveis_decoracao,650,65,11,11
beleza_saude,1150,19,15,15
moveis_decoracao,950,68,30,11
ferramentas_jardim,2660,34,25,16
relogios_presentes,325,19,8,14
automotivo,2100,28,32,38
relogios_presentes,240,19,13,19
utilidades_domesticas,1000,25,30,25
moveis_decoracao,867,52,6,42
brinquedos,500,30,20,20
automotivo,6600,44,25,39
cool_stuff,200,23,15,15
utilidades_domesticas,300,40,5,40
fashion_bolsas_e_acessorios,900,43,16,27
utilidades_domesticas,5675,25,25,60
automotivo,200,25,7,12
beleza_saude,500,20,12,13
moveis_decoracao,600,52,11,11
eletronicos,600,16,16,11
bebes,550,43,25,33
esporte_lazer,400,27,9,14
beleza_saude,633,18,16,14
construcao_ferramentas_jardim,1225,45,28,28
moveis_decoracao,13650,45,35,45
instrumentos_musicais,2138,71,13,47
casa_conforto,2200,54,9,28
utilidades_domesticas,10550,30,50,30
beleza_saude,1150,26,12,24
utilidades_domesticas,600,25,8,15
beleza_saude,1100,32,8,38
esporte_lazer,600,22,14,22
fashion_bolsas_e_acessorios,200,16,16,16
papelaria,600,35,35,20
informatica_acessorios,300,22,12,20
utilidades_domesticas,1150,25,6,20
cool_stuff,2035,27,13,15
moveis_decoracao,2300,33,12,33
brinquedos,450,27,11,13
moveis_decoracao,700,60,7,14
esporte_lazer,150,17,15,16
utilidades_domesticas,9900,53,30,34
telefonia_fixa,500,17,13,14
instrumentos_musicais,7450,40,40,40
cama_mesa_banho,2067,38,5,35
ferramentas_jardim,600,24,22,24
perfumaria,200,16,7,14
brinquedos,1750,34,19,21
fashion_bolsas_e_acessorios,250,20,9,11
utilidades_domesticas,2250,52,3,32
moveis_sala,3300,46,9,56
informatica_acessorios,200,16,4,13
telefonia,150,18,6,20
perfumaria,457,23,14,19
utilidades_domesticas,5100,60,17,90
telefonia,200,19,6,15
relogios_presentes,530,17,12,17
brinquedos,3000,33,37,22
utilidades_domesticas,300,25,20,20
automotivo,550,36,8,15
moveis_decoracao,3400,41,15,25
esporte_lazer,1563,20,16,17
esporte_lazer,3400,45,15,35
livros_interesse_geral,364,20,25,11
casa_conforto,1500,45,30,45
pet_shop,26700,80,41,46
beleza_saude,300,16,20,15
relogios_presentes,331,19,13,13
cama_mesa_banho,333,30,4,26
utilidades_domesticas,21400,48,65,48
automotivo,20100,61,61,37
automotivo,150,17,21,15
eletronicos,717,20,7,15
informatica_acessorios,500,18,9,16
informatica_acessorios,350,17,7,13
automotivo,800,20,10,20
eletronicos,200,22,12,16
ferramentas_jardim,6050,18,39,31
esporte_lazer,300,20,7,15
papelaria,350,25,10,20
beleza_saude,2200,35,10,18
esporte_lazer,757,22,6,20
utilidades_domesticas,200,28,5,15
esporte_lazer,204,19,17,16
beleza_saude,250,16,6,11
pet_shop,7300,33,30,44
ferramentas_jardim,1900,45,6,20
informatica_acessorios,650,16,6,20
cama_mesa_banho,1300,20,40,20
relogios_presentes,100,20,7,15
bebes,14675,55,64,52
moveis_quarto,1450,50,8,40
livros_tecnicos,2000,30,4,23
automotivo,175,25,25,25
moveis_decoracao,700,60,11,20
automotivo,100,16,16,16
automotivo,50,16,12,12
moveis_escritorio,12100,54,40,52
beleza_saude,525,30,6,13
beleza_saude,1250,30,12,16
telefonia,150,18,6,11
fashion_underwear_e_moda_praia,300,30,30,30
moveis_escritorio,8900,53,50,16
musica,400,25,10,18
cama_mesa_banho,650,30,4,19
bebes,625,23,22,11
moveis_decoracao,1700,80,20,20
moveis_decoracao,1050,30,35,30
beleza_saude,100,16,5,20
beleza_saude,9500,95,15,65
esporte_lazer,300,20,20,11
moveis_decoracao,350,17,26,17
automotivo,1550,27,24,27
informatica_acessorios,100,37,6,12
moveis_decoracao,417,21,21,22
fashion_bolsas_e_acessorios,250,22,10,15
moveis_decoracao,600,20,60,20
relogios_presentes,250,16,15,15
relogios_presentes,750,48,16,25
consoles_games,600,22,9,12
brinquedos,1200,20,25,58
cama_mesa_banho,400,20,2,15
moveis_decoracao,1500,40,6,32
beleza_saude,138,12,9,18
beleza_saude,300,30,15,15
utilidades_domesticas,1750,45,21,26
informatica_acessorios,1525,17,24,24
automotivo,75,17,8,13
relogios_presentes,550,20,16,17
market_place,3600,19,30,26
brinquedos,260,22,4,22
informatica_acessorios,450,18,16,17
esporte_lazer,1688,23,17,22
moveis_decoracao,1000,100,11,20
papelaria,2200,30,60,19
instrumentos_musicais,594,20,15,16
perfumaria,75,18,9,16
ferramentas_jardim,2350,30,12,15
relogios_presentes,250,40,10,25
relogios_presentes,1700,31,5,31
bebes,1200,28,13,21
relogios_presentes,200,31,4,13
utilidades_domesticas,1300,37,37,37
automotivo,5150,60,12,60
beleza_saude,180,16,13,11
alimentos,150,22,4,17
automotivo,100,24,2,17
fashion_bolsas_e_acessorios,200,20,20,12
automotivo,4900,31,31,31
beleza_saude,350,22,12,17
cama_mesa_banho,4442,57,36,42
alimentos,400,19,19,14
artigos_de_festas,350,16,12,14
esporte_lazer,1400,41,6,33
cama_mesa_banho,623,30,7,31
telefonia,100,16,11,9
fashion_bolsas_e_acessorios,300,16,2,20
automotivo,100,16,8,16
cama_mesa_banho,6300,51,22,36
utilidades_domesticas,8575,33,48,38
utilidades_domesticas,250,16,16,16
climatizacao,250,22,11,16
automotivo,550,21,18,13
moveis_escritorio,11350,63,61,24
relogios_presentes,475,26,13,16
papelaria,7200,43,23,33
pet_shop,11100,52,52,36
cama_mesa_banho,1500,20,40,20
brinquedos,650,20,20,20
consoles_games,183,20,8,16
beleza_saude,2175,36,11,19
telefonia,100,19,4,20
bebidas,475,24,16,19
relogios_presentes,400,20,13,13
informatica_acessorios,200,16,25,15
esporte_lazer,6300,101,16,25
beleza_saude,1750,16,16,15
papelaria,5750,60,20,29
informatica_acessorios,240,18,10,14
beleza_saude,1083,19,18,18
esporte_lazer,10750,30,20,30
eletronicos,1571,18,6,18
brinquedos,290,17,7,13
automotivo,100,24,13,19
informatica_acessorios,500,16,2,11
automotivo,650,16,29,22
moveis_decoracao,11400,60,6,60
automotivo,1350,30,20,30
fashion_bolsas_e_acessorios,5000,100,80,11
brinquedos,3500,30,30,30
moveis_decoracao,1500,42,14,32
cool_stuff,200,30,20,40
utilidades_domesticas,950,43,17,24
informatica_acessorios,200,23,6,15
eletronicos,800,16,2,11
pet_shop,20700,60,40,40
cool_stuff,3175,30,28,33
perfumaria,200,18,4,13
fashion_bolsas_e_acessorios,300,16,16,12
ferramentas_jardim,6000,40,10,20
pet_shop,250,16,16,16
moveis_decoracao,100,16,16,16
telefonia_fixa,1450,21,16,16
perfumaria,400,19,11,16
sinalizacao_e_seguranca,14650,65,65,13
bebes,11683,47,30,49
papelaria,3474,31,28,30
automotivo,300,51,15,15
utilidades_domesticas,483,30,14,25
relogios_presentes,500,20,14,18
sinalizacao_e_seguranca,2725,33,22,16
cama_mesa_banho,1200,20,12,20
cool_stuff,9650,86,8,40
informatica_acessorios,1673,24,13,21
bebes,4033,27,27,27
fashion_roupa_masculina,900,45,10,35
automotivo,100,16,3,11
utilidades_domesticas,900,50,7,50
telefonia,233,18,8,13
relogios_presentes,314,18,11,14
papelaria,1900,28,55,37
papelaria,450,28,28,22
esporte_lazer,800,25,16,16
agro_industria_e_comercio,12800,67,57,30
moveis_decoracao,1600,30,21,28
brinquedos,1874,38,38,26
automotivo,150,16,16,16
esporte_lazer,1014,25,22,22
construcao_ferramentas_construcao,7700,50,20,50
malas_acessorios,1200,45,15,35
cama_mesa_banho,4300,34,12,43
utilidades_domesticas,900,21,12,21
relogios_presentes,288,16,9,13
esporte_lazer,367,19,14,17
utilidades_domesticas,600,16,16,16
cool_stuff,200,30,5,30
beleza_saude,1600,16,10,14
telefonia_fixa,200,19,5,11
ferramentas_jardim,1700,67,2,31
automotivo,11100,60,60,18
instrumentos_musicais,8350,105,12,45
informatica_acessorios,1250,50,22,30
market_place,1100,30,5,45
brinquedos,400,16,12,15
cama_mesa_banho,1850,35,15,25
telefonia,200,22,8,15
construcao_ferramentas_seguranca,600,25,31,25
bebes,8800,33,30,44
fashion_bolsas_e_acessorios,200,16,5,20
ferramentas_jardim,3700,40,34,33
informatica_acessorios,92,18,17,12
cama_mesa_banho,3100,60,16,16
moveis_decoracao,2350,104,4,68
utilidades_domesticas,425,31,14,14
moveis_decoracao,1850,21,57,15
eletronicos,150,30,20,20
beleza_saude,200,20,4,11
automotivo,1400,19,26,16
automotivo,350,27,8,14
esporte_lazer,476,17,14,14
perfumaria,500,20,20,20
pet_shop,800,50,5,50
brinquedos,600,45,15,35
moveis_decoracao,900,21,20,18
moveis_decoracao,900,100,7,12
esporte_lazer,400,18,18,18
beleza_saude,400,25,5,16
cama_mesa_banho,613,37,20,38
brinquedos,450,45,15,35
moveis_escritorio,11880,50,60,27
telefonia,167,18,4,11
moveis_decoracao,1300,60,12,12
bebes,400,24,16,25
cool_stuff,10700,104,23,27
pet_shop,1500,60,16,26
esporte_lazer,200,16,6,20
esporte_lazer,129,22,4,20
eletroportateis,500,29,10,16
utilidades_domesticas,3900,52,5,32
cama_mesa_banho,200,26,6,19
utilidades_domesticas,500,24,8,15
pet_shop,1250,35,20,45
esporte_lazer,1150,46,10,15
cama_mesa_banho,6300,58,20,46
consoles_games,300,25,11,18
beleza_saude,2175,19,28,24
construcao_ferramentas_ferramentas,250,16,12,14
esporte_lazer,240,17,11,14
cama_mesa_banho,2400,20,30,30
casa_construcao,1175,30,15,18
eletroportateis,450,30,20,16
bebes,700,30,16,16
construcao_ferramentas_construcao,5400,40,26,25
moveis_decoracao,2100,50,7,50
brinquedos,750,34,23,30
informatica_acessorios,6550,30,30,20
eletrodomesticos,425,44,14,34
fashion_calcados,1200,20,9,21
utilidades_domesticas,3700,40,20,20
utilidades_domesticas,500,17,9,17
utilidades_domesticas,350,22,8,19
ferramentas_jardim,800,24,13,18
esporte_lazer,1650,40,45,25
eletronicos,5200,20,15,13
perfumaria,450,20,14,13
moveis_decoracao,3000,41,17,32
moveis_decoracao,1200,17,32,17
construcao_ferramentas_construcao,2200,60,30,15
utilidades_domesticas,117,21,9,11
moveis_decoracao,2900,35,7,35
cama_mesa_banho,2150,50,10,40
informatica_acessorios,100,16,6,14
beleza_saude,300,16,17,11
automotivo,1400,30,30,30
brinquedos,4735,39,43,36
cama_mesa_banho,17450,50,50,65
beleza_saude,1078,20,17,19
livros_tecnicos,2000,30,3,21
moveis_decoracao,14500,35,30,35
beleza_saude,5550,50,11,60
esporte_lazer,2200,60,18,18
cama_mesa_banho,6700,30,20,20
moveis_decoracao,800,20,15,20
cama_mesa_banho,21000,40,20,36
beleza_saude,1600,18,34,27
automotivo,2750,35,20,20
telefonia,300,17,9,12
esporte_lazer,700,33,20,20
construcao_ferramentas_construcao,6350,28,32,24
bebes,1350,42,25,15
brinquedos,350,28,20,24
telefonia,100,20,20,25
moveis_decoracao,700,39,5,20
automotivo,400,16,2,11
malas_acessorios,3350,29,28,24
cool_stuff,350,18,16,16
utilidades_domesticas,3300,40,30,30
eletronicos,833,30,21,21
moveis_quarto,14000,60,5,90
casa_construcao,9050,56,26,28
esporte_lazer,400,16,17,11
ferramentas_jardim,850,16,7,30
cool_stuff,188,16,9,14
moveis_decoracao,7350,30,35,30
esporte_lazer,850,60,15,15
eletronicos,200,25,7,16
malas_acessorios,600,50,5,40
dvds_blu_ray,800,35,4,25
bebes,3800,44,23,43
moveis_decoracao,500,46,10,60
esporte_lazer,900,51,17,20
moveis_decoracao,2750,35,10,35
brinquedos,1200,30,14,22
pet_shop,665,9,9,8
perfumaria,543,21,23,21
ferramentas_jardim,2700,80,12,60
esporte_lazer,150,45,10,11
papelaria,800,20,50,40
cama_mesa_banho,900,95,8,50
beleza_saude,440,20,11,17
moveis_sala,925,22,10,17
beleza_saude,425,20,11,14
malas_acessorios,425,40,7,34
fashion_bolsas_e_acessorios,100,16,13,11
ferramentas_jardim,700,16,17,16
automotivo,850,28,16,21
cama_mesa_banho,2700,42,16,36
telefonia,350,20,15,20
automotivo,150,24,2,17
artigos_de_festas,4550,33,18,33
portateis_casa_forno_e_cafe,50,18,8,13
cama_mesa_banho,6000,40,4,30
cama_mesa_banho,200,20,12,20
telefonia,150,18,3,12
brinquedos,300,19,15,17
automotivo,150,20,6,14
construcao_ferramentas_construcao,9900,54,20,40
eletronicos,100,18,20,16
fashion_bolsas_e_acessorios,700,17,4,13
esporte_lazer,5750,30,20,30
eletroportateis,14600,35,30,34
beleza_saude,350,28,24,11
audio,343,19,11,13
climatizacao,350,18,5,14
informatica_acessorios,700,24,8,16
climatizacao,23300,36,30,45
cama_mesa_banho,2200,30,20,25
eletrodomesticos_2,14813,50,43,26
beleza_saude,600,18,30,30
malas_acessorios,250,20,11,20
esporte_lazer,300,44,22,42
construcao_ferramentas_construcao,3000,25,20,25
pet_shop,200,20,10,20
alimentos,400,18,15,13
utilidades_domesticas,1700,31,27,31
instrumentos_musicais,11083,83,41,33
moveis_decoracao,9900,37,32,50
moveis_decoracao,7300,30,36,30
perfumaria,250,16,2,20
utilidades_domesticas,200,30,20,20
instrumentos_musicais,650,20,20,20
moveis_escritorio,20050,101,10,62
telefonia_fixa,1900,21,21,21
informatica_acessorios,200,28,2,40
informatica_acessorios,800,16,11,37
utilidades_domesticas,150,20,2,20
perfumaria,283,21,12,19
informatica_acessorios,950,36,15,16
casa_construcao,383,17,14,16
relogios_presentes,300,40,10,25
eletrodomesticos_2,20050,44,45,62
automotivo,750,16,24,24
esporte_lazer,24700,16,20,20
informatica_acessorios,140,20,6,14
beleza_saude,225,18,11,14
papelaria,550,46,10,32
utilidades_domesticas,17050,20,50,28
cama_mesa_banho,400,19,13,15
bebes,950,42,25,15
eletronicos,100,19,15,17
esporte_lazer,700,30,20,20
moveis_decoracao,7300,30,20,70
moveis_decoracao,2000,35,43,35
construcao_ferramentas_construcao,418,19,6,13
esporte_lazer,2650,60,15,15
fashion_bolsas_e_acessorios,200,40,32,11
papelaria,1000,16,4,11
cama_mesa_banho,2050,39,11,35
market_place,1300,33,6,22
informatica_acessorios,200,18,9,16
utilidades_domesticas,500,25,21,21
informatica_acessorios,400,28,10,23
utilidades_domesticas,425,23,15,18
informatica_acessorios,300,16,10,11
esporte_lazer,700,16,10,11
beleza_saude,800,20,15,15
eletronicos,389,20,14,20
brinquedos,11850,50,35,40
utilidades_domesticas,2800,45,35,35
esporte_lazer,3313,29,32,25
utilidades_domesticas,300,22,6,11
utilidades_domesticas,500,20,35,22
perfumaria,1450,20,25,20
esporte_lazer,300,16,6,20
construcao_ferramentas_jardim,800,16,16,12
construcao_ferramentas_construcao,2300,16,11,11
pet_shop,15550,47,32,62
informatica_acessorios,150,17,9,13
livros_interesse_geral,350,30,4,17
instrumentos_musicais,350,27,6,20
moveis_sala,12075,56,17,56
flores,450,30,15,20
cool_stuff,2000,33,44,19
utilidades_domesticas,3000,47,25,32
telefonia,350,20,16,20
esporte_lazer,400,16,6,11
beleza_saude,250,21,17,17
relogios_presentes,450,23,8,16
bebes,200,29,7,16
utilidades_domesticas,1350,16,30,12
pet_shop,1100,20,25,20
telefonia,450,19,12,14
moveis_decoracao,15300,98,10,60
esporte_lazer,8500,100,6,50
esporte_lazer,400,20,20,15
informatica_acessorios,1925,33,40,18
eletronicos,200,16,10,16
moveis_decoracao,1600,60,14,14
telefonia,325,20,15,14
cool_stuff,2500,42,25,15
fashion_underwear_e_moda_praia,200,42,4,14
perfumaria,525,18,17,16
moveis_decoracao,1200,30,10,25
utilidades_domesticas,700,22,6,11
esporte_lazer,1238,26,18,19
eletronicos,2200,33,10,18
informatica_acessorios,850,25,11,15
bebes,2300,27,14,27
automotivo,5950,65,11,65
cama_mesa_banho,1225,19,17,22
brinquedos,2300,57,9,46
beleza_saude,650,50,10,15
cool_stuff,1700,28,36,27
automotivo,350,25,10,15
moveis_sala,2350,62,16,14
moveis_decoracao,21000,58,40,50
utilidades_domesticas,300,25,10,16
brinquedos,2600,33,12,26
moveis_decoracao,1900,19,7,16
esporte_lazer,30000,105,65,25
eletronicos,3300,55,7,20
moveis_decoracao,700,20,15,20
ferramentas_jardim,1650,30,22,30
pet_shop,400,16,16,16
papelaria,1000,20,20,20
beleza_saude,675,27,14,16
papelaria,600,20,30,20
construcao_ferramentas_construcao,450,16,10,11
telefonia,125,19,4,11
esporte_lazer,3675,38,29,28
cama_mesa_banho,3500,40,12,40
moveis_decoracao,2000,22,22,22
cama_mesa_banho,4850,20,30,30
moveis_decoracao,2250,65,8,45
informatica_acessorios,933,29,20,23
climatizacao,5350,18,58,34
esporte_lazer,300,16,17,11
moveis_decoracao,1600,56,11,11
cama_mesa_banho,2350,36,16,36
cama_mesa_banho,1200,33,8,23
construcao_ferramentas_construcao,4400,17,11,14
construcao_ferramentas_construcao,250,19,5,13
moveis_decoracao,1000,42,11,35
utilidades_domesticas,150,24,24,11
beleza_saude,350,37,10,17
pet_shop,2200,18,20,22
cool_stuff,975,20,14,16
bebes,350,25,8,19
casa_construcao,800,17,27,17
papelaria,600,22,48,38
esporte_lazer,100,16,10,11
esporte_lazer,1907,47,24,35
automotivo,1600,33,27,26
beleza_saude,555,30,12,16
moveis_escritorio,7125,52,52,17
esporte_lazer,7300,30,26,26
eletronicos,150,16,8,11
papelaria,225,20,6,13
bebes,2797,35,35,16
papelaria,350,30,15,15
perfumaria,400,23,8,15
moveis_decoracao,700,30,3,20
bebes,470,29,10,25
beleza_saude,521,22,19,27
cama_mesa_banho,2400,70,10,60
informatica_acessorios,150,16,2,11
bebidas,150,20,16,16
moveis_decoracao,650,65,2,13
brinquedos,8750,30,69,25
beleza_saude,550,17,14,15
esporte_lazer,975,17,11,14
industria_comercio_e_negocios,30000,80,50,50
esporte_lazer,1550,20,10,20
moveis_decoracao,1350,80,20,20
esporte_lazer,225,18,15,16
esporte_lazer,887,16,15,13
instrumentos_musicais,700,20,12,14
pet_shop,400,20,20,20
relogios_presentes,450,16,2,20
eletronicos,275,24,9,17
beleza_saude,1200,30,12,16
fashion_bolsas_e_acessorios,150,24,4,34
esporte_lazer,1871,35,32,30
moveis_decoracao,400,30,5,30
malas_acessorios,14800,45,60,22
cama_mesa_banho,400,57,4,28
cama_mesa_banho,2250,42,16,36
construcao_ferramentas_ferramentas,600,16,18,12
moveis_escritorio,12775,37,65,36
cama_mesa_banho,450,40,5,25
audio,400,20,8,16
cama_mesa_banho,500,30,10,30
moveis_decoracao,500,33,4,24
informatica_acessorios,1200,30,2,15
papelaria,2050,20,30,20
automotivo,3400,45,25,45
informatica_acessorios,200,25,8,20
moveis_sala,2000,21,8,17
cama_mesa_banho,1600,49,7,40
utilidades_domesticas,100,30,11,20
utilidades_domesticas,956,29,27,20
cama_mesa_banho,3100,20,30,30
cool_stuff,1300,42,25,15
telefonia,426,24,4,28
eletrodomesticos_2,425,32,10,16
utilidades_domesticas,1000,25,32,25
automotivo,2050,90,13,18
cama_mesa_banho,1600,35,8,29
utilidades_domesticas,200,37,3,11
beleza_saude,700,30,12,16
relogios_presentes,700,16,2,11
instrumentos_musicais,250,16,9,11
relogios_presentes,328,20,14,18
beleza_saude,175,19,18,18
pet_shop,8050,57,21,37
papelaria,1900,35,15,45
casa_conforto_2,663,20,20,20
pet_shop,150,25,10,15
brinquedos,400,16,17,11
esporte_lazer,6450,20,20,20
ferramentas_jardim,150,17,7,12
esporte_lazer,300,20,10,20
moveis_decoracao,2000,20,65,20
moveis_decoracao,500,22,19,13
brinquedos,800,50,12,31
construcao_ferramentas_jardim,200,16,3,12
informatica_acessorios,850,16,11,37
ferramentas_jardim,6200,18,32,18
utilidades_domesticas,200,40,11,30
fashion_calcados,400,29,7,16
pet_shop,19000,30,42,90
informatica_acessorios,800,30,9,20
relogios_presentes,500,16,2,11
casa_construcao,233,17,14,16
informatica_acessorios,200,16,17,22
bebes,600,35,7,40
brinquedos,3100,72,11,13
pet_shop,2350,42,22,32
utilidades_domesticas,10150,89,15,40
cama_mesa_banho,1600,34,7,32
utilidades_domesticas,300,20,11,15
esporte_lazer,107,18,9,14
pet_shop,1000,16,35,20
climatizacao,10050,35,28,16
automotivo,2950,41,19,41
cama_mesa_banho,850,16,10,16
beleza_saude,400,19,28,17
malas_acessorios,550,16,6,11
utilidades_domesticas,500,19,12,12
cama_mesa_banho,1150,40,9,50
esporte_lazer,6300,42,20,32
eletrodomesticos,100,27,13,17
esporte_lazer,500,16,16,16
perfumaria,200,20,20,20
perfumaria,567,23,15,16
eletronicos,125,21,13,18
automotivo,4300,31,11,31
automotivo,153,16,6,17
esporte_lazer,8700,25,60,40
ferramentas_jardim,900,16,16,16
casa_construcao,4850,40,25,30
informatica_acessorios,200,16,13,18
moveis_decoracao,2500,34,6,28
cool_stuff,500,55,15,45
esporte_lazer,250,28,13,14
papelaria,2000,60,20,29
moveis_cozinha_area_de_servico_jantar_e_jardim,975,41,12,12
bebes,300,42,25,15
livros_interesse_geral,150,26,2,26
informatica_acessorios,233,19,17,19
telefonia,392,17,11,13
esporte_lazer,700,22,22,22
relogios_presentes,400,17,12,12
automotivo,500,24,6,26
cool_stuff,1450,62,15,32
cama_mesa_banho,950,36,14,26
cama_mesa_banho,1550,30,10,30
alimentos,3150,30,28,28
bebes,23200,31,85,54
perfumaria,275,16,14,16
brinquedos,6550,30,20,54
agro_industria_e_comercio,5800,30,30,20
esporte_lazer,1400,81,2,21
ferramentas_jardim,5500,29,29,39
esporte_lazer,650,18,18,18
perfumaria,200,16,7,11
climatizacao,4800,58,59,25
perfumaria,200,16,4,11
esporte_lazer,450,30,16,16
esporte_lazer,12400,20,25,12
eletroportateis,8700,40,16,40
moveis_decoracao,6350,51,13,51
moveis_decoracao,600,26,8,17
bebes,1467,32,23,30
utilidades_domesticas,250,24,11,20
relogios_presentes,417,19,12,14
beleza_saude,200,24,5,16
utilidades_domesticas,4200,35,20,35
brinquedos,200,35,16,30
cama_mesa_banho,3400,20,30,30
construcao_ferramentas_seguranca,1100,30,10,25
informatica_acessorios,3100,27,2,16
esporte_lazer,300,23,8,15
sinalizacao_e_seguranca,400,19,11,14
telefonia,50,21,8,13
utilidades_domesticas,1100,24,24,24
automotivo,500,25,16,20
utilidades_domesticas,500,28,10,27
beleza_saude,550,30,5,20
automotivo,795,30,15,26
informatica_acessorios,150,28,8,12
pet_shop,200,18,9,14
moveis_decoracao,400,35,7,27
esporte_lazer,520,25,20,20
relogios_presentes,375,20,12,13
informatica_acessorios,343,16,17,13
brinquedos,2975,33,38,49
cama_mesa_banho,1100,45,25,35
utilidades_domesticas,700,23,15,20
eletronicos,100,25,25,25
moveis_decoracao,5075,51,8,51
malas_acessorios,3050,52,32,19
automotivo,833,26,14,15
cama_mesa_banho,900,50,16,16
beleza_saude,3400,55,50,11
moveis_decoracao,625,20,13,21
moveis_decoracao,550,30,6,30
beleza_saude,3900,30,13,26
cama_mesa_banho,850,35,15,25
utilidades_domesticas,3750,20,40,40
ferramentas_jardim,600,21,8,13
moveis_decoracao,400,53,15,53
beleza_saude,1350,26,18,11
bebes,250,23,14,28
fashion_bolsas_e_acessorios,200,16,10,16
cama_mesa_banho,1250,48,10,12
pet_shop,3875,30,25,25
papelaria,6700,90,16,80
ferramentas_jardim,600,16,7,22
pet_shop,5300,30,30,30
ferramentas_jardim,800,16,63,13
beleza_saude,150,16,5,17
relogios_presentes,525,23,6,21
ferramentas_jardim,2700,30,23,20
beleza_saude,400,20,5,11
beleza_saude,1600,25,20,20
informatica_acessorios,3475,54,13,48
beleza_saude,900,17,7,12
beleza_saude,380,17,11,13
pet_shop,300,30,10,17
livros_tecnicos,367,18,5,15
beleza_saude,1700,18,36,27
construcao_ferramentas_construcao,920,35,28,22
pet_shop,9100,37,30,39
bebes,2350,16,50,40
malas_acessorios,18700,53,77,32
informatica_acessorios,1250,50,8,37
utilidades_domesticas,3150,22,54,22
esporte_lazer,650,23,30,30
esporte_lazer,254,17,15,12
alimentos_bebidas,600,28,15,20
utilidades_domesticas,750,20,45,20
beleza_saude,450,23,23,21
telefonia,300,20,20,13
cama_mesa_banho,650,26,5,25
moveis_escritorio,10750,54,54,18
bebes,464,38,9,34
moveis_decoracao,2400,30,35,30
cama_mesa_banho,800,40,7,30
automotivo,400,16,10,15
informatica_acessorios,1533,32,15,15
utilidades_domesticas,9300,31,58,31
eletrodomesticos,700,18,8,13
construcao_ferramentas_construcao,250,20,10,11
beleza_saude,200,36,16,36
utilidades_domesticas,250,30,8,25
automotivo,700,32,15,11
eletroportateis,2825,36,25,26
moveis_decoracao,950,31,11,26
beleza_saude,300,18,10,14
esporte_lazer,600,38,12,25
utilidades_domesticas,400,18,8,14
moveis_cozinha_area_de_servico_jantar_e_jardim,21150,55,49,47
brinquedos,300,22,6,16
brinquedos,900,25,36,16
relogios_presentes,576,20,13,17
pet_shop,700,24,20,24
utilidades_domesticas,450,17,14,11
informatica_acessorios,496,36,13,35
informatica_acessorios,650,22,12,12
moveis_decoracao,500,35,35,11
bebes,600,25,15,25
esporte_lazer,2750,60,15,15
telefonia,300,19,3,11
utilidades_domesticas,3350,16,2,11
beleza_saude,1250,42,11,12
telefonia_fixa,100,16,4,11
cama_mesa_banho,1325,19,17,23
esporte_lazer,850,51,11,18
moveis_decoracao,700,68,7,13
relogios_presentes,950,21,11,15
utilidades_domesticas,300,20,30,20
beleza_saude,2400,30,12,16
esporte_lazer,4450,50,30,30
cama_mesa_banho,6700,30,30,30
eletrodomesticos_2,5600,65,20,30
eletrodomesticos,450,20,13,15
perfumaria,800,38,13,22
papelaria,450,35,50,12
moveis_decoracao,850,30,30,30
ferramentas_jardim,2250,34,4,23
automotivo,5950,47,19,23
cama_mesa_banho,625,30,4,22
moveis_decoracao,450,27,27,33
cama_mesa_banho,1450,20,30,26
malas_acessorios,19900,77,33,50
cama_mesa_banho,2600,33,7,39
brinquedos,561,20,27,22
automotivo,600,16,21,18
brinquedos,500,28,4,14
esporte_lazer,562,20,13,17
utilidades_domesticas,1775,45,11,28
papelaria,500,30,40,11
beleza_saude,50,25,15,15
ferramentas_jardim,200,16,10,11
automotivo,14100,62,62,21
automotivo,100,18,4,14
cool_stuff,450,34,15,17
pet_shop,1400,40,20,30
musica,1850,55,17,15
utilidades_domesticas,250,19,8,11
moveis_sala,1250,52,8,13
ferramentas_jardim,6800,60,20,40
brinquedos,425,35,14,24
fashion_bolsas_e_acessorios,1600,41,13,42
utilidades_domesticas,500,36,10,13
cama_mesa_banho,10150,50,30,30
esporte_lazer,250,20,12,16
moveis_decoracao,1000,25,37,36
cama_mesa_banho,2600,42,16,36
livros_tecnicos,600,23,3,16
moveis_decoracao,1000,40,30,30
instrumentos_musicais,3750,18,30,27
moveis_decoracao,200,25,4,18
casa_construcao,600,16,27,16
construcao_ferramentas_construcao,1700,26,9,20
climatizacao,150,25,25,20
alimentos,750,16,20,16
ferramentas_jardim,600,16,8,11
brinquedos,500,22,7,15
esporte_lazer,600,16,30,15
esporte_lazer,10443,28,29,26
brinquedos,19700,105,48,18
pet_shop,138,17,13,14
perfumaria,400,18,9,14
beleza_saude,500,16,16,15
moveis_decoracao,2300,41,26,31
perfumaria,150,17,7,13
cama_mesa_banho,1300,47,21,41
utilidades_domesticas,3550,16,43,43
automotivo,975,32,35,29
beleza_saude,1200,43,9,23
moveis_decoracao,3850,30,30,30
automotivo,900,40,40,40
livros_interesse_geral,300,30,4,20
construcao_ferramentas_ferramentas,300,26,14,16
moveis_decoracao,2400,18,9,14
brinquedos,900,30,35,40
utilidades_domesticas,5300,30,35,30
utilidades_domesticas,3350,32,75,32
moveis_decoracao,800,30,30,30
ferramentas_jardim,250,30,6,11
beleza_saude,700,19,11,23
esporte_lazer,300,40,22,43
utilidades_domesticas,8100,58,23,33
informatica_acessorios,150,16,3,13
perfumaria,250,20,18,22
cama_mesa_banho,2450,35,10,20
pet_shop,2500,23,11,19
utilidades_domesticas,2410,25,55,25
automotivo,550,18,5,15
automotivo,70,19,3,16
esporte_lazer,400,20,20,11
cama_mesa_banho,2550,40,10,30
esporte_lazer,700,16,16,25
informatica_acessorios,570,16,22,17
moveis_decoracao,2950,35,30,35
cama_mesa_banho,18800,50,30,40
automotivo,1850,20,15,20
utilidades_domesticas,575,24,18,24
telefonia_fixa,750,27,12,27
beleza_saude,400,38,12,25
papelaria,800,17,28,40
utilidades_domesticas,240,28,11,17
ferramentas_jardim,6050,75,25,25
esporte_lazer,2800,56,28,33
moveis_decoracao,300,18,9,14
utilidades_domesticas,963,21,21,22
bebes,5150,40,10,40
relogios_presentes,198,16,13,13
ferramentas_jardim,8875,40,14,43
cama_mesa_banho,1300,43,5,30
informatica_acessorios,450,37,4,12
beleza_saude,20100,90,60,20
utilidades_domesticas,1100,16,31,29
utilidades_domesticas,250,16,12,16
utilidades_domesticas,325,25,15,16
informatica_acessorios,200,31,13,11
alimentos_bebidas,262,28,15,20
esporte_lazer,980,52,12,13
artigos_de_natal,2850,30,12,40
beleza_saude,250,22,3,15
moveis_escritorio,8375,52,51,17
telefonia,400,16,16,16
ferramentas_jardim,150,16,2,11
ferramentas_jardim,600,42,6,16
informatica_acessorios,2900,27,11,20
perfumaria,458,19,13,15
papelaria,750,17,7,12
pet_shop,150,25,25,25
beleza_saude,300,18,9,12
musica,550,16,16,16
esporte_lazer,1175,21,32,17
automotivo,980,17,10,12
moveis_decoracao,9900,35,35,35
moveis_decoracao,900,31,11,26
cama_mesa_banho,250,28,4,16
malas_acessorios,650,90,5,11
esporte_lazer,277,17,11,13
perfumaria,3733,22,29,27
utilidades_domesticas,1075,18,16,16
utilidades_domesticas,1050,26,26,26
perfumaria,450,20,20,20
cama_mesa_banho,1500,30,10,30
instrumentos_musicais,150,18,3,15
beleza_saude,1300,22,26,20
pet_shop,1800,30,30,30
brinquedos,800,39,30,29
beleza_saude,4350,16,16,16
informatica_acessorios,1700,54,6,23
brinquedos,630,31,19,16
livros_importados,250,33,2,23
esporte_lazer,2400,21,21,21
cool_stuff,797,17,16,14
cama_mesa_banho,9150,50,30,40
informatica_acessorios,850,34,14,14
cama_mesa_banho,2650,33,7,39
automotivo,500,21,9,12
esporte_lazer,700,19,10,16
moveis_decoracao,800,60,11,11
fashion_calcados,450,29,10,22
brinquedos,500,45,15,35
beleza_saude,1600,30,30,16
esporte_lazer,2500,80,12,22
utilidades_domesticas,1400,21,40,21
beleza_saude,250,23,9,14
casa_construcao,600,40,3,50
pet_shop,3000,41,16,27
casa_construcao,8900,62,32,30
informatica_acessorios,6500,30,30,20
informatica_acessorios,513,22,14,19
informatica_acessorios,650,17,5,12
esporte_lazer,125,23,15,28
telefonia,100,16,2,15
beleza_saude,1150,16,16,16
bebes,8250,44,32,35
relogios_presentes,770,26,13,26
telefonia,100,16,6,12
esporte_lazer,400,18,12,16
perfumaria,150,18,6,12
eletrodomesticos,3900,35,40,25
moveis_decoracao,1400,35,35,35
audio,1075,40,20,30
moveis_escritorio,6400,98,30,15
cool_stuff,450,16,12,22
telefonia,117,19,5,13
brinquedos,600,36,18,27
moveis_decoracao,15400,40,60,40
cama_mesa_banho,550,18,10,18
construcao_ferramentas_construcao,370,44,21,12
beleza_saude,550,16,16,16
construcao_ferramentas_iluminacao,950,20,16,37
automotivo,5500,28,32,40
telefonia,150,19,3,20
brinquedos,450,27,29,27
automotivo,250,40,10,17
informatica_acessorios,800,34,15,19
utilidades_domesticas,550,36,10,16
esporte_lazer,400,21,4,17
utilidades_domesticas,1250,35,20,20
moveis_decoracao,1850,40,30,30
fashion_bolsas_e_acessorios,400,22,14,22
eletrodomesticos_2,15750,68,23,68
cool_stuff,420,26,12,21
automotivo,350,16,10,11
utilidades_domesticas,500,16,12,14
perfumaria,100,22,10,19
esporte_lazer,1300,25,30,40
automotivo,50,16,10,11
beleza_saude,1029,20,15,17
utilidades_domesticas,600,35,27,27
beleza_saude,875,22,15,12
esporte_lazer,900,55,20,22
cama_mesa_banho,650,51,11,12
cama_mesa_banho,500,25,2,20
informatica_acessorios,1625,16,23,21
utilidades_domesticas,450,19,12,12
eletronicos,150,18,15,16
beleza_saude,600,24,18,23
automotivo,5350,91,19,33
consoles_games,400,18,7,14
brinquedos,274,17,20,16
artigos_de_natal,600,16,20,11
cama_mesa_banho,4050,40,15,23
construcao_ferramentas_iluminacao,600,21,30,21
utilidades_domesticas,950,23,18,23
automotivo,2600,35,20,20
beleza_saude,1400,90,27,20
automotivo,7200,72,4,44
utilidades_domesticas,1950,40,16,16
papelaria,5250,30,52,20
cama_mesa_banho,2400,40,6,30
automotivo,11650,40,30,30
utilidades_domesticas,445,23,12,14
cine_foto,100,16,15,11
moveis_escritorio,15300,58,28,56
utilidades_domesticas,1800,22,63,22
brinquedos,1100,30,30,30
perfumaria,408,20,14,17
utilidades_domesticas,1500,30,12,30
utilidades_domesticas,300,22,10,11
utilidades_domesticas,1200,32,40,28
moveis_decoracao,8950,30,35,30
beleza_saude,460,18,12,15
utilidades_domesticas,1125,43,13,11
eletronicos,133,18,11,14
beleza_saude,529,20,18,16
cool_stuff,800,16,7,12
cool_stuff,1450,20,30,20
telefonia,300,16,22,11
moveis_decoracao,1000,45,8,35
utilidades_domesticas,2958,35,23,29
construcao_ferramentas_seguranca,1000,20,20,20
utilidades_domesticas,7850,25,52,37
bebes,2200,36,31,19
moveis_decoracao,6700,34,40,34
telefonia,175,21,16,18
ferramentas_jardim,400,16,3,33
cama_mesa_banho,2150,34,8,32
cama_mesa_banho,500,25,37,36
cama_mesa_banho,2000,16,10,16
bebes,383,22,14,17
beleza_saude,1255,18,17,16
fashion_bolsas_e_acessorios,100,16,3,12
relogios_presentes,300,16,2,16
moveis_decoracao,2900,69,11,11
cama_mesa_banho,1100,28,10,20
construcao_ferramentas_construcao,3550,16,105,11
ferramentas_jardim,270,26,16,21
esporte_lazer,2800,60,15,15
eletrodomesticos,300,35,46,35
construcao_ferramentas_construcao,250,16,12,13
pet_shop,13800,75,20,55
ferramentas_jardim,5800,54,36,15
esporte_lazer,425,27,10,25
cama_mesa_banho,3500,45,15,35
audio,200,27,5,20
moveis_decoracao,650,18,21,20
cama_mesa_banho,675,35,20,35
telefonia,200,19,4,20
cama_mesa_banho,750,35,8,30
esporte_lazer,725,46,12,29
utilidades_domesticas,245,26,8,17
relogios_presentes,300,16,12,12
perfumaria,200,21,16,17
ferramentas_jardim,800,22,5,14
beleza_saude,200,22,5,12
esporte_lazer,231,12,12,10
brinquedos,600,35,10,20
eletrodomesticos,200,20,13,15
moveis_decoracao,2850,35,30,35
moveis_decoracao,500,47,19,36
bebes,4727,56,59,31
esporte_lazer,3148,27,20,24
utilidades_domesticas,300,20,10,15
automotivo,2050,20,20,20
beleza_saude,2700,98,15,15
eletronicos,138,21,4,11
construcao_ferramentas_jardim,1075,24,29,22
automotivo,1700,30,14,30
esporte_lazer,100,16,10,16
perfumaria,400,20,11,11
beleza_saude,400,16,16,16
beleza_saude,1450,30,30,30
papelaria,7000,35,4,21
esporte_lazer,850,51,16,20
beleza_saude,1250,18,21,27
moveis_escritorio,16650,58,28,58
perfumaria,635,20,17,17
informatica_acessorios,150,28,14,14
eletroportateis,6950,31,32,43
casa_construcao,550,17,27,17
perfumaria,550,20,20,30
papelaria,1000,20,5,51
brinquedos,675,20,16,16
bebes,1450,35,15,25
informatica_acessorios,1000,37,19,19
perfumaria,100,16,6,11
moveis_decoracao,5300,100,7,90
perfumaria,783,17,15,14
dvds_blu_ray,225,25,13,16
fashion_bolsas_e_acessorios,300,21,9,13
eletrodomesticos_2,15350,34,34,56
moveis_decoracao,900,30,20,30
utilidades_domesticas,5650,56,35,20
automotivo,1450,30,30,30
fashion_bolsas_e_acessorios,700,20,10,20
cine_foto,1540,47,19,19
utilidades_domesticas,1350,30,14,28
ferramentas_jardim,458,20,13,32
construcao_ferramentas_iluminacao,1050,36,10,36
utilidades_domesticas,12250,80,10,76
cama_mesa_banho,950,35,7,24
moveis_decoracao,1300,40,6,32
ferramentas_jardim,500,32,4,12
automotivo,800,66,10,11
utilidades_domesticas,1100,22,30,22
automotivo,1950,30,25,30
relogios_presentes,200,16,11,20
informatica_acessorios,103,16,10,11
cama_mesa_banho,1350,19,17,23
perfumaria,400,18,8,16
informatica_acessorios,3400,21,17,15
moveis_decoracao,850,16,14,15
esporte_lazer,2175,30,27,23
esporte_lazer,600,16,10,15
livros_interesse_geral,1350,22,30,16
informatica_acessorios,900,28,18,14
casa_construcao,21300,20,20,20
perfumaria,150,16,2,11
market_place,600,20,14,20
cama_mesa_banho,1200,60,20,60
cama_mesa_banho,1900,25,25,25
moveis_decoracao,300,16,16,16
cama_mesa_banho,500,20,2,15
beleza_saude,1400,19,28,17
utilidades_domesticas,850,36,20,11
cama_mesa_banho,900,50,7,38
informatica_acessorios,856,25,16,18
brinquedos,900,39,30,29
esporte_lazer,400,44,13,44
livros_interesse_geral,250,29,8,23
moveis_decoracao,500,35,8,35
moveis_decoracao,800,16,5,16
fashion_bolsas_e_acessorios,200,16,10,11
brinquedos,742,37,32,29
bebes,9950,77,18,43
perfumaria,600,17,19,15
beleza_saude,300,18,11,18
construcao_ferramentas_jardim,2200,16,16,16
brinquedos,700,40,20,30
beleza_saude,100,29,5,15
ferramentas_jardim,17533,58,58,59
cama_mesa_banho,1550,40,20,20
ferramentas_jardim,15200,23,102,32
eletrodomesticos,200,30,10,15
automotivo,10400,40,30,40
bebes,350,42,27,42
ferramentas_jardim,133,18,8,12
telefonia_fixa,100,19,3,11
eletroportateis,410,24,22,17
fashion_calcados,200,29,7,16
eletronicos,700,22,6,11
cama_mesa_banho,1164,41,18,37
brinquedos,400,23,8,50
cama_mesa_banho,700,20,2,15
cama_mesa_banho,1900,58,15,46
utilidades_domesticas,500,23,23,23
utilidades_domesticas,600,24,5,18
eletrodomesticos,150,17,7,13
fashion_bolsas_e_acessorios,2000,30,10,20
esporte_lazer,500,25,15,11
relogios_presentes,500,20,15,17
moveis_decoracao,3200,20,30,30
consoles_games,200,20,3,18
cama_mesa_banho,750,36,4,29
papelaria,300,16,5,16
cool_stuff,550,100,6,50
perfumaria,400,20,6,20
automotivo,3950,65,15,15
esporte_lazer,1280,29,24,22
automotivo,2133,17,15,17
climatizacao,4853,37,53,39
construcao_ferramentas_construcao,8525,29,9,29
eletronicos,700,21,8,18
moveis_decoracao,6900,19,69,38
brinquedos,517,22,20,21
eletronicos,175,22,11,16
brinquedos,300,21,11,21
utilidades_domesticas,17900,35,2,35
beleza_saude,457,19,12,16
utilidades_domesticas,300,16,5,12
esporte_lazer,175,22,7,14
moveis_escritorio,7563,58,65,30
moveis_decoracao,1450,69,11,11
informatica_acessorios,125,19,16,16
informatica_acessorios,300,16,8,16
ferramentas_jardim,1450,24,21,16
moveis_decoracao,14800,80,10,50
utilidades_domesticas,1050,30,30,30
utilidades_domesticas,2100,43,30,11
esporte_lazer,450,32,8,24
cama_mesa_banho,6600,55,25,35
utilidades_domesticas,400,25,10,36
ferramentas_jardim,1200,27,10,14
moveis_decoracao,15800,50,40,50
bebes,12050,35,60,25
informatica_acessorios,400,25,12,20
moveis_decoracao,9850,58,9,27
fashion_calcados,300,16,16,16
cama_mesa_banho,1500,30,15,20
eletronicos,350,19,9,17
automotivo,250,25,7,20
instrumentos_musicais,1400,55,18,45
artigos_de_natal,200,16,8,11
eletroportateis,9300,33,29,41
cool_stuff,500,27,10,15
malas_acessorios,800,19,49,34
bebes,950,50,19,45
fashion_bolsas_e_acessorios,675,47,11,35
utilidades_domesticas,1100,20,26,20
brinquedos,310,17,14,12
cama_mesa_banho,800,40,7,34
papelaria,200,16,10,27
moveis_decoracao,1900,40,10,35
utilidades_domesticas,600,30,11,20
pet_shop,18050,70,40,37
livros_interesse_geral,1300,18,25,11
moveis_decoracao,1700,43,36,25
utilidades_domesticas,6800,40,40,40
bebes,450,60,3,24
eletronicos,100,24,8,18
moveis_decoracao,300,25,2,17
brinquedos,750,21,18,21
industria_comercio_e_negocios,6950,16,104,35
automotivo,6300,47,19,23
bebes,750,30,40,50
cama_mesa_banho,700,16,22,20
telefonia,400,17,4,12
utilidades_domesticas,300,16,10,12
automotivo,1100,49,46,46
utilidades_domesticas,600,16,20,20
perfumaria,450,26,12,18
brinquedos,500,24,11,16
sinalizacao_e_seguranca,150,31,12,21
beleza_saude,550,20,12,12
pet_shop,250,18,9,14
climatizacao,5075,51,43,46
cama_mesa_banho,200,21,10,14
perfumaria,175,16,16,11
automotivo,400,30,30,30
malas_acessorios,850,25,50,30
papelaria,3167,50,21,37
ferramentas_jardim,16300,100,25,30
portateis_casa_forno_e_cafe,150,27,13,17
cama_mesa_banho,1860,39,12,33
telefonia,100,20,5,12
moveis_decoracao,1600,35,8,35
eletronicos,525,20,15,25
automotivo,300,17,10,15
relogios_presentes,500,16,11,20
malas_acessorios,600,16,30,20
automotivo,730,25,12,18
beleza_saude,650,28,11,15
beleza_saude,2300,17,9,32
ferramentas_jardim,1200,40,30,20
ferramentas_jardim,1150,22,21,16
moveis_decoracao,1500,25,20,35
moveis_cozinha_area_de_servico_jantar_e_jardim,30000,31,96,73
cama_mesa_banho,2250,25,25,25
brinquedos,1350,22,20,34
perfumaria,556,21,16,16
moveis_decoracao,1700,20,45,15
livros_interesse_geral,450,26,4,26
automotivo,2200,16,2,11
moveis_decoracao,700,69,11,11
pet_shop,900,26,19,23
utilidades_domesticas,1400,30,30,30
eletroportateis,800,50,10,18
papelaria,1800,60,20,29
moveis_decoracao,228,17,12,15
moveis_decoracao,7183,56,56,18
audio,450,20,9,15
utilidades_domesticas,1300,16,30,12
climatizacao,5800,55,16,26
eletroportateis,2300,45,30,30
relogios_presentes,50,16,8,16
telefonia,314,20,9,14
cool_stuff,8100,45,24,39
brinquedos,1500,16,26,36
utilidades_domesticas,617,40,13,25
consoles_games,367,16,16,16
relogios_presentes,400,21,14,14
moveis_decoracao,550,22,15,11
beleza_saude,600,17,18,17
telefonia,50,16,22,11
industria_comercio_e_negocios,2850,70,8,17
ferramentas_jardim,8250,24,102,30
utilidades_domesticas,12150,63,37,29
pet_shop,150,27,9,26
consoles_games,700,19,6,15
esporte_lazer,200,16,17,22
cama_mesa_banho,1050,25,10,25
telefonia,133,18,4,11
utilidades_domesticas,775,23,12,23
brinquedos,2050,33,29,37
eletroportateis,2400,32,21,24
fashion_bolsas_e_acessorios,600,16,11,11
esporte_lazer,700,28,15,20
esporte_lazer,1450,105,15,15
moveis_decoracao,4000,40,40,40
brinquedos,6745,62,34,40
livros_importados,1000,33,6,22
moveis_decoracao,200,20,20,20
moveis_cozinha_area_de_servico_jantar_e_jardim,22150,76,46,38
utilidades_domesticas,5750,40,25,30
malas_acessorios,4633,37,34,30
automotivo,1775,42,30,31
esporte_lazer,400,20,20,20
moveis_decoracao,7950,40,38,40
beleza_saude,250,16,15,11
malas_acessorios,650,46,10,34
cama_mesa_banho,950,50,16,16
esporte_lazer,6350,90,15,25
relogios_presentes,450,16,19,14
casa_construcao,1000,16,20,16
esporte_lazer,190,19,16,16
perfumaria,300,16,2,11
pet_shop,111,17,10,12
informatica_acessorios,300,18,9,16
papelaria,2400,28,55,37
cama_mesa_banho,26600,45,15,35
moveis_decoracao,1050,17,27,17
livros_interesse_geral,13300,16,2,11
papelaria,400,35,42,18
moveis_decoracao,2125,28,27,33
moveis_decoracao,950,65,3,45
automotivo,4350,72,4,46
eletronicos,250,18,19,18
moveis_decoracao,2300,25,3,65
esporte_lazer,200,20,7,12
utilidades_domesticas,900,16,30,26
automotivo,1750,45,20,45
esporte_lazer,400,27,6,25
bebes,119,16,11,14
relogios_presentes,375,21,15,16
esporte_lazer,500,16,14,11
cama_mesa_banho,1125,30,15,31
casa_construcao,700,16,27,16
esporte_lazer,300,20,8,11
esporte_lazer,650,28,20,25
casa_construcao,9950,52,22,52
livros_importados,800,30,2,21
cool_stuff,900,30,45,15
telefonia,167,16,10,17
eletronicos,343,28,16,19
esporte_lazer,400,19,11,37
malas_acessorios,14000,26,66,46
moveis_escritorio,8075,52,51,17
beleza_saude,7400,34,25,17
brinquedos,300,45,15,35
dvds_blu_ray,150,20,2,14
automotivo,200,16,5,20
construcao_ferramentas_construcao,6700,30,10,30
utilidades_domesticas,8250,33,35,33
informatica_acessorios,5550,23,9,23
cine_foto,350,24,4,12
utilidades_domesticas,1000,28,12,21
cama_mesa_banho,1300,45,15,35
alimentos_bebidas,274,28,15,20
telefonia_fixa,842,23,20,21
automotivo,200,16,2,11
malas_acessorios,150,16,17,11
moveis_decoracao,400,80,10,60
esporte_lazer,700,16,13,14
moveis_decoracao,2850,20,35,20
construcao_ferramentas_construcao,200,16,5,11
automotivo,100,23,2,17
bebes,517,25,26,26
utilidades_domesticas,450,54,4,15
cama_mesa_banho,6100,36,15,45
cool_stuff,200,20,13,20
brinquedos,200,17,21,11
cool_stuff,500,16,7,13
brinquedos,662,21,26,18
beleza_saude,450,30,30,30
casa_construcao,100,80,16,16
eletronicos,2600,18,7,30
ferramentas_jardim,598,38,30,38
dvds_blu_ray,450,20,5,14
informatica_acessorios,250,20,20,20
cama_mesa_banho,3000,45,15,35
relogios_presentes,178,16,12,11
ferramentas_jardim,29600,42,17,42
cama_mesa_banho,7725,52,26,47
esporte_lazer,14600,34,12,12
informatica_acessorios,400,16,8,16
moveis_decoracao,1500,45,15,35
livros_tecnicos,110,33,6,22
perfumaria,500,16,16,22
pet_shop,1185,30,10,21
utilidades_domesticas,8550,27,23,27
casa_construcao,500,16,20,16
bebes,28250,34,85,55
fashion_bolsas_e_acessorios,300,16,7,11
esporte_lazer,250,16,10,15
automotivo,1550,60,8,33
telefonia,400,21,6,13
utilidades_domesticas,1500,25,17,12
brinquedos,1103,33,15,28
esporte_lazer,3450,16,15,20
cama_mesa_banho,2250,35,10,35
construcao_ferramentas_construcao,400,34,4,16
esporte_lazer,3180,28,22,26
utilidades_domesticas,19100,54,45,43
cama_mesa_banho,700,22,13,16
cama_mesa_banho,700,50,5,50
telefonia,267,19,4,12
artigos_de_natal,200,30,2,21
beleza_saude,300,20,8,13
beleza_saude,250,16,4,11
eletroportateis,4000,19,60,30
cool_stuff,850,22,22,22
esporte_lazer,400,26,16,21
instrumentos_musicais,14200,105,16,40
informatica_acessorios,200,34,2,18
climatizacao,2800,16,2,11
cama_mesa_banho,1600,40,4,28
ferramentas_jardim,700,30,15,15
automotivo,12200,62,62,19
moveis_decoracao,1650,40,10,30
papelaria,575,23,26,14
informatica_acessorios,350,16,8,11
esporte_lazer,1050,25,21,18
bebes,400,30,16,20
cama_mesa_banho,6050,60,10,60
relogios_presentes,275,16,11,11
utilidades_domesticas,600,22,8,22
sinalizacao_e_seguranca,150,16,9,11
informatica_acessorios,500,16,5,15
artes,100,16,5,11
pet_shop,6100,48,28,31
construcao_ferramentas_construcao,2008,45,23,21
relogios_presentes,325,18,13,16
relogios_presentes,275,17,10,12
telefonia_fixa,1700,22,9,30
beleza_saude,1025,33,36,31
sinalizacao_e_seguranca,800,47,8,12
informatica_acessorios,306,15,21,13
esporte_lazer,1683,35,17,48
informatica_acessorios,163,17,11,16
esporte_lazer,300,22,6,16
casa_construcao,250,20,4,20
esporte_lazer,400,16,10,11
brinquedos,3250,65,13,36
alimentos_bebidas,1200,23,12,19
beleza_saude,30000,50,75,56
bebes,2056,39,22,27
pet_shop,16850,60,40,42
cama_mesa_banho,850,35,20,35
esporte_lazer,200,20,7,14
instrumentos_musicais,350,30,20,30
moveis_sala,15150,38,48,38
telefonia,175,18,4,12
cama_mesa_banho,1650,40,6,30
esporte_lazer,500,45,10,40
beleza_saude,1150,30,10,17
esporte_lazer,1200,42,12,43
moveis_decoracao,7600,65,5,47
brinquedos,650,31,18,23
papelaria,190,20,14,13
esporte_lazer,206,18,11,14
informatica_acessorios,761,18,15,15
livros_interesse_geral,425,19,12,14
esporte_lazer,200,16,9,10
informatica_acessorios,50,60,16,11
dvds_blu_ray,400,18,25,11
esporte_lazer,4750,40,25,25
consoles_games,200,16,8,11
eletrodomesticos,11950,50,2,37
cool_stuff,2000,45,30,20
informatica_acessorios,596,19,7,15
moveis_decoracao,500,40,15,40
cama_mesa_banho,266,28,5,16
esporte_lazer,13700,26,7,11
utilidades_domesticas,1200,33,10,30
cama_mesa_banho,800,22,13,16
cool_stuff,200,18,12,16
cama_mesa_banho,1275,19,17,23
bebes,100,19,7,11
cama_mesa_banho,1500,46,9,37
esporte_lazer,493,18,17,16
automotivo,5050,35,20,20
automotivo,725,60,8,33
relogios_presentes,367,19,13,19
moveis_escritorio,27200,48,45,56
fashion_bolsas_e_acessorios,200,16,12,14
relogios_presentes,350,16,2,11
relogios_presentes,283,18,14,14
relogios_presentes,300,16,11,20
bebes,2400,31,43,21
utilidades_domesticas,6100,31,29,41
esporte_lazer,588,25,30,28
utilidades_domesticas,350,16,15,15
moveis_decoracao,7750,49,25,49
moveis_decoracao,1250,52,7,11
cool_stuff,2250,16,40,16
construcao_ferramentas_seguranca,600,20,20,20
cool_stuff,1050,42,25,15
construcao_ferramentas_seguranca,700,60,10,20
utilidades_domesticas,700,16,16,11
ferramentas_jardim,9100,42,13,39
relogios_presentes,450,18,12,14
esporte_lazer,300,25,12,18
cama_mesa_banho,1250,33,9,38
informatica_acessorios,3750,36,16,36
informatica_acessorios,5879,30,25,19
beleza_saude,417,25,7,22
construcao_ferramentas_construcao,1200,16,11,11
automotivo,2130,23,17,19
automotivo,6450,72,22,52
utilidades_domesticas,11250,40,40,30
consoles_games,1100,22,13,18
fashion_bolsas_e_acessorios,188,22,12,21
cama_mesa_banho,500,70,8,45
telefonia_fixa,1100,20,16,20
cama_mesa_banho,1850,47,7,35
beleza_saude,900,20,11,15
moveis_decoracao,1200,40,15,30
brinquedos,16350,70,35,40
automotivo,6900,17,19,27
sinalizacao_e_seguranca,550,28,12,22
esporte_lazer,2600,27,32,27
ferramentas_jardim,3000,27,10,32
utilidades_domesticas,9650,62,35,37
esporte_lazer,575,24,17,23
eletronicos,385,20,8,18
ferramentas_jardim,1000,105,20,20
livros_tecnicos,800,24,2,17
consoles_games,500,20,15,20
cool_stuff,2250,50,30,30
brinquedos,250,18,7,17
livros_interesse_geral,700,23,2,16
cama_mesa_banho,1900,50,17,31
automotivo,2200,50,10,50
alimentos,700,24,15,24
esporte_lazer,3900,90,20,25
beleza_saude,300,22,19,22
moveis_decoracao,1050,25,23,25
moveis_quarto,500,28,17,24
consoles_games,200,16,20,15
alimentos,94,16,5,11
utilidades_domesticas,1168,23,9,12
bebes,700,24,14,18
esporte_lazer,500,19,12,13
cool_stuff,6800,53,20,33
automotivo,400,16,7,12
cama_mesa_banho,450,16,10,16
cool_stuff,7300,79,5,63
utilidades_domesticas,963,33,44,33
esporte_lazer,500,50,5,30
esporte_lazer,400,50,10,17
automotivo,450,16,16,16
esporte_lazer,825,40,15,15
utilidades_domesticas,6100,20,30,15
beleza_saude,375,26,11,18
esporte_lazer,100,34,2,26
informatica_acessorios,3450,52,17,22
beleza_saude,350,25,12,19
brinquedos,1310,60,12,24
moveis_decoracao,2550,69,11,11
beleza_saude,200,18,8,12
agro_industria_e_comercio,10650,26,80,26
moveis_decoracao,16400,80,20,20
beleza_saude,500,19,17,15
eletronicos,125,22,9,16
brinquedos,400,22,22,22
cama_mesa_banho,4700,45,18,35
cama_mesa_banho,5350,40,16,50
malas_acessorios,1100,25,25,25
bebidas,226,18,16,16
market_place,400,22,6,15
cama_mesa_banho,1800,16,50,40
utilidades_domesticas,150,19,4,11
fashion_esporte,1500,70,15,65
portateis_cozinha_e_preparadores_de_alimentos,1200,25,33,25
beleza_saude,250,22,10,18
utilidades_domesticas,750,25,10,15
alimentos,450,16,18,11
perfumaria,83,17,8,13
utilidades_domesticas,500,16,25,15
brinquedos,4368,47,35,37
utilidades_domesticas,10200,31,60,31
beleza_saude,642,18,13,15
esporte_lazer,850,22,15,22
beleza_saude,217,18,5,15
utilidades_domesticas,250,35,4,15
brinquedos,250,34,4,32
utilidades_domesticas,750,25,42,21
ferramentas_jardim,268,38,9,12
moveis_decoracao,2150,105,3,70
eletrodomesticos,500,27,13,17
market_place,200,16,4,16
construcao_ferramentas_jardim,325,18,16,13
relogios_presentes,2850,41,35,48
moveis_quarto,10600,33,45,40
papelaria,2650,48,28,40
esporte_lazer,300,20,15,15
cama_mesa_banho,1100,95,8,50
brinquedos,650,21,18,28
bebes,350,50,5,35
cama_mesa_banho,800,30,14,16
beleza_saude,320,19,14,14
eletronicos,1075,21,9,9
papelaria,900,30,15,15
cama_mesa_banho,800,95,8,50
informatica_acessorios,150,20,10,20
papelaria,233,12,4,9
cama_mesa_banho,3600,48,13,40
informatica_acessorios,840,20,11,19
utilidades_domesticas,400,16,11,14
bebes,450,25,6,25
beleza_saude,2550,38,42,25
moveis_decoracao,1300,50,20,40
relogios_presentes,200,20,5,15
malas_acessorios,1000,35,10,20
informatica_acessorios,810,16,10,12
construcao_ferramentas_iluminacao,1300,22,22,22
beleza_saude,500,25,38,30
moveis_decoracao,1550,25,16,18
automotivo,5750,64,5,39
relogios_presentes,300,16,16,11
cama_mesa_banho,1300,20,30,30
moveis_decoracao,1000,40,5,30
eletrodomesticos_2,2850,62,11,40
ferramentas_jardim,1600,32,21,14
relogios_presentes,3900,16,4,16
utilidades_domesticas,950,30,25,30
eletronicos,1150,30,15,20
beleza_saude,200,26,6,18
eletronicos,200,21,7,16
esporte_lazer,500,35,10,11
cool_stuff,5600,25,37,36
eletronicos,400,25,10,20
beleza_saude,150,16,3,15
esporte_lazer,2900,30,30,30
utilidades_domesticas,250,20,3,20
construcao_ferramentas_construcao,2150,20,8,20
esporte_lazer,300,30,16,16
livros_interesse_geral,425,28,3,20
esporte_lazer,100,27,17,14
sinalizacao_e_seguranca,300,19,13,13
esporte_lazer,1064,24,20,19
utilidades_domesticas,30000,60,61,33
cama_mesa_banho,600,30,3,19
informatica_acessorios,1300,32,17,32
beleza_saude,350,16,19,15
moveis_decoracao,515,98,8,16
utilidades_domesticas,14000,44,33,36
bebes,3050,28,33,45
construcao_ferramentas_construcao,60,20,5,20
informatica_acessorios,450,19,5,12
esporte_lazer,1700,16,11,25
moveis_escritorio,8450,53,50,16
bebes,1533,39,13,32
moveis_decoracao,1050,30,4,20
cool_stuff,8450,45,24,39
informatica_acessorios,1375,21,7,16
utilidades_domesticas,250,30,11,17
esporte_lazer,200,18,9,13
perfumaria,100,18,7,11
esporte_lazer,6400,103,17,28
cama_mesa_banho,900,45,15,35
instrumentos_musicais,200,40,5,11
papelaria,1900,60,20,29
beleza_saude,217,27,12,17
market_place,1100,25,15,45
papelaria,100,16,10,15
relogios_presentes,501,18,13,14
alimentos,550,32,30,27
instrumentos_musicais,567,31,7,23
esporte_lazer,550,35,10,20
moveis_decoracao,7600,52,15,52
bebes,28750,60,46,20
automotivo,8500,65,40,65
automotivo,480,27,8,14
fashion_calcados,900,19,9,20
ferramentas_jardim,8650,40,30,20
pet_shop,650,21,12,52
esporte_lazer,50,20,11,11
moveis_decoracao,1050,45,5,30
livros_interesse_geral,1500,25,7,19
portateis_casa_forno_e_cafe,4800,16,4,11
beleza_saude,2570,24,23,21
cama_mesa_banho,1850,40,10,30
alimentos_bebidas,2800,27,19,24
cama_mesa_banho,2250,35,20,30
informatica_acessorios,150,16,23,13
automotivo,577,24,14,13
utilidades_domesticas,1625,37,15,28
fashion_bolsas_e_acessorios,300,16,8,11
esporte_lazer,1250,23,23,23
automotivo,30000,60,60,60
livros_interesse_geral,350,33,6,22
moveis_cozinha_area_de_servico_jantar_e_jardim,1700,100,3,60
beleza_saude,650,16,10,11
esporte_lazer,2000,22,20,22
esporte_lazer,2500,20,11,11
informatica_acessorios,1200,26,12,26
moveis_decoracao,1200,16,34,34
agro_industria_e_comercio,300,20,20,20
papelaria,400,31,2,22
esporte_lazer,400,26,3,15
relogios_presentes,450,18,23,18
cama_mesa_banho,200,16,6,20
automotivo,5900,53,43,11
utilidades_domesticas,1500,45,25,35
beleza_saude,1317,22,28,17
utilidades_domesticas,7550,42,11,64
fashion_bolsas_e_acessorios,100,16,3,17
cama_mesa_banho,600,50,8,40
esporte_lazer,350,27,10,16
bebes,122,17,12,14
brinquedos,2500,30,10,34
moveis_decoracao,650,35,2,25
beleza_saude,2400,30,20,20
relogios_presentes,381,18,12,15
telefonia,275,16,5,11
cama_mesa_banho,1250,20,20,20
moveis_decoracao,2950,69,11,11
beleza_saude,200,16,10,16
esporte_lazer,250,16,17,22
bebes,550,50,10,50
ferramentas_jardim,250,17,7,13
cama_mesa_banho,20700,58,50,49
brinquedos,2483,42,22,30
cama_mesa_banho,1500,37,9,30
esporte_lazer,1400,16,16,16
fashion_roupa_masculina,100,16,2,11
informatica_acessorios,167,16,14,13
moveis_decoracao,1300,25,25,20
cama_mesa_banho,11150,45,18,38
esporte_lazer,1800,72,22,11
esporte_lazer,5200,20,22,22
moveis_decoracao,6100,35,15,30
moveis_decoracao,30000,70,60,60
ferramentas_jardim,2400,40,15,30
esporte_lazer,15450,16,105,55
perfumaria,249,19,13,15
construcao_ferramentas_iluminacao,1450,20,20,20
livros_tecnicos,1300,27,2,19
papelaria,8000,30,55,35
moveis_decoracao,3000,70,55,70
telefonia_fixa,200,19,3,11
esporte_lazer,5150,27,26,25
cool_stuff,1600,60,5,36
beleza_saude,210,33,8,19
cama_mesa_banho,300,16,22,11
relogios_presentes,225,20,12,13
informatica_acessorios,4400,19,23,19
construcao_ferramentas_construcao,3100,24,7,24
telefonia_fixa,2550,100,20,30
papelaria,1400,35,46,31
moveis_decoracao,1700,40,10,40
artigos_de_natal,4450,50,8,45
esporte_lazer,1033,46,32,14
informatica_acessorios,200,20,15,15
casa_construcao,900,32,24,11
moveis_decoracao,1100,30,6,32
cama_mesa_banho,500,16,16,16
cama_mesa_banho,8550,50,20,45
audio,600,16,10,24
bebes,400,30,14,21
pet_shop,5500,26,47,27
informatica_acessorios,4300,28,23,20
esporte_lazer,600,16,6,15
cama_mesa_banho,1975,41,13,31
livros_importados,600,29,2,22
eletroportateis,1050,20,20,20
pet_shop,1700,50,20,40
beleza_saude,550,16,20,16
utilidades_domesticas,1350,44,22,30
construcao_ferramentas_construcao,600,16,11,11
beleza_saude,367,18,14,17
telefonia,300,16,5,11
esporte_lazer,500,20,10,15
relogios_presentes,210,18,12,17
moveis_decoracao,1600,35,6,32
cama_mesa_banho,500,28,10,23
cama_mesa_banho,300,28,13,12
malas_acessorios,750,25,55,40
automotivo,300,16,5,11
cama_mesa_banho,567,45,4,35
pet_shop,300,17,12,14
seguros_e_servicos,400,26,22,11
brinquedos,600,35,8,20
esporte_lazer,1675,60,15,15
informatica_acessorios,600,19,5,15
cama_mesa_banho,4940,65,18,55
fashion_bolsas_e_acessorios,100,16,11,13
automotivo,617,22,17,15
informatica_acessorios,580,32,13,17
beleza_saude,450,40,7,20
automotivo,100,18,9,16
moveis_escritorio,21450,101,8,60
brinquedos,250,17,7,18
audio,150,27,5,20
cool_stuff,1000,16,19,15
beleza_saude,188,18,18,18
construcao_ferramentas_construcao,1800,20,6,20
bebes,500,25,4,18
climatizacao,300,16,10,11
cama_mesa_banho,450,16,20,30
moveis_decoracao,350,69,11,11
automotivo,3500,25,5,25
informatica_acessorios,600,38,2,29
papelaria,1900,18,38,30
esporte_lazer,3720,26,32,33
cama_mesa_banho,700,45,15,30
livros_importados,700,29,2,22
esporte_lazer,1400,26,18,18
informatica_acessorios,150,41,2,29
consoles_games,300,20,5,15
moveis_decoracao,350,16,28,16
ferramentas_jardim,700,16,3,12
instrumentos_musicais,1400,31,50,31
utilidades_domesticas,250,25,10,15
utilidades_domesticas,465,17,14,19
fashion_roupa_masculina,800,40,6,30
esporte_lazer,7700,59,38,42
brinquedos,400,22,14,14
eletrodomesticos,400,55,13,12
esporte_lazer,150,19,7,16
moveis_cozinha_area_de_servico_jantar_e_jardim,15800,60,105,15
ferramentas_jardim,700,21,14,17
cama_mesa_banho,1300,50,5,50
telefonia,275,18,4,12
telefonia_fixa,394,21,16,17
moveis_decoracao,700,35,20,35
fashion_bolsas_e_acessorios,350,16,2,20
pet_shop,300,20,30,20
brinquedos,192,20,16,12
utilidades_domesticas,350,27,10,27
relogios_presentes,700,20,13,15
relogios_presentes,275,18,9,12
beleza_saude,1375,23,14,16
brinquedos,10408,65,40,54
consoles_games,900,20,20,16
utilidades_domesticas,800,30,40,30
beleza_saude,3350,36,22,22
beleza_saude,342,18,14,14
telefonia_fixa,700,16,8,16
beleza_saude,50,16,3,15
utilidades_domesticas,9700,25,60,25
eletronicos,150,24,8,16
moveis_escritorio,16750,58,28,58
brinquedos,19500,45,50,45
automotivo,3750,33,20,33
eletronicos,175,22,12,16
utilidades_domesticas,1950,23,65,23
perfumaria,150,17,9,11
construcao_ferramentas_iluminacao,750,28,5,25
moveis_decoracao,1200,49,7,40
eletrodomesticos_2,16100,58,19,85
moveis_decoracao,600,35,10,35
esporte_lazer,750,16,5,11
cama_mesa_banho,3200,37,10,40
esporte_lazer,2100,30,20,45
ferramentas_jardim,5683,45,30,30
eletrodomesticos,300,27,13,17
utilidades_domesticas,1100,16,29,11
esporte_lazer,400,25,15,25
papelaria,1350,45,10,50
esporte_lazer,4850,30,25,25
telefonia,500,18,8,16
perfumaria,2500,30,16,30
beleza_saude,5300,25,105,12
automotivo,2050,30,25,30
pet_shop,1250,30,15,30
esporte_lazer,600,16,7,12
moveis_escritorio,7450,52,52,17
perfumaria,100,16,11,14
moveis_escritorio,6025,57,55,22
fashion_bolsas_e_acessorios,400,16,5,16
esporte_lazer,6300,90,15,25
relogios_presentes,1400,33,10,33
utilidades_domesticas,900,26,32,31
bebes,2400,43,50,37
construcao_ferramentas_seguranca,882,18,19,14
moveis_decoracao,13700,100,7,90
utilidades_domesticas,300,50,4,11
brinquedos,350,20,25,20
moveis_decoracao,10050,40,45,40
utilidades_domesticas,1100,40,10,35
esporte_lazer,600,21,19,13
cama_mesa_banho,1750,40,6,30
informatica_acessorios,250,16,7,16
perfumaria,850,20,20,15
bebes,16900,62,35,52
beleza_saude,383,25,11,15
malas_acessorios,6360,31,45,54
ferramentas_jardim,750,24,9,24
moveis_decoracao,500,50,5,30
cama_mesa_banho,3600,35,35,35
papelaria,1500,38,30,28
moveis_decoracao,12950,68,26,44
automotivo,850,16,28,16
utilidades_domesticas,530,17,17,19
automotivo,700,26,10,35
moveis_decoracao,700,21,12,16
papelaria,200,16,10,11
bebes,21200,75,52,25
eletrodomesticos,4920,65,11,33
beleza_saude,1317,20,19,16
utilidades_domesticas,1500,30,14,28
brinquedos,5700,39,30,29
informatica_acessorios,700,28,10,19
cama_mesa_banho,2050,45,22,33
livros_tecnicos,500,23,3,16
esporte_lazer,150,25,25,25
eletronicos,264,19,15,21
fashion_bolsas_e_acessorios,200,16,3,15
esporte_lazer,1325,24,24,20
cool_stuff,19500,71,76,50
cama_mesa_banho,3300,44,18,34
beleza_saude,750,20,20,20
relogios_presentes,547,21,12,16
eletroportateis,575,20,11,17
utilidades_domesticas,1000,20,10,20
beleza_saude,350,35,16,20
beleza_saude,3600,40,11,21
malas_acessorios,400,65,11,11
brinquedos,1700,36,18,27
moveis_decoracao,1500,59,10,25
utilidades_domesticas,26950,44,48,44
livros_interesse_geral,250,27,9,18
ferramentas_jardim,8000,49,28,57
esporte_lazer,500,25,15,20
bebes,483,17,24,21
informatica_acessorios,9600,52,19,51
perfumaria,487,21,17,17
utilidades_domesticas,5500,32,32,32
esporte_lazer,300,17,17,12
beleza_saude,667,30,16,16
esporte_lazer,300,18,8,14
esporte_lazer,6650,30,50,30
informatica_acessorios,140,16,11,17
informatica_acessorios,1700,31,12,22
papelaria,750,16,20,35
cama_mesa_banho,750,16,16,16
fashion_bolsas_e_acessorios,1100,42,13,43
automotivo,9250,67,6,20
utilidades_domesticas,145,19,4,12
automotivo,5100,47,19,23
beleza_saude,450,86,15,15
informatica_acessorios,200,30,2,39
sinalizacao_e_seguranca,1350,33,13,20
cama_mesa_banho,950,35,15,25
cool_stuff,517,25,18,22
cool_stuff,423,24,13,16
informatica_acessorios,867,34,15,15
construcao_ferramentas_construcao,100,20,4,25
papelaria,4200,25,55,37
brinquedos,583,18,21,21
bebes,12350,60,32,42
automotivo,350,16,5,11
moveis_decoracao,300,38,15,30
esporte_lazer,200,16,5,13
moveis_decoracao,3150,105,3,70
brinquedos,11600,24,77,24
pet_shop,700,20,11,13
eletroportateis,1150,16,16,16
moveis_decoracao,1500,35,9,25
construcao_ferramentas_construcao,6143,24,13,14
relogios_presentes,440,18,14,17
moveis_escritorio,10850,58,28,58
papelaria,250,21,7,15
cama_mesa_banho,350,47,4,35
beleza_saude,150,20,20,15
cool_stuff,700,25,5,15
utilidades_domesticas,1600,42,15,24
sinalizacao_e_seguranca,300,20,11,15
esporte_lazer,1200,20,35,26
automotivo,3150,100,3,42
relogios_presentes,153,17,11,15
moveis_decoracao,250,24,3,12
eletronicos,175,21,11,13
beleza_saude,200,18,11,13
livros_interesse_geral,300,24,3,18
casa_construcao,600,39,12,12
cool_stuff,850,31,20,32
informatica_acessorios,250,17,10,13
papelaria,1475,40,33,24
automotivo,1700,45,20,45
pet_shop,6372,64,17,52
moveis_sala,17800,70,15,24
moveis_decoracao,300,16,2,11
construcao_ferramentas_construcao,6267,30,27,24
esporte_lazer,1150,60,15,15
telefonia,100,23,13,16
moveis_sala,3400,33,13,33
eletrodomesticos_2,1938,32,19,21
utilidades_domesticas,10450,61,28,28
informatica_acessorios,820,48,8,28
market_place,1500,48,9,16
moveis_sala,12400,72,25,22
cama_mesa_banho,7150,40,20,40
utilidades_domesticas,153,30,13,17
consoles_games,800,20,20,20
informatica_acessorios,100,16,8,12
perfumaria,400,20,20,20
fashion_bolsas_e_acessorios,100,24,4,34
moveis_decoracao,22625,66,43,66
instrumentos_musicais,500,30,20,30
automotivo,5575,63,9,63
relogios_presentes,250,16,10,11
casa_conforto,1050,40,20,30
brinquedos,550,29,18,28
ferramentas_jardim,2100,32,16,31
eletrodomesticos,21000,63,21,37
brinquedos,10800,55,18,19
informatica_acessorios,100,23,13,13
moveis_decoracao,1600,45,7,35
fashion_bolsas_e_acessorios,100,16,7,15
brinquedos,575,23,17,20
informatica_acessorios,5690,30,23,25
artes,1650,30,4,30
utilidades_domesticas,550,30,16,25
moveis_decoracao,1200,69,11,11
informatica_acessorios,1600,25,9,25
utilidades_domesticas,16000,30,30,30
eletronicos,550,16,5,20
beleza_saude,775,28,15,16
perfumaria,442,23,15,17
informatica_acessorios,1000,34,15,14
climatizacao,1900,21,31,25
moveis_escritorio,2600,40,45,39
sinalizacao_e_seguranca,9350,55,55,22
utilidades_domesticas,7350,56,14,56
utilidades_domesticas,1050,91,13,11
pet_shop,8500,16,15,25
esporte_lazer,200,21,21,21
climatizacao,9200,20,8,15
esporte_lazer,1600,25,15,25
perfumaria,600,30,10,30
beleza_saude,500,18,18,18
automotivo,550,30,5,20
informatica_acessorios,97,65,3,13
automotivo,1100,30,25,25
moveis_decoracao,800,35,15,20
utilidades_domesticas,700,70,10,15
beleza_saude,1106,19,22,18
informatica_acessorios,300,42,8,17
relogios_presentes,533,20,8,11
automotivo,5200,16,2,11
brinquedos,425,16,5,14
bebes,1000,50,19,45
climatizacao,5300,51,22,34
esporte_lazer,300,19,12,12
esporte_lazer,200,16,3,11
informatica_acessorios,1000,20,30,20
cama_mesa_banho,900,50,11,11
fashion_roupa_masculina,400,30,40,11
moveis_decoracao,1200,20,20,20
papelaria,450,16,6,11
ferramentas_jardim,650,30,7,21
ferramentas_jardim,1700,30,25,45
cool_stuff,538,29,13,21
automotivo,325,25,25,25
automotivo,2100,16,2,11
brinquedos,300,16,16,16
esporte_lazer,150,16,2,11
relogios_presentes,160,18,12,17
alimentos,1358,27,21,20
automotivo,850,23,7,38
esporte_lazer,1123,32,25,23
livros_interesse_geral,450,28,6,19
informatica_acessorios,200,29,5,20
automotivo,1600,24,19,20
esporte_lazer,4000,82,15,22
eletronicos,190,19,16,10
esporte_lazer,3663,27,27,27
brinquedos,958,65,15,50
consoles_games,275,17,6,12
ferramentas_jardim,600,25,40,25
moveis_decoracao,700,60,7,11
automotivo,6850,64,5,39
brinquedos,6150,60,17,34
brinquedos,950,23,24,23
ferramentas_jardim,900,20,20,20
fashion_bolsas_e_acessorios,150,16,12,16
beleza_saude,700,31,13,21
moveis_cozinha_area_de_servico_jantar_e_jardim,6400,16,2,11
perfumaria,390,22,11,16
eletronicos,900,70,5,11
construcao_ferramentas_construcao,2220,54,10,11
moveis_decoracao,10400,40,42,40
cool_stuff,4950,48,46,15
telefonia_fixa,2400,26,26,26
consoles_games,150,20,13,15
informatica_acessorios,510,18,17,13
eletronicos,600,30,8,18
moveis_decoracao,2000,39,42,39
livros_interesse_geral,800,30,5,30
beleza_saude,567,19,10,13
esporte_lazer,300,30,5,20
informatica_acessorios,4400,35,15,30
portateis_casa_forno_e_cafe,450,32,11,11
bebes,6850,48,25,34
eletroportateis,400,16,35,25
cama_mesa_banho,2800,33,19,45
papelaria,300,16,11,11
utilidades_domesticas,800,16,2,11
cool_stuff,150,20,6,15
esporte_lazer,450,29,25,26
cama_mesa_banho,600,63,15,28
beleza_saude,700,19,17,15
telefonia,200,18,6,11
informatica_acessorios,400,28,6,20
beleza_saude,1425,17,28,15
eletrodomesticos,950,25,11,15
fashion_roupa_masculina,600,35,35,15
moveis_escritorio,8800,52,51,17
automotivo,100,16,18,14
eletronicos,200,18,10,15
automotivo,200,21,17,17
utilidades_domesticas,2000,33,35,33
ferramentas_jardim,340,14,16,13
utilidades_domesticas,800,25,10,25
utilidades_domesticas,2350,25,30,25
esporte_lazer,600,32,18,23
moveis_decoracao,600,22,7,32
relogios_presentes,100,16,3,11
informatica_acessorios,6200,23,12,15
beleza_saude,500,35,12,18
cama_mesa_banho,5050,57,18,51
relogios_presentes,325,25,12,23
beleza_saude,1350,19,28,17
automotivo,1100,42,12,22
fashion_calcados,3000,36,37,16
relogios_presentes,22175,19,9,12
ferramentas_jardim,10100,53,30,38
brinquedos,200,28,13,22
cama_mesa_banho,1950,43,10,33
papelaria,200,21,7,15
cama_mesa_banho,1650,44,24,37
agro_industria_e_comercio,1700,80,22,11
esporte_lazer,200,21,25,21
moveis_decoracao,900,86,4,20
beleza_saude,1200,25,12,19
moveis_decoracao,9000,105,30,30
bebes,139,17,11,15
beleza_saude,400,16,8,11
esporte_lazer,3400,33,25,28
brinquedos,1700,19,27,40
moveis_decoracao,23700,49,42,42
automotivo,5050,47,19,23
cool_stuff,750,42,25,15
cama_mesa_banho,2600,45,17,35
cama_mesa_banho,840,37,23,35
climatizacao,200,20,8,13
instrumentos_musicais,18600,100,15,50
moveis_escritorio,12160,56,51,28
casa_conforto,1600,45,15,35
bebes,500,33,8,31
cama_mesa_banho,2800,40,20,40
perfumaria,295,19,14,14
construcao_ferramentas_seguranca,825,18,14,18
automotivo,3400,30,20,30
moveis_decoracao,400,50,5,30
utilidades_domesticas,6950,35,30,35
beleza_saude,225,18,8,13
telefonia,250,17,4,16
informatica_acessorios,1400,25,15,25
beleza_saude,2500,35,20,20
instrumentos_musicais,200,16,30,16
telefonia,250,18,3,28
ferramentas_jardim,18500,67,58,38
construcao_ferramentas_construcao,1000,60,30,15
consoles_games,900,17,16,13
esporte_lazer,975,20,20,14
malas_acessorios,700,40,15,40
papelaria,600,21,7,15
consoles_games,400,20,10,25
relogios_presentes,850,33,17,12
automotivo,5500,47,19,23
esporte_lazer,150,20,4,15
brinquedos,450,16,16,16
beleza_saude,483,16,16,14
perfumaria,291,20,9,14
relogios_presentes,1650,42,10,42
esporte_lazer,350,20,15,17
esporte_lazer,600,30,20,20
beleza_saude,200,17,10,14
construcao_ferramentas_iluminacao,600,16,16,30
fashion_bolsas_e_acessorios,150,20,10,20
ferramentas_jardim,800,35,8,13
bebes,2250,36,31,19
esporte_lazer,1850,60,15,15
esporte_lazer,2100,60,15,15
construcao_ferramentas_seguranca,1850,37,10,26
cama_mesa_banho,750,34,18,44
construcao_ferramentas_construcao,775,27,24,12
utilidades_domesticas,1450,21,17,22
relogios_presentes,850,48,16,35
fashion_bolsas_e_acessorios,800,16,10,15
cama_mesa_banho,2350,33,8,33
informatica_acessorios,242,22,14,14
audio,900,20,8,11
pet_shop,750,30,15,15
beleza_saude,200,20,20,30
cama_mesa_banho,400,50,11,11
pet_shop,4900,50,20,50
market_place,400,35,15,25
fashion_bolsas_e_acessorios,300,16,5,20
beleza_saude,225,18,19,17
beleza_saude,700,17,20,17
beleza_saude,761,28,13,20
automotivo,100,16,4,12
moveis_decoracao,500,28,8,18
casa_conforto,5700,40,20,40
moveis_decoracao,7000,70,21,16
moveis_decoracao,2700,27,35,23
esporte_lazer,400,18,9,11
papelaria,700,36,6,29
pet_shop,6050,50,10,36
automotivo,540,24,20,18
cama_mesa_banho,1900,34,8,32
beleza_saude,150,20,10,15
cama_mesa_banho,1400,16,16,16
esporte_lazer,1100,57,16,21
moveis_decoracao,600,50,15,40
automotivo,350,20,15,15
informatica_acessorios,1000,17,12,40
beleza_saude,286,16,18,15
moveis_decoracao,12333,55,54,19
utilidades_domesticas,628,21,31,18
ferramentas_jardim,700,33,10,18
perfumaria,700,19,13,16
utilidades_domesticas,250,18,9,12
livros_importados,800,30,2,20
cool_stuff,2100,99,5,47
brinquedos,380,18,18,18
livros_tecnicos,650,23,3,16
moveis_cozinha_area_de_servico_jantar_e_jardim,1600,30,10,20
automotivo,2000,30,28,30
cama_mesa_banho,1600,43,8,33
beleza_saude,583,17,11,12
moveis_sala,13800,59,17,58
esporte_lazer,700,30,15,25
telefonia,355,16,8,12
informatica_acessorios,325,46,8,20
utilidades_domesticas,1000,34,10,21
telefonia,190,30,30,11
informatica_acessorios,350,16,12,12
moveis_decoracao,1700,46,19,15
brinquedos,400,20,31,30
moveis_escritorio,23950,62,16,49
esporte_lazer,150,26,2,21
relogios_presentes,550,16,16,11
moveis_escritorio,18950,31,88,64
automotivo,500,16,38,38
esporte_lazer,3450,100,15,15
moveis_decoracao,3750,30,35,30
esporte_lazer,217,18,13,15
telefonia,250,16,4,20
brinquedos,1550,43,44,43
relogios_presentes,860,22,14,17
beleza_saude,300,16,11,12
informatica_acessorios,540,39,8,21
brinquedos,350,22,22,13
ferramentas_jardim,30000,75,50,50
moveis_decoracao,2100,30,5,20
utilidades_domesticas,1100,25,32,25
moveis_decoracao,1100,40,10,34
casa_construcao,900,40,15,44
fashion_bolsas_e_acessorios,100,16,9,11
cama_mesa_banho,1800,30,10,38
esporte_lazer,225,19,4,11
pcs,14150,52,27,52
brinquedos,823,25,28,28
cama_mesa_banho,750,37,6,35
cama_mesa_banho,3300,45,13,35
cool_stuff,2850,42,25,15
esporte_lazer,418,18,7,13
papelaria,300,16,10,11
esporte_lazer,1080,32,24,23
bebes,1400,40,30,30
livros_interesse_geral,500,22,3,13
relogios_presentes,417,18,11,12
agro_industria_e_comercio,16100,40,42,36
eletronicos,200,24,5,18
informatica_acessorios,250,25,25,25
consoles_games,200,21,7,16
cool_stuff,14100,46,33,27
moveis_decoracao,450,25,5,20
informatica_acessorios,2125,29,18,33
automotivo,850,20,9,15
pet_shop,650,20,18,20
cama_mesa_banho,1400,46,2,36
moveis_decoracao,500,35,7,27
moveis_sala,14500,49,39,17
esporte_lazer,800,30,20,30
informatica_acessorios,300,16,5,20
agro_industria_e_comercio,4600,22,22,22
consoles_games,200,16,16,11
informatica_acessorios,2800,34,35,29
informatica_acessorios,150,16,15,13
automotivo,17200,50,30,30
moveis_decoracao,200,16,10,20
esporte_lazer,1100,40,20,20
utilidades_domesticas,3000,45,13,25
cama_mesa_banho,200,50,8,35
brinquedos,610,39,7,28
moveis_escritorio,14775,63,60,25
informatica_acessorios,650,25,11,15
moveis_decoracao,10000,100,55,11
automotivo,350,33,12,20
cool_stuff,1800,51,15,32
beleza_saude,800,18,18,18
automotivo,250,25,10,15
cama_mesa_banho,1422,42,10,36
telefonia_fixa,456,16,15,17
moveis_decoracao,900,32,17,30
papelaria,1825,38,21,38
eletroportateis,20500,39,39,58
automotivo,1600,55,15,15
beleza_saude,400,18,9,28
papelaria,300,16,16,11
casa_conforto,4250,45,15,35
eletrodomesticos_2,7350,44,14,30
eletronicos,200,21,7,18
utilidades_domesticas,1600,26,25,24
moveis_decoracao,1350,35,24,25
construcao_ferramentas_jardim,2350,22,22,22
automotivo,2233,16,13,10
ferramentas_jardim,400,25,5,11
brinquedos,400,16,23,15
beleza_saude,1150,22,5,16
tablets_impressao_imagem,300,26,10,26
informatica_acessorios,773,19,20,12
utilidades_domesticas,4250,30,35,30
informatica_acessorios,50,16,3,11
pet_shop,974,26,30,28
moveis_decoracao,600,50,2,40
cool_stuff,1330,28,31,21
construcao_ferramentas_construcao,1833,20,18,22
beleza_saude,1650,28,14,20
informatica_acessorios,1450,25,15,25
esporte_lazer,923,18,21,27
informatica_acessorios,200,17,12,13
brinquedos,250,19,7,18
informatica_acessorios,300,16,6,13
telefonia,200,25,10,13
esporte_lazer,250,16,15,16
moveis_decoracao,29700,70,60,60
informatica_acessorios,900,36,16,16
fashion_roupa_feminina,700,20,20,20
utilidades_domesticas,550,19,24,12
eletronicos,250,25,7,16
cama_mesa_banho,2600,45,15,41
moveis_decoracao,12880,48,43,49
cama_mesa_banho,600,16,10,11
bebes,14150,55,30,55
automotivo,633,20,20,16
moveis_decoracao,600,100,15,15
fashion_roupa_masculina,400,16,5,16
moveis_decoracao,14033,101,8,57
utilidades_domesticas,400,25,15,25
automotivo,250,20,10,15
utilidades_domesticas,1200,22,30,22
beleza_saude,300,20,8,26
esporte_lazer,300,30,5,11
utilidades_domesticas,250,25,10,36
relogios_presentes,400,16,27,17
esporte_lazer,600,18,5,18
papelaria,1100,38,30,28
tablets_impressao_imagem,283,22,12,21
moveis_escritorio,16133,63,59,25
papelaria,300,25,11,11
brinquedos,700,26,15,26
utilidades_domesticas,8950,95,6,45
malas_acessorios,200,16,7,11
brinquedos,350,17,14,12
cool_stuff,575,23,16,18
moveis_sala,5000,45,66,14
esporte_lazer,1286,24,21,22
informatica_acessorios,1500,17,33,44
cool_stuff,700,16,2,11
cama_mesa_banho,200,49,10,40
beleza_saude,650,20,15,15
esporte_lazer,1000,34,36,37
casa_conforto,19800,45,15,35
beleza_saude,200,22,2,15
bebes,2950,32,22,16
instrumentos_musicais,3750,18,30,29
relogios_presentes,600,18,18,16
telefonia,550,24,8,18
perfumaria,425,18,13,14
moveis_decoracao,500,80,20,20
cama_mesa_banho,300,33,5,23
pet_shop,550,20,50,20
informatica_acessorios,850,41,8,31
pet_shop,900,35,20,45
cama_mesa_banho,1917,46,9,37
cool_stuff,350,16,11,11
esporte_lazer,700,16,11,11
beleza_saude,1450,30,12,16
papelaria,800,30,40,11
esporte_lazer,450,16,12,12
instrumentos_musicais,6600,30,30,30
cama_mesa_banho,8950,40,25,48
utilidades_domesticas,200,18,4,12
eletroportateis,250,16,35,25
beleza_saude,100,34,2,26
esporte_lazer,200,22,15,22
cama_mesa_banho,1075,43,8,20
eletrodomesticos,1200,20,12,15
automotivo,1300,21,11,16
beleza_saude,150,18,15,12
utilidades_domesticas,550,20,15,15
eletronicos,217,16,13,16
papelaria,1750,28,33,44
eletronicos,200,30,10,20
la_cuisine,1450,74,12,15
utilidades_domesticas,200,25,10,20
pet_shop,700,20,20,20
utilidades_domesticas,250,35,10,15
utilidades_domesticas,2300,30,30,30
papelaria,350,24,7,14
informatica_acessorios,1300,20,30,20
esporte_lazer,900,50,6,20
moveis_decoracao,6300,21,21,42
beleza_saude,200,16,8,11
cama_mesa_banho,1000,43,8,33
informatica_acessorios,693,39,7,16
relogios_presentes,348,18,11,15
cama_mesa_banho,2050,30,5,30
esporte_lazer,500,24,16,16
informatica_acessorios,700,31,13,11
cama_mesa_banho,1640,21,10,29
fashion_bolsas_e_acessorios,300,16,12,16
informatica_acessorios,1240,15,5,9
consoles_games,700,26,12,18
agro_industria_e_comercio,2650,52,13,32
pcs,12100,50,50,25
beleza_saude,688,17,13,16
moveis_decoracao,2300,37,30,20
construcao_ferramentas_construcao,333,25,11,19
cama_mesa_banho,150,16,10,16
automotivo,1200,20,10,20
informatica_acessorios,593,41,13,14
brinquedos,600,26,6,17
cama_mesa_banho,17800,58,40,50
utilidades_domesticas,300,16,25,11
relogios_presentes,200,19,13,13
eletroportateis,3150,37,30,21
bebes,850,39,16,40
cama_mesa_banho,975,28,17,29
informatica_acessorios,13000,66,44,27
pet_shop,1500,22,19,22
brinquedos,1450,42,30,23
informatica_acessorios,500,36,10,9
automotivo,2000,20,21,15
fashion_calcados,400,29,12,23
cool_stuff,3250,30,25,25
cama_mesa_banho,8800,50,25,25
brinquedos,900,30,15,20
esporte_lazer,325,16,5,12
moveis_decoracao,900,25,15,20
brinquedos,1600,40,15,35
moveis_decoracao,1950,69,11,11
sinalizacao_e_seguranca,2350,21,35,21
perfumaria,280,17,14,14
brinquedos,1867,25,18,25
informatica_acessorios,207,19,11,14
perfumaria,517,18,12,19
moveis_decoracao,500,20,10,15
utilidades_domesticas,775,16,16,13
utilidades_domesticas,5400,36,15,29
automotivo,4750,47,19,23
esporte_lazer,1150,16,16,16
moveis_decoracao,2300,45,15,35
papelaria,600,16,11,16
informatica_acessorios,200,16,10,16
malas_acessorios,1400,45,20,35
moveis_decoracao,12200,47,38,37
automotivo,50,20,4,16
fashion_roupa_feminina,300,16,2,11
relogios_presentes,357,17,12,16
papelaria,525,38,33,26
moveis_decoracao,13050,40,48,40
beleza_saude,350,21,14,17
ferramentas_jardim,10650,22,28,44
beleza_saude,200,22,5,15
eletrodomesticos,100,16,3,13
moveis_decoracao,9200,30,30,35
esporte_lazer,2600,30,25,25
alimentos,500,23,23,17
brinquedos,983,24,22,37
automotivo,100,30,2,20
ferramentas_jardim,2300,23,22,19
telefonia,150,17,17,17
utilidades_domesticas,4750,60,5,40
beleza_saude,550,21,4,15
brinquedos,200,17,4,13
cama_mesa_banho,700,35,8,30
automotivo,3100,46,14,25
brinquedos,300,20,10,20
cama_mesa_banho,650,30,3,19
bebes,717,34,24,34
moveis_decoracao,1363,36,6,32
moveis_decoracao,450,69,11,11
fashion_calcados,1500,20,15,35
moveis_decoracao,2850,40,5,44
bebes,280,17,6,11
automotivo,50,18,10,16
esporte_lazer,588,25,28,28
telefonia,700,18,7,20
bebes,200,17,17,15
perfumaria,350,18,8,12
eletrodomesticos,200,18,8,13
eletrodomesticos,3100,64,6,55
eletronicos,175,20,16,20
informatica_acessorios,200,42,9,25
relogios_presentes,750,30,30,30
beleza_saude,400,27,14,23
telefonia,88,19,4,11
pet_shop,300,20,20,20
beleza_saude,100,22,3,14
moveis_decoracao,750,45,15,35
brinquedos,483,23,12,19
pet_shop,200,21,16,17
consoles_games,550,17,8,17
utilidades_domesticas,550,16,12,15
papelaria,475,18,13,16
casa_conforto,800,20,20,20
relogios_presentes,280,30,30,30
moveis_decoracao,8050,52,18,35
moveis_decoracao,800,69,11,11
eletrodomesticos,2250,18,8,13
cama_mesa_banho,7175,50,18,28
moveis_cozinha_area_de_servico_jantar_e_jardim,30000,31,105,31
esporte_lazer,2350,30,25,15
telefonia,163,18,8,13
esporte_lazer,1725,35,38,33
cama_mesa_banho,1600,30,10,20
automotivo,1800,33,27,26
bebes,600,65,11,11
beleza_saude,200,22,10,15
casa_conforto,1750,45,15,35
brinquedos,275,17,18,12
ferramentas_jardim,800,40,3,15
esporte_lazer,1000,25,5,25
moveis_escritorio,9200,52,51,17
eletrodomesticos,100,30,10,15
perfumaria,700,16,3,12
beleza_saude,225,28,15,17
beleza_saude,200,30,3,40
esporte_lazer,500,27,15,20
cama_mesa_banho,1100,39,17,33
beleza_saude,1300,16,11,11
ferramentas_jardim,13805,35,75,45
construcao_ferramentas_seguranca,1250,20,20,20
relogios_presentes,650,20,15,17
bebes,200,24,3,19
pet_shop,175,20,5,13
automotivo,1050,40,4,30
cama_mesa_banho,10950,51,23,51
beleza_saude,2350,20,20,20
casa_conforto,6700,50,20,40
perfumaria,450,18,18,18
esporte_lazer,400,17,35,18
utilidades_domesticas,200,18,2,18
papelaria,725,40,13,40
brinquedos,1825,33,19,45
beleza_saude,350,16,7,20
utilidades_domesticas,835,29,43,21
automotivo,1175,68,8,35
utilidades_domesticas,4650,30,20,30
consoles_games,300,16,16,14
construcao_ferramentas_jardim,550,20,16,30
moveis_decoracao,150,22,12,22
automotivo,1500,40,14,40
utilidades_domesticas,400,40,10,25
esporte_lazer,900,16,23,16
brinquedos,1349,35,49,25
moveis_decoracao,2500,69,11,11
utilidades_domesticas,550,50,15,30
utilidades_domesticas,550,16,12,12
utilidades_domesticas,2700,30,30,30
beleza_saude,445,16,22,24
informatica_acessorios,400,18,16,18
utilidades_domesticas,600,16,25,11
esporte_lazer,400,16,16,16
moveis_decoracao,2200,43,11,35
papelaria,3550,16,60,90
relogios_presentes,400,16,2,20
pet_shop,6950,48,28,31
moveis_decoracao,1300,40,7,35
relogios_presentes,342,18,12,12
informatica_acessorios,180,16,9,16
beleza_saude,1100,16,19,15
brinquedos,600,20,16,17
casa_construcao,117,19,15,17
moveis_decoracao,8800,36,47,36
cama_mesa_banho,2200,43,8,36
utilidades_domesticas,920,50,10,40
beleza_saude,683,29,15,22
esporte_lazer,925,32,30,27
beleza_saude,575,25,20,23
eletronicos,275,28,9,22
telefonia,250,16,4,11
brinquedos,2500,20,70,15
market_place,3850,60,20,20
moveis_decoracao,900,40,3,40
relogios_presentes,225,18,8,19
cama_mesa_banho,1300,35,9,25
moveis_decoracao,300,16,88,16
bebes,100,16,8,11
sinalizacao_e_seguranca,750,16,20,16
perfumaria,200,16,12,20
moveis_colchao_e_estofado,1850,41,21,21
consoles_games,200,23,15,19
bebes,200,16,5,16
utilidades_domesticas,6700,64,23,48
moveis_decoracao,13700,50,55,50
beleza_saude,500,23,5,11
eletroportateis,1250,24,20,25
informatica_acessorios,850,17,20,17
eletrodomesticos,2050,20,8,13
bebes,1263,40,18,32
moveis_decoracao,1650,100,7,15
fashion_bolsas_e_acessorios,14900,27,60,41
consoles_games,100,26,3,14
cama_mesa_banho,1050,35,10,45
pet_shop,11450,42,65,55
climatizacao,100,27,13,17
esporte_lazer,914,30,26,21
automotivo,350,35,16,16
moveis_sala,1450,61,2,21
consoles_games,400,16,2,11
bebes,450,30,10,30
bebes,1100,42,25,15
ferramentas_jardim,8800,66,10,54
utilidades_domesticas,7250,45,19,45
moveis_decoracao,3100,35,20,35
esporte_lazer,950,24,14,32
beleza_saude,1925,37,6,37
esporte_lazer,28500,105,65,25
papelaria,1500,30,20,17
moveis_escritorio,12250,63,58,24
informatica_acessorios,2133,26,24,22
informatica_acessorios,1133,27,19,19
automotivo,1300,22,9,16
informatica_acessorios,2275,18,14,16
bebes,600,16,5,11
cama_mesa_banho,3250,29,7,36
bebes,700,30,20,30
eletronicos,175,27,11,26
moveis_decoracao,2900,40,7,30
perfumaria,225,17,19,19
cama_mesa_banho,1250,35,20,30
utilidades_domesticas,2075,47,26,21
esporte_lazer,400,16,5,16
utilidades_domesticas,213,23,11,15
market_place,1750,32,10,40
moveis_cozinha_area_de_servico_jantar_e_jardim,1700,30,13,16
bebes,800,34,14,31
perfumaria,100,20,15,15
automotivo,650,24,13,21
telefonia,350,17,7,28
telefonia,100,19,3,12
esporte_lazer,5800,93,13,24
alimentos_bebidas,250,16,2,12
pet_shop,300,30,30,30
perfumaria,350,23,7,18
moveis_decoracao,12600,74,8,74
cama_mesa_banho,350,25,9,19
construcao_ferramentas_jardim,1625,22,19,12
perfumaria,525,16,15,16
eletrodomesticos_2,300,16,11,16
cool_stuff,200,17,9,14
utilidades_domesticas,800,44,14,35
brinquedos,300,20,10,15
relogios_presentes,267,16,17,13
eletroportateis,200,24,13,13
moveis_quarto,18500,38,58,38
utilidades_domesticas,650,25,10,20
perfumaria,460,20,14,20
utilidades_domesticas,4900,46,31,38
moveis_decoracao,500,16,8,11
relogios_presentes,481,18,13,15
esporte_lazer,700,28,20,25
automotivo,440,19,9,13
relogios_presentes,342,17,9,12
beleza_saude,2300,30,12,16
informatica_acessorios,375,16,13,14
agro_industria_e_comercio,2350,18,36,18
utilidades_domesticas,4900,25,60,25
moveis_decoracao,450,20,20,20
telefonia_fixa,3060,30,11,26
cama_mesa_banho,1100,45,11,11
artes,2350,20,14,30
bebes,1500,16,29,42
utilidades_domesticas,1400,39,18,27
artigos_de_natal,3750,41,16,39
esporte_lazer,189,19,13,16
beleza_saude,250,16,10,20
moveis_escritorio,16800,63,58,24
esporte_lazer,300,18,8,16
ferramentas_jardim,1800,33,23,11
esporte_lazer,100,25,25,25
brinquedos,20850,45,50,45
cama_mesa_banho,3200,50,10,40
informatica_acessorios,350,16,4,16
bebes,350,30,20,30
moveis_decoracao,350,35,2,25
relogios_presentes,350,16,14,11
utilidades_domesticas,10300,45,28,45
moveis_quarto,13450,76,14,56
telefonia,150,17,12,17
consoles_games,750,16,8,11
moveis_decoracao,800,53,8,11
telefonia,200,19,4,12
telefonia_fixa,100,20,15,20
eletronicos,100,18,14,15
informatica_acessorios,1000,18,9,16
eletrodomesticos,600,16,10,18
esporte_lazer,6500,18,18,18
instrumentos_musicais,10000,50,26,46
bebes,500,34,8,21
instrumentos_musicais,950,22,9,57
informatica_acessorios,1167,21,15,13
perfumaria,200,20,7,20
esporte_lazer,1100,60,15,15
esporte_lazer,400,25,15,20
fashion_bolsas_e_acessorios,4600,16,2,11
automotivo,1350,47,19,23
utilidades_domesticas,1200,22,12,22
tablets_impressao_imagem,1100,30,5,22
esporte_lazer,90,21,4,19
esporte_lazer,575,19,19,17
eletronicos,600,16,11,11
brinquedos,450,23,16,19
ferramentas_jardim,550,25,15,15
utilidades_domesticas,900,45,20,25
utilidades_domesticas,20100,42,63,42
beleza_saude,950,20,20,20
instrumentos_musicais,250,24,10,11
utilidades_domesticas,700,25,21,21
beleza_saude,3600,16,28,11
esporte_lazer,1975,44,46,39
papelaria,4050,26,26,26
utilidades_domesticas,1100,91,13,11
moveis_sala,13700,58,40,25
pet_shop,675,20,18,17
telefonia,100,16,6,15
beleza_saude,250,26,5,18
esporte_lazer,700,25,25,25
bebes,2800,51,35,26
informatica_acessorios,170,23,11,26
cama_mesa_banho,4100,40,12,38
brinquedos,8250,48,38,36
utilidades_domesticas,900,16,13,13
esporte_lazer,550,16,10,12
eletronicos,450,19,23,19
relogios_presentes,450,18,11,14
ferramentas_jardim,5100,46,20,46
beleza_saude,200,20,10,20
cama_mesa_banho,950,45,15,35
industria_comercio_e_negocios,4400,36,12,45
informatica_acessorios,150,16,14,11
moveis_decoracao,450,20,35,20
utilidades_domesticas,400,30,4,17
perfumaria,363,22,16,20
cama_mesa_banho,1400,20,20,20
esporte_lazer,3100,30,13,25
utilidades_domesticas,1400,33,26,28
cama_mesa_banho,750,20,10,15
eletronicos,1950,27,7,27
esporte_lazer,75,28,20,30
construcao_ferramentas_construcao,150,19,5,25
papelaria,550,66,12,12
consoles_games,300,21,7,16
cama_mesa_banho,1850,50,10,40
pet_shop,200,23,8,15
eletronicos,183,17,7,12
beleza_saude,200,25,15,15
informatica_acessorios,200,60,16,11
beleza_saude,400,15,13,14
relogios_presentes,283,20,13,20
moveis_decoracao,950,25,25,25
cama_mesa_banho,22250,85,23,68
telefonia,83,19,4,11
climatizacao,4583,41,47,33
informatica_acessorios,100,16,4,14
beleza_saude,325,16,16,16
cool_stuff,7750,58,33,61
informatica_acessorios,200,17,13,13
perfumaria,300,16,11,11
artes,5900,40,10,30
pet_shop,650,25,30,20
pet_shop,10150,50,5,45
cine_foto,150,20,20,20
cama_mesa_banho,3650,40,10,30
papelaria,250,30,30,30
bebes,5050,30,5,30
beleza_saude,600,16,20,15
automotivo,700,16,11,11
moveis_decoracao,30000,65,50,70
instrumentos_musicais,289,37,12,13
beleza_saude,1750,23,23,22
brinquedos,19650,75,76,22
moveis_decoracao,700,40,10,34
malas_acessorios,700,34,24,21
pet_shop,20450,35,35,35
telefonia,250,16,6,11
pet_shop,1250,40,20,30
beleza_saude,350,16,19,12
fashion_bolsas_e_acessorios,50,18,18,12
moveis_decoracao,250,22,2,32
pet_shop,350,16,4,11
utilidades_domesticas,667,25,25,26
cool_stuff,200,18,8,13
beleza_saude,50,18,12,15
moveis_decoracao,1950,105,3,70
market_place,2350,22,24,40
relogios_presentes,617,22,10,12
automotivo,300,48,5,28
casa_construcao,10550,40,30,30
automotivo,1933,28,13,14
alimentos_bebidas,300,21,10,15
automotivo,925,60,8,33
bebes,450,25,15,17
beleza_saude,200,40,5,11
informatica_acessorios,700,18,8,16
cama_mesa_banho,1500,40,5,30
construcao_ferramentas_construcao,1700,16,11,11
esporte_lazer,2800,35,12,35
automotivo,825,25,18,23
esporte_lazer,1900,27,17,17
cool_stuff,900,18,9,27
cama_mesa_banho,2200,38,7,31
relogios_presentes,263,17,12,13
cool_stuff,287,25,10,21
construcao_ferramentas_construcao,29500,43,13,43
artes_e_artesanato,1250,19,10,22
moveis_sala,1100,31,5,31
relogios_presentes,400,16,11,17
esporte_lazer,5000,64,48,22
ferramentas_jardim,335,21,21,16
perfumaria,250,16,11,11
moveis_decoracao,600,16,12,15
livros_interesse_geral,550,23,3,16
papelaria,700,50,18,34
moveis_decoracao,1150,37,5,28
utilidades_domesticas,3600,46,19,32
utilidades_domesticas,750,28,20,28
beleza_saude,1300,42,12,11
casa_construcao,400,16,17,15
beleza_saude,250,16,5,20
moveis_decoracao,300,22,6,20
moveis_sala,28100,97,9,75
cama_mesa_banho,13350,20,20,20
audio,517,27,22,25
artes_e_artesanato,350,32,2,28
brinquedos,500,23,17,11
casa_construcao,5350,40,30,40
moveis_decoracao,1300,69,11,11
casa_conforto,2300,40,20,30
cama_mesa_banho,1150,40,5,30
ferramentas_jardim,1800,37,22,40
cool_stuff,3533,37,53,44
papelaria,400,44,24,32
automotivo,9100,30,60,30
eletroportateis,200,28,9,18
ferramentas_jardim,1300,25,14,24
informatica_acessorios,575,18,20,18
moveis_decoracao,433,47,4,35
construcao_ferramentas_seguranca,7250,31,31,31
utilidades_domesticas,1818,33,17,26
cama_mesa_banho,1550,30,5,30
cama_mesa_banho,750,16,10,16
perfumaria,400,27,10,15
utilidades_domesticas,2200,16,44,34
casa_construcao,600,22,18,22
beleza_saude,1200,16,16,16
papelaria,350,25,10,17
construcao_ferramentas_iluminacao,300,16,10,16
utilidades_domesticas,2800,25,10,17
esporte_lazer,135,18,10,13
bebes,700,36,7,32
informatica_acessorios,300,20,9,14
automotivo,8900,105,15,34
sinalizacao_e_seguranca,250,20,11,15
brinquedos,600,30,16,20
automotivo,1750,24,69,53
artes,350,16,6,11
bebes,700,39,16,40
automotivo,1850,31,28,28
telefonia,100,19,5,13
fashion_bolsas_e_acessorios,200,16,6,11
artes,250,20,8,11
construcao_ferramentas_construcao,850,24,7,24
pet_shop,18150,56,45,51
livros_interesse_geral,1350,26,15,22
moveis_decoracao,700,40,11,30
instrumentos_musicais,3300,20,20,20
pet_shop,9150,49,32,35
informatica_acessorios,900,35,15,15
moveis_decoracao,5300,40,20,40
beleza_saude,1150,50,10,15
perfumaria,2303,26,15,23
automotivo,5600,30,25,25
cama_mesa_banho,800,45,10,34
eletronicos,401,17,12,15
esporte_lazer,1350,16,16,18
informatica_acessorios,1900,28,12,33
perfumaria,125,16,7,16
perfumaria,444,20,14,15
bebes,1288,23,23,26
perfumaria,600,22,16,16
utilidades_domesticas,1700,16,17,17
artigos_de_natal,600,16,15,11
beleza_saude,58,16,16,11
brinquedos,250,25,3,18
cama_mesa_banho,700,30,3,26
automotivo,1750,33,27,26
informatica_acessorios,1450,30,8,21
perfumaria,250,16,16,15
automotivo,375,20,14,18
bebes,7003,52,30,46
fashion_calcados,9000,16,5,33
sinalizacao_e_seguranca,1600,33,13,20
informatica_acessorios,550,21,4,14
esporte_lazer,270,19,8,10
relogios_presentes,285,22,6,15
cama_mesa_banho,450,45,11,11
moveis_decoracao,2050,33,8,26
automotivo,600,17,10,24
relogios_presentes,270,18,9,12
fashion_bolsas_e_acessorios,150,16,12,11
automotivo,4800,50,8,20
bebes,950,39,10,26
automotivo,250,20,4,16
automotivo,625,25,4,11
moveis_decoracao,1800,84,10,11
esporte_lazer,980,32,26,23
cama_mesa_banho,1650,45,15,35
bebes,450,18,15,18
beleza_saude,850,23,15,21
cama_mesa_banho,600,32,5,30
telefonia,150,19,5,11
relogios_presentes,438,19,15,18
papelaria,1050,29,30,26
cama_mesa_banho,1600,54,9,42
brinquedos,633,27,24,23
esporte_lazer,850,77,4,45
informatica_acessorios,400,18,15,16
ferramentas_jardim,3020,35,23,25
telefonia,350,16,10,12
moveis_decoracao,1400,40,8,30
beleza_saude,150,16,5,12
informatica_acessorios,80,18,14,17
cama_mesa_banho,1925,38,13,20
esporte_lazer,498,18,18,18
beleza_saude,500,18,10,13
esporte_lazer,150,17,5,11
beleza_saude,371,20,16,16
relogios_presentes,800,19,9,15
esporte_lazer,450,30,5,20
pet_shop,3000,45,47,20
automotivo,1750,35,10,45
malas_acessorios,9560,31,45,54
eletronicos,250,18,17,18
livros_interesse_geral,400,33,6,22
industria_comercio_e_negocios,11300,44,34,25
construcao_ferramentas_construcao,11550,33,12,33
utilidades_domesticas,1300,30,10,30
fashion_bolsas_e_acessorios,800,16,9,11
utilidades_domesticas,300,20,20,20
malas_acessorios,18400,53,77,33
automotivo,2300,20,20,20
audio,167,16,4,11
relogios_presentes,225,28,10,18
bebes,650,36,15,25
pc_gamer,650,16,22,20
automotivo,9050,60,30,30
fashion_bolsas_e_acessorios,300,20,10,20
fashion_bolsas_e_acessorios,100,16,11,11
moveis_decoracao,5350,40,20,40
informatica_acessorios,200,19,5,13
beleza_saude,200,22,3,15
brinquedos,800,45,52,15
beleza_saude,1250,30,25,30
industria_comercio_e_negocios,12450,46,45,32
utilidades_domesticas,1750,16,30,12
automotivo,700,16,21,18
malas_acessorios,550,16,30,20
moveis_decoracao,1300,42,11,35
bebes,250,40,40,30
beleza_saude,700,30,5,20
moveis_decoracao,900,100,11,12
brinquedos,50,16,5,16
beleza_saude,300,20,11,11
papelaria,6575,48,17,39
moveis_decoracao,250,18,10,18
bebes,3425,41,45,39
cama_mesa_banho,500,50,11,11
utilidades_domesticas,3150,43,27,27
relogios_presentes,394,17,11,14
ferramentas_jardim,3750,32,14,22
telefonia,400,16,6,11
informatica_acessorios,223,19,12,12
cama_mesa_banho,2700,40,10,34
utilidades_domesticas,9000,50,14,50
beleza_saude,400,22,19,21
beleza_saude,2500,30,10,20
moveis_escritorio,2850,62,4,82
cama_mesa_banho,3100,47,21,41
instrumentos_musicais,1500,31,4,15
telefonia,90,19,5,11
moveis_decoracao,1600,28,27,28
moveis_decoracao,600,65,11,13
papelaria,6150,60,20,29
informatica_acessorios,100,18,24,16
fashion_bolsas_e_acessorios,975,33,25,28
cool_stuff,350,20,5,20
ferramentas_jardim,7750,54,28,28
perfumaria,480,23,14,17
esporte_lazer,4550,20,20,20
cama_mesa_banho,3600,38,20,25
cama_mesa_banho,800,60,16,43
cama_mesa_banho,250,16,12,11
informatica_acessorios,600,50,15,25
utilidades_domesticas,1700,32,14,28
beleza_saude,333,21,9,21
casa_construcao,750,16,20,16
construcao_ferramentas_iluminacao,900,40,40,30
automotivo,1000,30,15,32
beleza_saude,2229,32,20,21
consoles_games,317,30,23,15
esporte_lazer,500,20,20,20
construcao_ferramentas_construcao,150,20,3,20
cama_mesa_banho,3300,20,30,30
informatica_acessorios,200,16,16,16
automotivo,2900,72,4,44
utilidades_domesticas,800,16,20,16
cama_mesa_banho,1300,40,8,35
eletroportateis,1500,24,8,24
cama_mesa_banho,14300,70,30,60
moveis_decoracao,1350,25,23,25
esporte_lazer,800,27,12,14
beleza_saude,606,20,14,18
cama_mesa_banho,550,50,11,11
cama_mesa_banho,1700,35,9,36
informatica_acessorios,5875,25,15,20
cama_mesa_banho,2710,44,38,40
bebidas,150,18,18,18
informatica_acessorios,100,16,20,20
casa_conforto,1350,40,20,30
cama_mesa_banho,4325,49,23,38
moveis_decoracao,6900,100,25,25
automotivo,1375,31,30,28
automotivo,1150,54,17,24
bebes,750,40,5,32
esporte_lazer,300,16,10,11
cama_mesa_banho,2374,42,11,36
artes,900,70,6,11
moveis_decoracao,250,32,2,22
eletronicos,200,16,6,14
instrumentos_musicais,11600,45,20,100
papelaria,150,20,20,20
relogios_presentes,330,18,12,14
informatica_acessorios,200,36,2,28
malas_acessorios,1600,41,15,29
ferramentas_jardim,600,20,30,30
ferramentas_jardim,350,20,22,22
construcao_ferramentas_iluminacao,300,16,8,12
beleza_saude,800,28,29,28
telefonia,100,19,6,13
artigos_de_festas,350,27,9,19
moveis_decoracao,2400,64,10,50
moveis_decoracao,1300,42,20,38
moveis_decoracao,500,17,17,17
utilidades_domesticas,788,28,24,30
esporte_lazer,450,19,16,16
brinquedos,1225,27,32,21
beleza_saude,600,33,19,13
bebes,5867,38,37,30
cama_mesa_banho,2225,43,10,33
artigos_de_natal,1800,46,27,29
casa_construcao,500,17,27,17
moveis_decoracao,1550,30,30,30
utilidades_domesticas,750,20,20,20
perfumaria,521,22,12,15
automotivo,100,16,4,11
cama_mesa_banho,3750,48,13,40
cama_mesa_banho,7200,60,5,40
automotivo,50,26,2,19
beleza_saude,1050,22,15,17
eletronicos,528,17,13,16
esporte_lazer,1150,80,8,15
brinquedos,300,16,15,15
relogios_presentes,240,16,11,11
beleza_saude,650,27,4,11
cama_mesa_banho,1650,46,3,34
beleza_saude,372,19,14,16
cool_stuff,200,17,17,14
perfumaria,422,23,10,15
cama_mesa_banho,1650,31,9,31
eletrodomesticos,250,18,8,13
eletronicos,175,21,2,15
utilidades_domesticas,1100,48,24,23
pet_shop,682,25,35,27
moveis_decoracao,1150,20,20,20
cama_mesa_banho,750,40,4,30
automotivo,150,27,10,13
beleza_saude,767,22,18,20
moveis_escritorio,20900,101,10,62
informatica_acessorios,300,22,5,16
esporte_lazer,120,16,8,12
esporte_lazer,475,16,8,11
beleza_saude,50,16,9,11
brinquedos,5200,50,10,50
beleza_saude,233,42,21,26
papelaria,100,18,5,20
cama_mesa_banho,1500,34,12,40
papelaria,300,16,6,11
beleza_saude,400,18,8,18
papelaria,310,21,7,15
livros_tecnicos,700,27,3,19
relogios_presentes,500,20,13,13
utilidades_domesticas,250,19,2,11
esporte_lazer,300,16,4,11
moveis_decoracao,600,53,8,11
brinquedos,400,16,13,16
pet_shop,600,25,40,25
beleza_saude,1450,20,15,15
beleza_saude,350,30,5,12
bebidas,1700,25,25,25
beleza_saude,1250,35,35,11
beleza_saude,1500,50,20,20
eletronicos,900,24,12,12
esporte_lazer,4800,58,10,50
automotivo,2000,41,19,41
cama_mesa_banho,15300,40,25,37
moveis_cozinha_area_de_servico_jantar_e_jardim,18400,80,15,40
pet_shop,125,18,10,14
beleza_saude,230,16,16,16
malas_acessorios,425,28,20,29
moveis_decoracao,26400,75,45,49
bebidas,750,35,20,20
cama_mesa_banho,3250,30,20,70
utilidades_domesticas,5200,40,20,30
esporte_lazer,1032,17,15,16
informatica_acessorios,775,26,12,28
pet_shop,350,25,10,18
utilidades_domesticas,3133,21,20,21
papelaria,600,25,15,20
papelaria,150,16,5,15
alimentos_bebidas,200,20,12,15
cama_mesa_banho,2750,42,11,36
moveis_decoracao,2400,30,30,30
utilidades_domesticas,7250,32,28,27
cama_mesa_banho,500,24,10,27
informatica_acessorios,250,19,3,15
automotivo,300,25,10,20
brinquedos,1538,25,36,31
beleza_saude,100,22,3,15
eletroportateis,1500,22,29,13
utilidades_domesticas,1200,28,8,13
brinquedos,900,23,25,11
papelaria,1200,16,50,40
sinalizacao_e_seguranca,900,26,21,21
brinquedos,10300,39,49,42
relogios_presentes,270,16,8,11
utilidades_domesticas,1500,22,29,22
cama_mesa_banho,3900,50,10,30
livros_tecnicos,995,27,6,20
papelaria,550,25,7,24
moveis_decoracao,1900,28,19,21
cama_mesa_banho,3675,46,12,43
utilidades_domesticas,1205,39,24,23
fashion_bolsas_e_acessorios,150,20,20,20
cama_mesa_banho,1950,50,10,40
fashion_bolsas_e_acessorios,200,20,10,20
automotivo,500,20,16,20
eletrodomesticos,4550,27,13,17
utilidades_domesticas,2800,30,30,30
bebes,350,19,14,12
informatica_acessorios,50,16,8,11
eletroportateis,438,25,12,15
bebes,3600,37,22,40
cama_mesa_banho,1200,47,7,45
moveis_decoracao,1250,20,28,20
utilidades_domesticas,13000,60,39,58
beleza_saude,370,25,14,13
utilidades_domesticas,7150,35,28,32
artes,400,16,62,16
relogios_presentes,733,17,10,18
consoles_games,155,16,7,14
cama_mesa_banho,4825,48,25,40
cama_mesa_banho,7325,25,63,63
beleza_saude,1200,25,19,18
telefonia,250,16,10,11
utilidades_domesticas,505,17,17,19
esporte_lazer,400,16,16,11
cama_mesa_banho,2100,45,20,25
beleza_saude,350,16,10,20
cama_mesa_banho,1450,35,19,45
livros_interesse_geral,500,24,3,17
informatica_acessorios,300,18,8,20
cama_mesa_banho,2200,40,15,27
telefonia_fixa,200,20,15,20
brinquedos,400,36,18,27
beleza_saude,500,20,12,14
moveis_quarto,10750,93,63,11
utilidades_domesticas,300,23,5,16
utilidades_domesticas,700,25,41,25
cama_mesa_banho,1600,48,6,39
moveis_decoracao,300,35,5,25
malas_acessorios,300,30,20,12
eletroportateis,11833,46,53,37
cama_mesa_banho,1700,48,8,39
pet_shop,11900,50,37,37
telefonia_fixa,850,16,8,16
eletrodomesticos,500,30,12,17
malas_acessorios,600,22,44,39
cama_mesa_banho,433,45,4,35
beleza_saude,350,19,11,23
ferramentas_jardim,2375,33,18,22
beleza_saude,1454,19,18,14
pet_shop,440,16,35,12
perfumaria,500,37,23,24
moveis_decoracao,650,33,4,33
perfumaria,500,16,15,15
construcao_ferramentas_iluminacao,6500,42,22,42
brinquedos,700,16,30,30
esporte_lazer,15467,64,62,25
brinquedos,900,16,21,28
esporte_lazer,525,23,23,23
cine_foto,350,16,14,24
papelaria,3600,36,24,36
perfumaria,150,16,2,20
construcao_ferramentas_construcao,1150,46,12,24
beleza_saude,200,17,13,13
esporte_lazer,8350,38,11,15
informatica_acessorios,850,34,12,19
automotivo,550,25,25,25
perfumaria,750,20,14,13
beleza_saude,1600,21,16,31
esporte_lazer,300,27,9,14
informatica_acessorios,200,16,6,14
esporte_lazer,378,17,22,10
beleza_saude,250,21,10,17
construcao_ferramentas_construcao,410,31,8,14
automotivo,3900,27,16,28
esporte_lazer,1095,23,20,20
moveis_decoracao,900,32,6,28
informatica_acessorios,484,18,11,15
beleza_saude,400,21,6,14
telefonia,250,17,5,12
eletroportateis,500,30,10,11
utilidades_domesticas,4800,39,26,39
eletronicos,719,21,12,24
market_place,1500,20,34,36
pet_shop,1650,68,4,48
eletronicos,100,23,8,11
ferramentas_jardim,3900,45,6,38
esporte_lazer,7550,90,20,25
relogios_presentes,200,19,10,15
brinquedos,175,16,14,16
utilidades_domesticas,3200,81,7,60
utilidades_domesticas,150,16,11,11
ferramentas_jardim,1000,22,21,16
informatica_acessorios,1225,43,15,21
livros_tecnicos,1500,29,3,21
perfumaria,150,20,20,20
esporte_lazer,3300,50,39,12
informatica_acessorios,793,28,15,32
cama_mesa_banho,400,20,20,20
automotivo,100,33,27,26
relogios_presentes,400,22,14,27
utilidades_domesticas,1950,35,29,12
telefonia_fixa,1450,20,12,22
automotivo,5800,47,19,23
esporte_lazer,250,18,13,16
utilidades_domesticas,3400,42,9,32
bebes,250,23,12,17
perfumaria,367,21,15,18
automotivo,4550,47,19,23
instrumentos_musicais,600,16,3,11
moveis_decoracao,300,21,6,16
telefonia,50,16,3,11
utilidades_domesticas,8250,28,60,28
telefonia,300,20,38,30
automotivo,1850,55,6,55
bebes,600,80,16,16
moveis_decoracao,500,30,30,11
papelaria,921,26,11,25
automotivo,900,35,7,35
informatica_acessorios,150,28,12,13
perfumaria,200,20,15,15
esporte_lazer,633,69,7,12
casa_construcao,750,16,18,16
esporte_lazer,850,25,3,19
perfumaria,284,23,12,18
cool_stuff,3300,33,44,19
dvds_blu_ray,800,21,14,14
cama_mesa_banho,426,31,13,23
moveis_decoracao,800,30,22,27
brinquedos,600,26,13,41
utilidades_domesticas,10825,48,35,45
livros_tecnicos,2800,29,5,24
beleza_saude,150,20,17,21
cama_mesa_banho,2400,47,21,41
cool_stuff,900,23,41,16
informatica_acessorios,945,23,14,24
utilidades_domesticas,700,28,24,28
cool_stuff,200,17,7,17
livros_interesse_geral,200,35,6,24
agro_industria_e_comercio,7050,99,5,80
cama_mesa_banho,700,40,4,30
esporte_lazer,1550,41,6,33
automotivo,200,24,18,18
cama_mesa_banho,700,26,7,26
moveis_decoracao,300,36,3,30
esporte_lazer,400,30,30,30
automotivo,400,20,20,20
pet_shop,700,36,17,11
utilidades_domesticas,6200,39,31,28
bebes,6050,64,12,47
construcao_ferramentas_construcao,3400,16,27,35
moveis_sala,4400,58,15,53
eletrodomesticos,450,20,13,12
utilidades_domesticas,500,30,10,15
ferramentas_jardim,700,19,7,14
industria_comercio_e_negocios,850,30,10,15
relogios_presentes,165,16,10,12
alimentos,350,24,17,17
utilidades_domesticas,3000,25,51,25
beleza_saude,3500,35,30,15
relogios_presentes,400,19,9,15
artes_e_artesanato,1000,25,25,25
casa_conforto,700,30,30,30
fashion_bolsas_e_acessorios,700,46,5,33
fashion_calcados,800,22,12,33
esporte_lazer,600,22,5,20
eletronicos,150,18,9,13
moveis_decoracao,500,68,8,13
consoles_games,250,19,2,14
utilidades_domesticas,800,16,35,32
perfumaria,125,17,11,14
eletronicos,300,22,4,13
beleza_saude,725,26,17,22
moveis_escritorio,2600,53,11,32
beleza_saude,50,16,11,16
relogios_presentes,283,22,13,20
automotivo,1650,20,20,20
moveis_decoracao,20650,36,50,70
pet_shop,10900,50,30,40
pet_shop,800,20,25,16
relogios_presentes,333,19,10,17
utilidades_domesticas,1600,30,30,30
moveis_decoracao,2000,25,50,25
pet_shop,400,18,12,15
utilidades_domesticas,5050,36,31,27
moveis_decoracao,2350,38,7,28
perfumaria,450,20,20,30
automotivo,200,16,8,11
eletronicos,1000,22,5,22
brinquedos,625,33,13,23
papelaria,2000,30,30,30
esporte_lazer,975,19,20,15
informatica_acessorios,400,35,35,25
beleza_saude,200,20,20,20
livros_importados,900,45,5,25
instrumentos_musicais,725,28,8,23
bebidas,325,17,14,14
relogios_presentes,250,20,16,12
bebes,800,42,25,15
beleza_saude,200,37,10,17
papelaria,450,16,42,32
informatica_acessorios,353,29,9,14
utilidades_domesticas,1100,18,9,18
flores,850,16,11,11
construcao_ferramentas_ferramentas,463,19,17,17
utilidades_domesticas,2900,25,25,25
cool_stuff,400,18,14,14
malas_acessorios,283,21,16,23
utilidades_domesticas,2650,23,23,23
informatica_acessorios,900,20,30,20
beleza_saude,232,35,9,20
moveis_escritorio,6500,58,28,58
informatica_acessorios,300,16,8,11
moveis_decoracao,800,30,3,19
utilidades_domesticas,7150,35,35,35
construcao_ferramentas_iluminacao,600,38,15,25
bebes,183,22,11,22
brinquedos,578,33,19,33
cama_mesa_banho,8700,33,44,33
beleza_saude,900,20,4,11
esporte_lazer,3000,31,37,31
automotivo,3900,47,19,23
cama_mesa_banho,3600,41,8,36
esporte_lazer,800,30,20,20
moveis_decoracao,2800,35,30,35
esporte_lazer,500,25,4,22
esporte_lazer,500,28,25,25
moveis_decoracao,1300,40,30,40
automotivo,3750,40,15,15
moveis_decoracao,2500,65,8,45
cama_mesa_banho,18050,85,23,55
cama_mesa_banho,2200,29,8,38
cama_mesa_banho,3050,48,16,38
papelaria,5150,60,20,29
casa_construcao,450,17,20,17
casa_construcao,1250,25,43,17
cool_stuff,9350,50,28,40
cool_stuff,567,35,27,17
instrumentos_musicais,1300,42,8,38
ferramentas_jardim,900,32,13,18
papelaria,450,24,4,20
esporte_lazer,850,30,23,15
eletroportateis,800,21,17,18
alimentos_bebidas,400,28,15,20
cine_foto,850,30,13,30
telefonia,100,13,20,13
malas_acessorios,1800,30,40,30
brinquedos,665,20,25,16
esporte_lazer,600,18,3,15
esporte_lazer,700,30,30,30
relogios_presentes,235,16,14,14
moveis_escritorio,8400,25,23,37
construcao_ferramentas_jardim,1650,22,14,14
informatica_acessorios,300,15,5,13
perfumaria,75,16,11,11
moveis_decoracao,3400,42,16,26
beleza_saude,1500,16,16,15
cool_stuff,15300,43,40,40
brinquedos,547,22,13,21
esporte_lazer,250,22,26,16
cama_mesa_banho,1000,39,8,33
utilidades_domesticas,425,41,12,13
utilidades_domesticas,6150,35,35,35
moveis_decoracao,27350,100,20,20
moveis_decoracao,100,22,6,11
eletroportateis,1025,37,26,29
beleza_saude,1325,30,25,25
moveis_decoracao,13300,45,35,45
cama_mesa_banho,875,20,22,27
automotivo,5900,35,12,20
automotivo,2800,36,3,24
utilidades_domesticas,950,30,30,30
moveis_decoracao,17350,40,50,40
moveis_quarto,8400,39,13,70
beleza_saude,300,22,5,15
utilidades_domesticas,1850,25,10,25
perfumaria,500,20,14,22
fashion_bolsas_e_acessorios,400,43,16,27
moveis_decoracao,2650,105,3,70
brinquedos,1200,50,10,35
moveis_decoracao,7650,25,25,25
esporte_lazer,1500,20,20,20
automotivo,400,20,15,15
utilidades_domesticas,1950,25,23,21
esporte_lazer,1050,40,20,20
moveis_decoracao,1400,40,10,40
eletronicos,175,20,11,16
consoles_games,150,19,4,11
brinquedos,500,23,25,11
moveis_decoracao,425,30,10,21
papelaria,800,35,30,35
fashion_roupa_masculina,750,20,20,20
brinquedos,1300,25,25,20
livros_tecnicos,1100,29,5,22
moveis_sala,4050,50,10,50
fashion_roupa_masculina,1900,35,6,45
moveis_decoracao,1050,25,20,18
cama_mesa_banho,1150,43,7,30
cama_mesa_banho,650,31,13,20
malas_acessorios,3250,29,35,21
brinquedos,200,45,15,35
esporte_lazer,500,16,12,12
pet_shop,250,30,10,15
ferramentas_jardim,350,23,7,14
esporte_lazer,238,19,17,19
esporte_lazer,7600,100,20,25
perfumaria,550,22,16,16
fashion_underwear_e_moda_praia,200,26,5,18
relogios_presentes,200,20,8,11
cama_mesa_banho,650,35,12,35
beleza_saude,600,18,9,12
cama_mesa_banho,220,32,4,23
brinquedos,1900,34,35,29
beleza_saude,450,27,14,14
utilidades_domesticas,650,35,20,25
moveis_escritorio,9150,35,52,35
cama_mesa_banho,1575,41,6,31
livros_interesse_geral,500,18,16,16
moveis_decoracao,1275,35,13,23
cama_mesa_banho,1300,40,35,40
moveis_decoracao,1750,35,45,35
cama_mesa_banho,850,55,7,34
casa_construcao,125,16,11,14
malas_acessorios,1000,46,10,34
moveis_decoracao,700,24,19,22
bebes,300,20,2,20
moveis_cozinha_area_de_servico_jantar_e_jardim,15300,30,100,25
brinquedos,450,38,11,24
relogios_presentes,1000,27,15,25
cool_stuff,1500,23,15,15
fashion_bolsas_e_acessorios,150,17,2,19
telefonia,150,17,4,12
informatica_acessorios,800,35,12,15
cool_stuff,1033,28,16,17
beleza_saude,350,16,7,16
construcao_ferramentas_construcao,4050,19,19,19
relogios_presentes,140,18,16,16
informatica_acessorios,100,13,10,11
utilidades_domesticas,6100,22,26,22
automotivo,1036,20,11,13
moveis_decoracao,600,25,8,25
beleza_saude,1600,47,18,26
cool_stuff,700,47,8,30
automotivo,550,16,5,11
eletronicos,250,21,7,14
bebes,855,36,23,28
cool_stuff,422,18,12,15
perfumaria,426,20,16,17
cama_mesa_banho,1350,44,2,35
informatica_acessorios,500,32,12,20
automotivo,900,56,12,16
telefonia_fixa,850,43,30,33
malas_acessorios,1150,30,50,40
utilidades_domesticas,727,21,19,22
utilidades_domesticas,9750,42,28,33
esporte_lazer,4750,19,18,18
cama_mesa_banho,300,50,8,34
eletronicos,128,25,13,18
consoles_games,175,19,12,17
brinquedos,250,18,16,16
moveis_decoracao,1300,34,6,26
beleza_saude,200,16,2,11
beleza_saude,1350,16,87,18
informatica_acessorios,300,50,5,20
moveis_escritorio,12700,55,70,18
consoles_games,665,16,17,16
eletronicos,800,20,20,20
brinquedos,400,30,11,18
pet_shop,1050,20,17,25
beleza_saude,3450,30,30,16
perfumaria,400,16,7,20
cool_stuff,900,20,15,15
construcao_ferramentas_construcao,900,26,23,26
automotivo,8450,45,25,45
beleza_saude,300,16,4,20
esporte_lazer,100,16,16,16
telefonia,250,18,4,12
esporte_lazer,350,18,8,14
automotivo,170,19,14,17
cama_mesa_banho,850,38,10,38
utilidades_domesticas,3500,51,8,35
bebes,320,18,14,16
utilidades_domesticas,700,45,16,16
automotivo,10400,40,20,30
pet_shop,500,20,18,20
pet_shop,1600,50,20,40
construcao_ferramentas_jardim,2250,33,33,20
bebes,1100,30,5,45
eletrodomesticos,200,27,12,17
papelaria,29000,50,50,30
beleza_saude,1600,50,16,40
cama_mesa_banho,600,30,12,23
automotivo,250,16,6,16
esporte_lazer,628,17,25,14
utilidades_domesticas,5800,40,39,45
ferramentas_jardim,1650,30,23,20
cama_mesa_banho,6350,95,8,50
automotivo,6750,72,4,46
beleza_saude,100,30,12,16
beleza_saude,5575,28,23,28
papelaria,300,28,7,15
cama_mesa_banho,1175,28,8,28
market_place,200,46,4,11
esporte_lazer,1600,20,40,30
ferramentas_jardim,15100,45,45,37
moveis_cozinha_area_de_servico_jantar_e_jardim,3300,40,20,60
esporte_lazer,1450,24,20,20
automotivo,1775,36,7,24
automotivo,1000,37,12,35
moveis_decoracao,2550,65,8,45
moveis_decoracao,1000,40,6,32
consoles_games,350,16,13,16
utilidades_domesticas,500,16,18,11
beleza_saude,429,19,16,18
informatica_acessorios,1100,40,20,20
informatica_acessorios,900,30,6,16
cama_mesa_banho,450,28,10,26
automotivo,11200,25,18,18
beleza_saude,1100,25,13,20
brinquedos,1500,40,25,20
consoles_games,556,30,12,15
esporte_lazer,1100,17,4,11
telefonia,200,18,6,20
beleza_saude,710,21,15,11
cama_mesa_banho,2350,20,30,30
cama_mesa_banho,3875,46,12,43
informatica_acessorios,233,16,14,15
esporte_lazer,1900,25,25,25
moveis_sala,6650,55,11,35
cama_mesa_banho,2100,40,10,30
instrumentos_musicais,6050,60,15,40
fashion_calcados,850,22,12,33
moveis_decoracao,1100,30,11,11
automotivo,14900,61,25,45
cama_mesa_banho,1100,35,25,30
eletrodomesticos,350,18,8,13
eletronicos,2200,22,7,17
eletronicos,200,16,15,15
utilidades_domesticas,183,17,13,12
utilidades_domesticas,5900,65,12,45
moveis_decoracao,3500,60,40,42
moveis_decoracao,1800,40,8,30
beleza_saude,338,21,6,21
telefonia_fixa,1700,25,22,24
relogios_presentes,800,18,12,19
agro_industria_e_comercio,125,20,4,13
cama_mesa_banho,2250,36,16,36
utilidades_domesticas,2150,45,41,14
artes,150,20,4,20
automotivo,300,16,10,16
bebes,1450,42,25,15
utilidades_domesticas,375,16,10,18
moveis_sala,1350,64,13,18
construcao_ferramentas_iluminacao,600,30,30,30
climatizacao,1875,27,17,27
relogios_presentes,450,19,13,13
casa_construcao,750,23,27,27
brinquedos,250,21,10,20
moveis_decoracao,50,19,7,16
eletronicos,400,16,12,17
automotivo,500,30,30,30
esporte_lazer,450,35,7,25
utilidades_domesticas,425,18,18,18
eletronicos,340,33,14,17
dvds_blu_ray,100,19,3,11
esporte_lazer,1300,105,15,15
fashion_bolsas_e_acessorios,700,29,31,49
alimentos_bebidas,300,20,8,16
perfumaria,438,16,12,17
cool_stuff,1800,44,29,26
esporte_lazer,500,22,15,22
esporte_lazer,300,19,2,12
esporte_lazer,1795,33,28,23
cama_mesa_banho,8800,33,12,33
brinquedos,400,25,45,20
consoles_games,305,20,12,19
utilidades_domesticas,825,43,19,18
utilidades_domesticas,500,18,16,16
instrumentos_musicais,900,54,7,54
moveis_cozinha_area_de_servico_jantar_e_jardim,4000,31,42,43
malas_acessorios,284,16,14,15
cama_mesa_banho,1900,49,7,40
moveis_escritorio,9350,52,51,17
moveis_escritorio,650,40,11,11
ferramentas_jardim,1800,30,10,25
relogios_presentes,505,18,10,13
construcao_ferramentas_jardim,1725,22,21,14
casa_construcao,750,40,17,15
informatica_acessorios,6550,20,20,20
automotivo,11450,60,60,19
cama_mesa_banho,2300,20,30,30
papelaria,1900,40,16,35
moveis_decoracao,2500,49,13,41
moveis_decoracao,1400,40,10,34
utilidades_domesticas,15000,52,28,52
ferramentas_jardim,23700,81,35,17
cama_mesa_banho,833,48,7,40
brinquedos,2208,34,23,24
utilidades_domesticas,800,16,20,15
moveis_decoracao,1000,40,7,34
relogios_presentes,450,16,2,11
utilidades_domesticas,4050,32,32,22
eletroportateis,2900,16,34,32
construcao_ferramentas_construcao,400,27,5,16
utilidades_domesticas,17300,40,70,40
bebes,8250,60,40,20
utilidades_domesticas,550,26,9,11
cama_mesa_banho,1000,42,8,36
utilidades_domesticas,950,25,32,25
bebes,700,20,20,30
automotivo,3100,21,21,21
instrumentos_musicais,2900,47,9,47
utilidades_domesticas,1350,28,23,25
utilidades_domesticas,1250,28,20,28
ferramentas_jardim,2900,17,26,27
moveis_decoracao,1050,25,25,25
papelaria,3200,28,55,37
informatica_acessorios,867,32,14,14
eletronicos,175,20,12,16
papelaria,900,24,7,14
esporte_lazer,600,23,23,23
brinquedos,800,35,5,35
esporte_lazer,450,18,18,18
beleza_saude,400,20,20,20
cama_mesa_banho,1600,40,7,34
eletrodomesticos_2,11900,65,35,35
beleza_saude,575,17,15,13
utilidades_domesticas,2350,29,34,16
cama_mesa_banho,450,35,3,28
cama_mesa_banho,1400,35,20,48
utilidades_domesticas,350,30,10,16
automotivo,4300,78,4,47
moveis_decoracao,700,35,2,25
ferramentas_jardim,1100,25,25,25
cama_mesa_banho,1650,44,2,35
esporte_lazer,700,16,23,15
ferramentas_jardim,550,30,8,25
bebidas,1300,20,20,20
industria_comercio_e_negocios,900,40,30,30
automotivo,5100,65,25,25
moveis_decoracao,1200,34,8,24
brinquedos,300,18,14,11
livros_interesse_geral,1200,15,15,19
esporte_lazer,600,40,8,11
cama_mesa_banho,3700,50,10,40
moveis_escritorio,11400,58,40,58
cool_stuff,600,40,30,40
beleza_saude,538,23,12,34
informatica_acessorios,100,20,3,15
moveis_decoracao,300,80,10,60
informatica_acessorios,1850,39,12,22
cama_mesa_banho,1956,45,18,35
casa_construcao,15000,50,30,50
relogios_presentes,1000,16,2,11
eletronicos,100,20,7,12
fashion_underwear_e_moda_praia,450,42,4,14
utilidades_domesticas,300,26,2,11
relogios_presentes,500,19,9,15
informatica_acessorios,450,19,5,13
esporte_lazer,1626,26,15,17
moveis_decoracao,1100,31,11,26
brinquedos,200,25,3,25
automotivo,1100,45,16,20
ferramentas_jardim,1625,45,30,30
market_place,5600,60,15,40
beleza_saude,250,16,16,16
informatica_acessorios,800,46,18,18
beleza_saude,1875,23,23,23
cama_mesa_banho,3200,47,21,41
automotivo,4600,72,4,44
relogios_presentes,500,21,16,17
esporte_lazer,250,16,8,12
ferramentas_jardim,300,104,9,12
automotivo,1650,60,8,33
moveis_decoracao,400,37,15,27
eletrodomesticos_2,11710,45,37,29
perfumaria,460,18,13,13
moveis_decoracao,400,29,12,23
instrumentos_musicais,2900,53,11,31
esporte_lazer,1338,23,12,14
brinquedos,500,28,15,20
bebes,350,38,8,38
cama_mesa_banho,1000,16,16,16
beleza_saude,400,19,17,15
utilidades_domesticas,200,30,11,25
beleza_saude,412,17,14,14
cama_mesa_banho,2900,47,13,35
cool_stuff,2600,37,39,28
beleza_saude,2850,35,25,30
cama_mesa_banho,3150,60,10,60
automotivo,4300,92,14,21
bebes,10750,38,47,44
cama_mesa_banho,850,48,13,37
cama_mesa_banho,4500,45,15,35
bebes,250,37,14,27
eletrodomesticos,147,22,15,22
relogios_presentes,300,16,11,12
esporte_lazer,250,25,25,20
cama_mesa_banho,570,30,4,26
relogios_presentes,550,20,11,16
esporte_lazer,2150,105,15,15
instrumentos_musicais,1300,36,10,26
cama_mesa_banho,3250,33,8,40
construcao_ferramentas_construcao,650,16,11,11
automotivo,1600,30,30,25
automotivo,200,16,7,11
eletrodomesticos_2,14400,55,15,36
utilidades_domesticas,190,16,16,16
agro_industria_e_comercio,800,20,20,20
instrumentos_musicais,15100,45,20,100
brinquedos,900,40,20,25
moveis_decoracao,450,35,8,35
automotivo,1500,68,9,35
sinalizacao_e_seguranca,850,17,27,17
automotivo,250,20,13,19
automotivo,800,30,20,25
esporte_lazer,4825,46,8,37
bebes,200,50,5,35
informatica_acessorios,150,16,11,11
automotivo,1150,16,11,12
papelaria,400,20,10,20
esporte_lazer,2300,38,38,32
utilidades_domesticas,1900,45,7,35
utilidades_domesticas,2550,53,25,20
cama_mesa_banho,1175,29,19,26
telefonia,150,16,10,11
beleza_saude,400,30,15,20
cama_mesa_banho,1800,40,10,30
utilidades_domesticas,400,16,75,13
eletroportateis,7900,22,36,48
automotivo,50,16,8,11
eletronicos,250,22,7,22
malas_acessorios,150,16,5,16
informatica_acessorios,1373,25,21,25
moveis_decoracao,2900,43,5,30
cama_mesa_banho,750,22,13,17
cama_mesa_banho,3300,34,10,41
cama_mesa_banho,473,18,17,21
cama_mesa_banho,5000,40,15,23
bebes,2300,65,15,15
moveis_escritorio,9725,53,52,17
moveis_decoracao,5400,46,7,46
construcao_ferramentas_construcao,8725,29,9,29
livros_interesse_geral,400,24,15,20
moveis_escritorio,11950,58,28,58
instrumentos_musicais,6575,39,24,34
casa_construcao,150,16,7,12
beleza_saude,250,35,15,15
moveis_decoracao,50,16,3,11
consoles_games,500,18,12,18
beleza_saude,200,30,12,16
moveis_decoracao,30000,60,64,60
eletronicos,550,17,8,16
automotivo,900,45,12,45
relogios_presentes,300,22,7,14
relogios_presentes,200,16,16,11
bebes,900,50,8,40
cama_mesa_banho,1500,36,6,27
cama_mesa_banho,500,16,40,30
automotivo,500,25,25,21
utilidades_domesticas,6300,60,25,25
papelaria,950,21,7,15
cama_mesa_banho,250,16,15,15
artes_e_artesanato,500,16,6,16
beleza_saude,500,19,12,14
perfumaria,300,16,19,14
beleza_saude,1200,21,13,19
moveis_decoracao,1100,42,3,32
perfumaria,350,22,5,14
livros_interesse_geral,1500,25,6,19
utilidades_domesticas,518,24,16,25
papelaria,200,16,6,11
brinquedos,500,40,40,40
construcao_ferramentas_construcao,2200,47,13,36
moveis_decoracao,2400,32,47,32
utilidades_domesticas,5150,70,9,40
esporte_lazer,1252,20,16,15
cama_mesa_banho,4350,23,50,23
automotivo,1100,29,14,16
cama_mesa_banho,1625,34,24,24
esporte_lazer,1300,22,27,22
beleza_saude,209,17,12,14
eletrodomesticos_2,8100,64,23,35
cama_mesa_banho,1450,30,15,30
beleza_saude,100,25,2,13
casa_construcao,900,16,20,30
eletronicos,1200,24,15,24
cama_mesa_banho,7800,33,44,33
bebes,6225,46,23,35
bebes,900,50,19,45
automotivo,450,20,13,12
beleza_saude,190,18,9,12
telefonia,150,17,8,14
telefonia,350,16,8,16
esporte_lazer,600,18,22,18
consoles_games,250,16,7,15
utilidades_domesticas,2600,37,24,37
automotivo,3000,75,11,11
ferramentas_jardim,2835,25,16,22
beleza_saude,1375,32,23,16
bebes,18900,84,23,50
utilidades_domesticas,10050,30,30,30
perfumaria,200,22,13,16
relogios_presentes,400,16,13,13
moveis_decoracao,13900,50,35,35
construcao_ferramentas_jardim,6900,55,29,29
utilidades_domesticas,1950,47,15,35
esporte_lazer,700,20,15,15
esporte_lazer,250,23,6,11
esporte_lazer,450,30,12,15
automotivo,1050,30,30,30
brinquedos,5050,48,34,41
utilidades_domesticas,9100,39,39,39
moveis_decoracao,600,25,10,25
telefonia,450,17,3,11
esporte_lazer,1100,20,10,20
esporte_lazer,6450,51,31,31
cama_mesa_banho,2000,34,9,33
brinquedos,15600,105,30,30
cama_mesa_banho,5775,56,34,46
livros_interesse_geral,400,30,40,30
brinquedos,200,17,13,17
brinquedos,300,22,13,22
bebes,NULL,NULL,NULL,NULL
beleza_saude,900,27,9,18
informatica_acessorios,1400,26,13,35
esporte_lazer,1600,80,7,20
informatica_acessorios,450,20,10,16
moveis_decoracao,900,50,20,40
cama_mesa_banho,1100,41,9,31
esporte_lazer,167,22,14,14
relogios_presentes,333,18,11,12
brinquedos,1100,29,5,23
automotivo,2500,25,5,25
cama_mesa_banho,400,25,9,19
cama_mesa_banho,600,16,30,30
construcao_ferramentas_iluminacao,300,20,20,20
ferramentas_jardim,900,62,3,13
esporte_lazer,650,34,15,12
brinquedos,200,20,11,13
cama_mesa_banho,1400,35,10,35
perfumaria,400,16,16,16
automotivo,11700,59,59,19
brinquedos,2400,50,20,30
livros_tecnicos,700,29,2,21
malas_acessorios,14650,58,23,38
telefonia,400,23,6,15
bebes,18900,62,35,52
telefonia,300,23,4,12
utilidades_domesticas,300,21,7,15
beleza_saude,350,37,29,33
esporte_lazer,1000,22,14,17
climatizacao,6300,90,10,40
moveis_decoracao,900,40,10,34
utilidades_domesticas,30000,100,66,32
informatica_acessorios,350,16,16,16
cama_mesa_banho,2400,33,12,33
consoles_games,150,20,2,15
papelaria,200,20,20,20
informatica_acessorios,950,18,4,15
ferramentas_jardim,985,52,19,19
utilidades_domesticas,1100,25,25,25
esporte_lazer,16100,28,6,11
construcao_ferramentas_construcao,1425,35,13,20
bebes,300,18,10,11
moveis_decoracao,18233,47,60,23
utilidades_domesticas,700,20,50,20
utilidades_domesticas,750,35,20,35
automotivo,950,41,45,11
construcao_ferramentas_construcao,1050,34,7,21
brinquedos,200,22,8,15
informatica_acessorios,400,39,7,18
cama_mesa_banho,250,34,12,22
utilidades_domesticas,9600,54,28,38
esporte_lazer,6000,85,15,28
fashion_calcados,800,36,18,27
bebes,22800,83,31,53
utilidades_domesticas,30000,60,66,29
consoles_games,350,16,10,11
cama_mesa_banho,5200,20,30,30
moveis_decoracao,800,21,21,21
beleza_saude,175,21,3,15
utilidades_domesticas,200,18,6,11
eletroportateis,3125,18,30,38
cama_mesa_banho,4400,42,16,36
alimentos,200,16,11,11
utilidades_domesticas,1500,30,24,20
artigos_de_natal,200,16,9,11
utilidades_domesticas,3121,42,25,30
bebes,10950,41,40,40
pet_shop,1167,24,28,20
moveis_decoracao,3050,30,12,30
informatica_acessorios,1600,20,15,20
alimentos,600,28,15,15
telefonia,200,16,9,13
bebes,20050,38,93,34
consoles_games,200,20,30,20
brinquedos,550,30,16,16
pet_shop,400,16,20,16
livros_interesse_geral,700,25,3,18
pet_shop,5750,30,30,30
pet_shop,1350,40,20,30
utilidades_domesticas,300,16,38,18
esporte_lazer,700,22,22,15
automotivo,5775,104,35,30
beleza_saude,225,30,7,18
utilidades_domesticas,1000,40,28,28
papelaria,1700,32,7,24
cama_mesa_banho,1400,34,7,32
eletrodomesticos,1000,27,13,17
informatica_acessorios,817,26,13,21
casa_conforto,3800,45,15,35
malas_acessorios,1100,20,10,45
brinquedos,9700,30,80,40
relogios_presentes,375,16,8,11
consoles_games,300,20,20,20
cama_mesa_banho,1150,41,13,13
utilidades_domesticas,150,18,10,18
relogios_presentes,416,16,7,12
construcao_ferramentas_iluminacao,650,19,9,15
informatica_acessorios,250,30,7,20
informatica_acessorios,400,20,30,30
construcao_ferramentas_construcao,200,16,4,11
fashion_bolsas_e_acessorios,250,16,5,12
cama_mesa_banho,350,20,13,17
automotivo,1300,22,8,17
relogios_presentes,900,16,11,11
moveis_decoracao,1250,35,35,35
cool_stuff,1250,30,15,30
utilidades_domesticas,10150,40,30,40
telefonia,175,19,5,11
cool_stuff,800,30,25,35
cama_mesa_banho,1350,36,20,36
relogios_presentes,217,18,14,14
moveis_decoracao,650,20,20,20
relogios_presentes,275,22,12,16
beleza_saude,300,18,11,13
pet_shop,4200,49,29,34
bebes,796,27,22,21
moveis_decoracao,700,30,5,48
esporte_lazer,1450,32,13,18
cama_mesa_banho,2220,20,30,30
informatica_acessorios,100,16,4,16
pet_shop,17150,55,40,45
beleza_saude,427,15,17,14
telefonia,250,16,17,11
casa_conforto,1700,45,15,35
utilidades_domesticas,5550,35,28,32
utilidades_domesticas,8700,19,48,27
alimentos_bebidas,10800,45,25,26
beleza_saude,300,26,11,15
perfumaria,450,30,15,15
fashion_roupa_masculina,300,30,40,11
moveis_escritorio,10650,58,28,58
automotivo,200,16,12,20
esporte_lazer,6600,105,15,25
cama_mesa_banho,2700,30,11,20
brinquedos,852,24,19,26
perfumaria,258,23,15,18
market_place,300,20,12,20
fashion_bolsas_e_acessorios,700,45,8,45
eletrodomesticos_2,11200,35,25,45
fashion_bolsas_e_acessorios,1500,38,35,11
beleza_saude,1000,16,2,11
esporte_lazer,1600,40,20,20
eletrodomesticos_2,25900,48,46,65
brinquedos,400,17,4,12
malas_acessorios,800,46,10,32
construcao_ferramentas_seguranca,848,26,16,23
moveis_decoracao,13100,49,25,49
construcao_ferramentas_seguranca,100,16,2,11
brinquedos,225,22,14,15
automotivo,2250,56,69,12
brinquedos,400,17,11,12
bebes,250,18,4,14
brinquedos,1850,32,25,22
moveis_decoracao,600,16,16,16
climatizacao,1132,33,39,20
automotivo,1800,16,2,11
cama_mesa_banho,17400,50,30,40
cama_mesa_banho,1275,39,14,29
perfumaria,481,21,14,19
fashion_roupa_feminina,500,20,5,20
cama_mesa_banho,804,34,5,33
sinalizacao_e_seguranca,300,34,4,21
relogios_presentes,678,20,14,18
instrumentos_musicais,3300,44,10,32
moveis_decoracao,700,30,20,20
esporte_lazer,1250,41,24,11
cama_mesa_banho,2700,42,11,36
relogios_presentes,500,24,12,16
esporte_lazer,3700,20,17,17
utilidades_domesticas,1950,40,20,32
relogios_presentes,255,18,11,14
utilidades_domesticas,1535,10,15,14
moveis_decoracao,533,45,4,35
instrumentos_musicais,1350,38,7,29
beleza_saude,1600,40,20,30
moveis_decoracao,500,30,16,26
beleza_saude,4450,20,20,20
beleza_saude,2600,40,12,55
relogios_presentes,638,20,16,16
utilidades_domesticas,300,16,12,12
utilidades_domesticas,450,30,25,25
cama_mesa_banho,5600,39,25,45
cama_mesa_banho,2200,34,7,32
utilidades_domesticas,650,20,30,12
ferramentas_jardim,4300,50,10,34
brinquedos,1700,50,40,16
perfumaria,200,17,6,12
automotivo,550,16,2,11
automotivo,50,42,19,25
cama_mesa_banho,700,27,12,22
cama_mesa_banho,2150,45,15,35
moveis_decoracao,200,16,11,16
brinquedos,400,18,21,13
fashion_bolsas_e_acessorios,6700,20,50,40
sinalizacao_e_seguranca,425,45,21,23
pet_shop,15150,92,12,62
esporte_lazer,23800,80,12,22
esporte_lazer,1150,105,10,15
consoles_games,250,17,2,14
cama_mesa_banho,1800,55,10,35
portateis_cozinha_e_preparadores_de_alimentos,850,30,21,22
bebes,200,16,5,11
moveis_sala,1375,63,11,16
informatica_acessorios,150,16,5,11
moveis_decoracao,1780,20,55,68
utilidades_domesticas,676,23,14,17
utilidades_domesticas,2300,50,11,50
relogios_presentes,433,19,14,15
esporte_lazer,3325,71,14,71
informatica_acessorios,1125,27,16,20
telefonia,225,18,4,12
esporte_lazer,250,22,14,11
beleza_saude,350,22,16,16
utilidades_domesticas,325,27,8,14
automotivo,3000,30,15,15
malas_acessorios,2800,36,34,27
utilidades_domesticas,1000,20,15,20
informatica_acessorios,4400,25,25,18
relogios_presentes,400,16,12,13
relogios_presentes,350,16,11,12
informatica_acessorios,250,50,5,20
bebes,625,26,14,12
utilidades_domesticas,5100,36,15,29
ferramentas_jardim,1100,30,23,20
cool_stuff,650,22,15,22
perfumaria,700,19,14,17
informatica_acessorios,3150,32,16,16
esporte_lazer,550,16,16,20
automotivo,5075,56,11,32
cama_mesa_banho,24050,80,30,60
beleza_saude,4600,34,9,34
beleza_saude,300,20,10,20
brinquedos,300,34,4,32
ferramentas_jardim,3750,35,40,30
consoles_games,800,23,8,17
construcao_ferramentas_construcao,1200,20,8,20
cama_mesa_banho,950,49,6,39
cama_mesa_banho,606,30,9,28
papelaria,600,29,4,24
beleza_saude,850,16,30,18
moveis_escritorio,13867,101,8,57
perfumaria,400,16,16,18
eletroportateis,1950,26,30,25
informatica_acessorios,350,26,8,18
industria_comercio_e_negocios,4100,35,20,35
climatizacao,3800,53,21,36
livros_importados,700,33,2,23
pet_shop,1050,49,15,33
construcao_ferramentas_jardim,150,16,4,20
esporte_lazer,1550,60,15,15
utilidades_domesticas,1000,29,29,11
relogios_presentes,800,22,14,13
papelaria,2350,31,7,22
perfumaria,341,20,18,16
construcao_ferramentas_ferramentas,242,18,9,14
moveis_decoracao,1550,60,30,30
bebes,7300,51,23,34
automotivo,450,20,9,14
esporte_lazer,750,35,17,17
moveis_decoracao,350,16,5,20
eletroportateis,300,21,11,17
informatica_acessorios,100,20,2,18
informatica_acessorios,1400,20,30,20
beleza_saude,875,30,26,28
utilidades_domesticas,5500,60,12,38
esporte_lazer,1100,26,8,21
esporte_lazer,500,22,18,18
perfumaria,70,17,6,12
cine_foto,550,33,4,27
cool_stuff,13075,79,43,35
ferramentas_jardim,5500,37,15,37
industria_comercio_e_negocios,850,40,30,30
bebes,10750,65,18,55
ferramentas_jardim,3100,37,9,16
relogios_presentes,850,35,17,17
telefonia,210,17,24,21
relogios_presentes,1800,30,38,13
relogios_presentes,525,18,8,12
telefonia_fixa,950,28,7,21
artigos_de_natal,15400,70,15,50
informatica_acessorios,250,21,14,11
construcao_ferramentas_jardim,2600,55,29,17
cool_stuff,1000,42,25,15
alimentos,1150,20,10,20
moveis_decoracao,20000,70,70,12
esporte_lazer,300,25,20,20
fashion_bolsas_e_acessorios,50,16,3,12
informatica_acessorios,1100,31,12,11
construcao_ferramentas_construcao,100,20,3,25
beleza_saude,2500,16,16,16
construcao_ferramentas_construcao,1100,54,10,11
brinquedos,175,16,6,11
beleza_saude,375,16,15,14
esporte_lazer,200,16,4,21
bebes,950,29,26,24
eletronicos,150,16,7,11
instrumentos_musicais,7050,66,17,36
moveis_decoracao,1300,16,13,13
esporte_lazer,570,21,21,21
relogios_presentes,350,40,10,25
alimentos_bebidas,650,16,10,11
papelaria,1000,18,48,35
fashion_bolsas_e_acessorios,300,16,9,20
eletrodomesticos,150,18,8,11
pet_shop,1300,21,6,26
consoles_games,320,38,14,18
beleza_saude,360,17,12,15
ferramentas_jardim,500,26,4,12
relogios_presentes,820,18,12,16
relogios_presentes,416,18,9,13
esporte_lazer,1200,30,30,30
cama_mesa_banho,550,40,8,50
telefonia,500,22,10,15
consoles_games,350,20,10,20
utilidades_domesticas,16550,22,65,40
livros_interesse_geral,400,17,5,28
moveis_decoracao,200,35,35,15
cama_mesa_banho,400,40,5,25
cama_mesa_banho,750,30,5,25
cama_mesa_banho,2150,25,25,25
telefonia_fixa,600,23,14,19
utilidades_domesticas,635,25,19,19
esporte_lazer,300,100,20,20
cama_mesa_banho,2000,40,6,30
utilidades_domesticas,10300,70,20,33
esporte_lazer,950,20,15,20
esporte_lazer,600,21,17,18
cama_mesa_banho,1200,25,10,25
bebes,350,32,9,16
bebes,15250,65,65,26
esporte_lazer,1250,25,6,17
casa_conforto,9475,53,30,38
utilidades_domesticas,900,16,27,35
bebes,6825,30,63,20
beleza_saude,2400,45,30,30
utilidades_domesticas,800,23,18,23
perfumaria,350,20,10,11
moveis_decoracao,6150,38,12,27
pet_shop,700,30,30,30
fashion_bolsas_e_acessorios,100,17,2,19
instrumentos_musicais,1203,30,10,16
informatica_acessorios,110,19,13,14
utilidades_domesticas,370,17,20,15
bebes,150,16,6,20
cama_mesa_banho,1100,29,4,36
esporte_lazer,850,20,12,11
cama_mesa_banho,1700,50,10,40
beleza_saude,1175,53,18,18
cama_mesa_banho,1150,34,7,32
brinquedos,400,30,20,20
automotivo,700,21,9,12
beleza_saude,3700,22,22,22
utilidades_domesticas,250,16,7,12
ferramentas_jardim,11600,37,26,20
esporte_lazer,650,16,10,11
livros_interesse_geral,2100,19,26,11
bebidas,1400,16,33,18
moveis_decoracao,800,20,25,20
perfumaria,254,19,15,18
brinquedos,8900,32,49,34
brinquedos,1100,43,6,30
utilidades_domesticas,500,25,12,12
malas_acessorios,10250,45,19,36
esporte_lazer,300,22,6,12
fashion_bolsas_e_acessorios,150,16,16,11
cama_mesa_banho,1150,35,10,35
eletronicos,150,17,3,12
esporte_lazer,400,16,2,11
cama_mesa_banho,7500,50,17,49
beleza_saude,983,23,16,15
bebes,2300,38,10,34
relogios_presentes,275,19,13,13
cama_mesa_banho,3150,56,12,38
moveis_escritorio,12475,53,54,18
informatica_acessorios,100,22,5,15
eletronicos,547,19,12,17
pet_shop,600,17,16,17
informatica_acessorios,1025,27,13,19
beleza_saude,217,17,10,11
pet_shop,500,47,6,36
artigos_de_natal,350,30,10,20
moveis_decoracao,50,16,2,16
moveis_decoracao,1200,20,16,20
cama_mesa_banho,2300,40,6,29
cool_stuff,3350,24,30,21
bebes,200,16,11,11
cama_mesa_banho,150,16,10,15
moveis_escritorio,24700,62,16,49
construcao_ferramentas_construcao,2033,27,24,26
fashion_bolsas_e_acessorios,650,43,16,27
pet_shop,19100,27,65,50
beleza_saude,1017,17,15,16
construcao_ferramentas_construcao,7650,44,15,34
construcao_ferramentas_construcao,1175,28,28,28
automotivo,7350,104,35,30
brinquedos,715,21,12,17
cama_mesa_banho,1225,38,15,31
utilidades_domesticas,800,29,19,21
utilidades_domesticas,217,17,12,13
informatica_acessorios,1133,16,16,11
automotivo,100,16,27,15
utilidades_domesticas,3320,55,13,40
beleza_saude,4050,25,25,25
telefonia,170,23,5,16
informatica_acessorios,825,18,26,22
relogios_presentes,337,16,13,13
informatica_acessorios,600,23,16,16
telefonia,350,16,7,11
automotivo,1900,90,14,18
market_place,200,22,35,22
cama_mesa_banho,1850,42,11,36
esporte_lazer,2450,22,18,18
bebes,100,16,5,15
beleza_saude,400,31,20,20
bebes,550,39,6,27
utilidades_domesticas,3467,47,23,31
beleza_saude,1200,16,17,11
cama_mesa_banho,300,20,7,16
musica,150,16,9,11
brinquedos,550,40,10,30
eletroportateis,200,16,12,15
esporte_lazer,2900,20,20,20
informatica_acessorios,1183,59,10,15
cama_mesa_banho,350,20,2,15
utilidades_domesticas,750,35,36,35
informatica_acessorios,250,30,8,20
moveis_decoracao,300,40,10,30
cama_mesa_banho,400,26,8,20
bebes,5700,60,20,50
esporte_lazer,2200,30,20,20
utilidades_domesticas,1525,65,10,25
utilidades_domesticas,5000,88,58,13
artigos_de_natal,850,30,11,20
utilidades_domesticas,4213,35,17,22
cama_mesa_banho,2150,38,9,27
brinquedos,900,29,40,21
telefonia,299,14,11,13
brinquedos,150,16,7,11
utilidades_domesticas,19300,49,51,41
construcao_ferramentas_jardim,210,20,8,15
cama_mesa_banho,1300,36,6,27
relogios_presentes,250,18,13,14
moveis_decoracao,1500,20,65,20
beleza_saude,400,19,20,18
sinalizacao_e_seguranca,1050,16,20,16
informatica_acessorios,150,20,20,20
automotivo,2050,16,5,11
utilidades_domesticas,450,18,19,18
musica,550,33,6,22
livros_interesse_geral,300,22,2,16
beleza_saude,300,28,8,18
audio,473,19,12,21
fashion_bolsas_e_acessorios,100,16,10,16
brinquedos,1238,32,35,17
esporte_lazer,1340,100,10,11
cama_mesa_banho,3500,34,20,41
automotivo,1525,68,9,35
utilidades_domesticas,1000,21,23,22
cama_mesa_banho,6100,37,17,47
fashion_roupa_infanto_juvenil,600,36,10,26
pet_shop,833,60,8,49
cama_mesa_banho,2850,42,12,40
brinquedos,200,16,15,20
moveis_decoracao,700,80,20,20
cama_mesa_banho,355,34,21,40
utilidades_domesticas,1500,16,24,11
automotivo,2000,68,9,35
esporte_lazer,400,16,28,11
consoles_games,700,27,15,22
papelaria,650,16,10,11
cool_stuff,700,42,25,15
brinquedos,6038,49,19,44
perfumaria,450,23,8,18
livros_tecnicos,500,22,22,13
brinquedos,1110,54,10,31
ferramentas_jardim,6050,54,48,28
ferramentas_jardim,3600,35,33,14
moveis_decoracao,600,24,2,24
moveis_decoracao,500,16,14,23
ferramentas_jardim,1700,21,17,17
audio,2000,31,31,31
utilidades_domesticas,1000,18,12,82
utilidades_domesticas,650,52,8,12
livros_interesse_geral,1400,26,7,26
moveis_decoracao,650,60,7,14
construcao_ferramentas_construcao,10100,48,34,37
cool_stuff,1400,30,30,25
cool_stuff,500,45,8,49
moveis_escritorio,3125,45,55,16
automotivo,1075,53,4,40
cama_mesa_banho,300,18,8,18
esporte_lazer,1550,40,20,20
telefonia,700,25,2,25
bebes,10700,40,40,40
pet_shop,158,21,8,16
informatica_acessorios,200,21,7,14
eletronicos,200,31,18,38
relogios_presentes,800,18,10,17
moveis_decoracao,313,24,15,14
cama_mesa_banho,15150,63,30,43
beleza_saude,2163,30,21,25
cama_mesa_banho,2500,45,20,35
market_place,150,16,9,11
cama_mesa_banho,1100,20,16,20
fashion_bolsas_e_acessorios,150,18,9,11
brinquedos,2050,59,20,25
relogios_presentes,600,22,4,11
bebes,1600,40,8,50
moveis_decoracao,1000,53,8,11
brinquedos,900,30,20,11
pet_shop,600,16,11,16
cama_mesa_banho,650,34,18,44
automotivo,450,40,10,15
informatica_acessorios,11750,40,26,42
fashion_calcados,1850,36,37,16
informatica_acessorios,5150,51,15,40
cama_mesa_banho,900,33,9,38
cool_stuff,2600,42,25,15
automotivo,2500,30,6,29
climatizacao,800,40,5,20
livros_interesse_geral,300,30,2,25
moveis_escritorio,11400,58,35,58
artigos_de_natal,400,17,21,11
eletroportateis,100,21,6,14
alimentos,388,16,16,14
pet_shop,7150,35,35,35
informatica_acessorios,350,32,5,16
esporte_lazer,200,30,20,20
cool_stuff,268,12,9,19
fashion_bolsas_e_acessorios,200,16,3,16
eletronicos,1050,22,9,12
automotivo,140,16,13,13
cama_mesa_banho,1250,40,10,30
cama_mesa_banho,2700,41,8,36
ferramentas_jardim,200,16,4,18
cool_stuff,300,16,19,15
informatica_acessorios,825,31,6,12
moveis_sala,8800,71,18,53
esporte_lazer,2200,20,20,20
moveis_decoracao,1300,31,11,26
automotivo,1350,50,20,30
cama_mesa_banho,615,20,30,30
beleza_saude,325,21,13,21
eletronicos,1500,16,8,16
brinquedos,3675,16,30,42
perfumaria,700,25,16,16
informatica_acessorios,650,20,16,20
automotivo,1350,30,5,20
informatica_acessorios,8950,45,26,38
moveis_decoracao,900,30,30,30
moveis_decoracao,1050,100,5,11
esporte_lazer,18100,19,12,19
cool_stuff,761,30,15,20
utilidades_domesticas,1600,35,10,35
bebes,13450,60,32,42
esporte_lazer,1200,16,16,18
automotivo,150,16,11,11
beleza_saude,1025,30,18,20
moveis_decoracao,10667,58,58,19
brinquedos,250,19,10,22
esporte_lazer,1000,47,12,29
esporte_lazer,2000,42,32,32
moveis_decoracao,600,18,14,15
casa_construcao,500,17,26,17
brinquedos,50,25,11,15
bebes,2000,50,15,40
papelaria,500,19,49,39
construcao_ferramentas_ferramentas,3200,30,20,19
ferramentas_jardim,850,34,3,15
cool_stuff,500,16,3,20
automotivo,150,16,10,16
cama_mesa_banho,1500,31,8,21
bebes,200,16,2,11
eletronicos,1500,75,3,11
informatica_acessorios,3050,23,17,20
relogios_presentes,250,16,11,20
esporte_lazer,283,24,23,20
brinquedos,275,19,15,15
automotivo,5400,40,30,40
automotivo,1531,23,20,19
beleza_saude,150,16,2,11
automotivo,1100,26,42,18
informatica_acessorios,570,21,9,18
telefonia,500,17,19,14
pet_shop,500,30,30,30
cama_mesa_banho,650,36,5,26
automotivo,300,16,2,11
brinquedos,300,25,16,16
cama_mesa_banho,900,32,14,27
automotivo,350,26,23,26
eletronicos,350,21,5,13
automotivo,50,16,16,17
esporte_lazer,1625,29,21,21
perfumaria,600,43,16,27
utilidades_domesticas,6050,77,11,33
papelaria,6700,40,20,50
industria_comercio_e_negocios,413,16,12,14
utilidades_domesticas,3500,40,32,40
pet_shop,200,16,16,16
consoles_games,150,20,3,18
telefonia,475,18,9,11
fashion_bolsas_e_acessorios,125,18,17,12
papelaria,400,25,4,20
beleza_saude,1567,35,25,28
cool_stuff,2550,24,23,27
esporte_lazer,2300,60,15,15
beleza_saude,1150,19,15,14
telefonia,225,18,3,12
perfumaria,700,22,15,17
cama_mesa_banho,600,55,10,50
esporte_lazer,10000,40,34,44
informatica_acessorios,645,18,16,16
moveis_decoracao,500,45,15,35
informatica_acessorios,226,23,17,18
utilidades_domesticas,400,25,15,20
esporte_lazer,4073,23,16,19
automotivo,200,59,23,29
beleza_saude,350,27,14,23
alimentos_bebidas,800,31,15,26
informatica_acessorios,238,17,9,15
bebes,15800,62,47,32
esporte_lazer,550,50,10,25
cama_mesa_banho,450,37,5,30
fashion_roupa_masculina,250,16,16,16
utilidades_domesticas,1250,16,16,25
moveis_decoracao,2750,25,26,18
automotivo,3100,32,12,22
cama_mesa_banho,1800,16,10,16
automotivo,350,16,27,11
utilidades_domesticas,18750,44,93,30
papelaria,425,18,14,16
livros_importados,950,29,3,21
beleza_saude,100,16,5,11
utilidades_domesticas,2200,32,24,32
esporte_lazer,1417,19,19,19
informatica_acessorios,900,28,29,12
esporte_lazer,30000,90,60,50
cama_mesa_banho,3300,40,15,35
cool_stuff,1850,18,23,26
cama_mesa_banho,2600,35,9,33
papelaria,300,25,3,15
beleza_saude,200,17,5,12
moveis_escritorio,30000,48,45,56
beleza_saude,1145,19,18,15
moveis_decoracao,250,16,5,20
perfumaria,225,16,11,11
utilidades_domesticas,600,35,30,16
utilidades_domesticas,700,35,2,35
cama_mesa_banho,25,45,18,35
esporte_lazer,30000,105,70,20
relogios_presentes,275,16,8,12
cama_mesa_banho,900,25,5,25
cama_mesa_banho,1350,34,7,32
ferramentas_jardim,350,21,21,14
brinquedos,950,25,19,20
utilidades_domesticas,250,16,22,16
agro_industria_e_comercio,12850,41,42,47
utilidades_domesticas,1050,24,32,24
esporte_lazer,50,20,20,20
bebes,200,25,10,25
moveis_decoracao,1200,40,8,40
audio,526,20,12,16
esporte_lazer,1160,23,18,22
esporte_lazer,200,26,14,14
malas_acessorios,1600,32,12,25
automotivo,150,16,15,14
telefonia_fixa,150,16,4,13
moveis_decoracao,2,11,11,52
brinquedos,1433,41,20,38
cama_mesa_banho,650,28,2,23
relogios_presentes,800,21,14,14
perfumaria,200,16,16,11
beleza_saude,300,34,4,15
bebidas,175,20,15,15
automotivo,175,18,11,14
malas_acessorios,875,13,32,46
consoles_games,1150,46,7,33
moveis_escritorio,8267,52,52,17
automotivo,800,25,25,25
ferramentas_jardim,250,23,3,11
brinquedos,1100,62,12,22
pet_shop,250,16,12,14
utilidades_domesticas,400,35,11,20
esporte_lazer,200,18,7,14
esporte_lazer,8900,63,75,11
bebes,3350,36,30,19
beleza_saude,400,16,24,16
consoles_games,200,16,5,12
instrumentos_musicais,750,22,9,57
cama_mesa_banho,3400,34,8,38
brinquedos,200,17,5,12
informatica_acessorios,107,19,13,13
brinquedos,925,20,41,15
relogios_presentes,475,19,15,15
utilidades_domesticas,1125,36,43,36
utilidades_domesticas,300,27,9,19
brinquedos,400,19,15,11
utilidades_domesticas,400,16,16,15
livros_interesse_geral,700,25,15,20
brinquedos,1200,23,41,16
fashion_bolsas_e_acessorios,100,16,8,11
moveis_decoracao,28800,60,60,60
papelaria,1100,16,10,15
moveis_decoracao,2000,30,30,20
fashion_calcados,1500,33,13,20
brinquedos,550,47,20,30
beleza_saude,150,20,20,20
moveis_escritorio,11950,58,21,56
automotivo,200,25,8,18
eletronicos,200,22,5,11
esporte_lazer,12478,105,15,25
beleza_saude,2425,28,17,17
bebidas,800,29,11,26
pet_shop,1650,42,22,32
automotivo,300,40,4,30
beleza_saude,6900,26,26,26
eletrodomesticos,425,39,14,32
beleza_saude,900,17,19,15
automotivo,350,17,6,12
moveis_decoracao,3000,53,8,11
cama_mesa_banho,700,16,40,30
moveis_decoracao,800,60,7,14
esporte_lazer,5700,20,6,13
utilidades_domesticas,1350,28,34,30
moveis_decoracao,5400,34,50,34
esporte_lazer,225,17,17,17
esporte_lazer,5900,35,28,32
cama_mesa_banho,8500,54,20,47
eletronicos,190,22,12,16
informatica_acessorios,250,16,16,11
esporte_lazer,500,16,11,12
esporte_lazer,3100,23,23,23
relogios_presentes,425,18,12,14
climatizacao,275,18,14,18
cama_mesa_banho,1400,45,3,35
alimentos,5150,26,28,24
perfumaria,251,18,11,15
informatica_acessorios,675,50,5,20
esporte_lazer,1800,20,31,16
moveis_decoracao,150,19,7,16
esporte_lazer,421,16,13,16
brinquedos,1600,17,30,50
ferramentas_jardim,2900,67,3,31
automotivo,2750,32,3,26
utilidades_domesticas,1000,20,20,20
cama_mesa_banho,13650,50,50,50
utilidades_domesticas,1287,32,25,35
papelaria,550,20,20,20
utilidades_domesticas,450,40,40,40
brinquedos,600,28,6,20
informatica_acessorios,800,20,26,12
fraldas_higiene,200,22,8,16
relogios_presentes,300,16,13,13
moveis_decoracao,800,16,16,16
pet_shop,6000,51,26,26
utilidades_domesticas,1500,20,25,20
musica,1250,60,8,50
cool_stuff,2300,33,44,19
papelaria,200,25,11,11
esporte_lazer,1450,45,16,35
beleza_saude,694,17,12,14
automotivo,200,25,3,20
papelaria,750,25,50,40
pet_shop,300,16,5,11
instrumentos_musicais,900,16,6,26
esporte_lazer,1250,33,30,21
ferramentas_jardim,400,16,24,16
utilidades_domesticas,11800,45,28,45
fashion_calcados,1500,35,12,20
market_place,150,20,50,35
automotivo,4650,47,19,23
moveis_decoracao,600,16,40,30
automotivo,5200,36,28,28
alimentos_bebidas,750,31,15,26
casa_construcao,650,16,11,16
esporte_lazer,275,21,8,17
automotivo,1000,29,18,13
artes_e_artesanato,250,16,7,11
moveis_decoracao,1500,42,8,32
eletroportateis,30000,50,49,50
informatica_acessorios,200,16,12,11
moveis_decoracao,900,45,15,35
perfumaria,12600,50,50,30
bebes,700,25,10,25
papelaria,1128,19,39,32
eletroportateis,13300,60,40,40
perfumaria,478,19,16,19
informatica_acessorios,250,16,6,14
beleza_saude,500,16,2,11
automotivo,7450,53,43,11
moveis_decoracao,450,16,5,20
utilidades_domesticas,150,16,16,16
papelaria,8200,60,20,29
ferramentas_jardim,3650,25,7,25
esporte_lazer,1000,80,5,20
livros_tecnicos,1250,29,5,21
beleza_saude,375,16,3,11
brinquedos,1300,39,30,29
esporte_lazer,30000,25,96,79
informatica_acessorios,1100,28,10,20
informatica_acessorios,833,19,12,17
moveis_decoracao,12250,45,35,45
esporte_lazer,5000,68,13,50
cama_mesa_banho,4000,40,12,38
cama_mesa_banho,1400,47,21,41
construcao_ferramentas_construcao,150,20,4,20
eletrodomesticos,3500,55,19,46
bebes,850,23,14,28
ferramentas_jardim,1550,38,28,33
moveis_decoracao,800,62,3,52
moveis_decoracao,1500,42,10,32
moveis_cozinha_area_de_servico_jantar_e_jardim,16550,39,61,39
bebes,11100,38,47,44
cama_mesa_banho,1150,16,10,16
ferramentas_jardim,9150,33,8,33
papelaria,850,30,40,11
informatica_acessorios,700,31,16,16
pet_shop,900,16,18,14
beleza_saude,1550,16,16,16
beleza_saude,850,16,24,16
informatica_acessorios,740,26,15,19
utilidades_domesticas,4850,30,30,30
brinquedos,500,23,8,25
beleza_saude,525,21,16,13
moveis_sala,4950,50,10,50
beleza_saude,500,37,10,21
cama_mesa_banho,1075,29,27,18
pet_shop,1200,69,3,43
cama_mesa_banho,900,41,8,24
informatica_acessorios,1188,33,23,26
beleza_saude,2200,23,19,21
beleza_saude,300,26,17,20
construcao_ferramentas_construcao,5850,21,14,18
esporte_lazer,800,74,10,13
bebes,288,17,9,13
informatica_acessorios,200,16,16,11
moveis_decoracao,600,55,11,11
brinquedos,500,20,20,20
brinquedos,3865,40,35,35
telefonia,175,18,12,17
relogios_presentes,338,21,14,20
esporte_lazer,900,35,10,35
ferramentas_jardim,3900,32,32,20
casa_construcao,850,20,20,20
casa_construcao,1550,22,32,14
informatica_acessorios,1666,25,26,24
utilidades_domesticas,710,20,14,17
informatica_acessorios,1134,45,6,14
beleza_saude,257,19,11,14
esporte_lazer,2850,23,19,51
automotivo,450,30,16,16
esporte_lazer,2500,31,33,32
perfumaria,100,28,12,12
casa_conforto,200,16,16,16
fashion_bolsas_e_acessorios,100,16,2,20
brinquedos,700,23,25,11
moveis_sala,6100,55,13,51
brinquedos,1200,52,13,37
eletroportateis,6600,41,38,28
utilidades_domesticas,1100,20,25,25
eletronicos,200,16,4,11
malas_acessorios,4300,30,55,40
automotivo,30000,35,50,35
utilidades_domesticas,400,16,17,12
beleza_saude,200,18,9,12
cool_stuff,2500,53,63,15
consoles_games,400,16,6,21
moveis_decoracao,3600,40,8,35
utilidades_domesticas,50,26,4,19
cool_stuff,400,16,19,15
bebes,7450,45,25,45
informatica_acessorios,350,20,2,26
construcao_ferramentas_construcao,450,20,10,15
cama_mesa_banho,2500,47,21,41
esporte_lazer,450,20,35,20
cama_mesa_banho,2450,45,15,35
moveis_escritorio,16450,63,62,24
malas_acessorios,16050,60,40,40
bebes,950,39,16,40
cool_stuff,1050,36,16,24
brinquedos,2150,37,44,30
moveis_decoracao,6600,35,38,35
informatica_acessorios,250,32,5,16
casa_conforto,6500,50,30,40
cama_mesa_banho,1383,50,10,40
consoles_games,200,17,4,13
malas_acessorios,1150,40,10,35
moveis_decoracao,450,16,6,11
bebes,600,20,8,14
automotivo,750,60,8,33
perfumaria,425,21,21,18
cool_stuff,1700,20,20,40
informatica_acessorios,500,16,15,15
construcao_ferramentas_jardim,3275,21,16,21
utilidades_domesticas,1600,25,10,20
utilidades_domesticas,9800,31,61,31
informatica_acessorios,150,18,16,13
fashion_roupa_masculina,900,40,6,35
relogios_presentes,401,17,11,14
moveis_decoracao,530,50,23,16
fashion_bolsas_e_acessorios,350,16,2,11
moveis_decoracao,4800,62,6,62
beleza_saude,1500,19,29,18
utilidades_domesticas,1750,30,30,30
cama_mesa_banho,1350,40,40,40
consoles_games,400,21,10,13
consoles_games,483,24,17,23
papelaria,4900,22,50,30
alimentos_bebidas,250,16,16,16
informatica_acessorios,300,16,6,17
audio,290,19,16,18
brinquedos,1400,41,13,20
fashion_underwear_e_moda_praia,300,25,16,11
esporte_lazer,4200,31,33,32
construcao_ferramentas_jardim,400,25,25,25
esporte_lazer,2700,20,15,15
automotivo,5600,78,4,47
telefonia,1158,25,15,23
eletroportateis,518,29,19,23
moveis_decoracao,2000,36,4,30
ferramentas_jardim,2350,24,10,35
automotivo,50,32,2,24
instrumentos_musicais,900,19,19,14
perfumaria,475,23,9,15
cama_mesa_banho,1200,36,8,26
utilidades_domesticas,2500,50,11,24
automotivo,850,30,30,30
utilidades_domesticas,2500,30,6,30
beleza_saude,300,23,7,15
beleza_saude,200,27,8,13
cool_stuff,1950,33,44,19
utilidades_domesticas,530,17,15,19
papelaria,400,25,11,14
informatica_acessorios,150,18,8,16
esporte_lazer,4800,50,14,33
brinquedos,2200,31,65,19
papelaria,325,23,21,26
beleza_saude,300,16,4,13
cama_mesa_banho,400,25,25,20
perfumaria,100,18,10,13
informatica_acessorios,200,33,4,27
cama_mesa_banho,400,60,8,50
moveis_decoracao,10375,69,8,69
eletroportateis,6200,30,22,62
papelaria,350,20,20,11
brinquedos,1100,53,9,32
bebes,30000,81,50,50
utilidades_domesticas,2800,20,60,20
cool_stuff,5000,40,27,37
fashion_bolsas_e_acessorios,100,16,5,20
beleza_saude,600,26,9,21
climatizacao,2150,45,20,21
informatica_acessorios,350,19,7,14
cama_mesa_banho,1544,47,15,40
moveis_escritorio,11600,58,20,58
beleza_saude,320,30,6,12
cama_mesa_banho,2400,16,50,40
cama_mesa_banho,450,45,5,37
beleza_saude,875,18,12,12
market_place,250,19,14,16
eletrodomesticos,300,26,11,11
informatica_acessorios,153,35,19,10
esporte_lazer,950,20,20,30
informatica_acessorios,250,16,4,19
papelaria,475,40,35,26
malas_acessorios,550,32,42,12
moveis_decoracao,500,65,8,13
pet_shop,7300,45,28,45
informatica_acessorios,275,13,13,13
brinquedos,21600,35,60,40
cama_mesa_banho,950,30,16,16
cama_mesa_banho,0,30,25,30
ferramentas_jardim,1300,35,10,30
perfumaria,450,30,13,23
cama_mesa_banho,7800,40,40,40
ferramentas_jardim,300,20,20,20
ferramentas_jardim,360,21,8,14
perfumaria,400,21,14,15
relogios_presentes,320,18,11,14
instrumentos_musicais,750,29,16,14
relogios_presentes,375,20,16,18
esporte_lazer,827,52,19,21
fashion_bolsas_e_acessorios,100,16,5,14
casa_construcao,400,17,20,17
telefonia,600,19,5,11
cama_mesa_banho,600,30,7,26
fashion_bolsas_e_acessorios,500,16,12,16
moveis_escritorio,16000,74,68,26
papelaria,250,27,3,11
brinquedos,2933,39,27,33
beleza_saude,200,16,25,15
utilidades_domesticas,800,21,7,21
esporte_lazer,700,22,15,22
relogios_presentes,350,19,11,16
papelaria,405,18,15,16
malas_acessorios,850,19,51,34
relogios_presentes,700,20,15,18
moveis_decoracao,19400,56,48,38
automotivo,100,18,17,15
utilidades_domesticas,4050,26,26,26
musica,200,20,2,15
instrumentos_musicais,125,16,3,12
cama_mesa_banho,2125,41,13,26
beleza_saude,543,23,24,22
audio,300,16,20,16
cama_mesa_banho,3700,40,15,40
eletrodomesticos_2,12000,80,15,58
beleza_saude,600,19,14,11
papelaria,6250,25,50,25
utilidades_domesticas,2350,16,20,11
beleza_saude,350,16,12,12
utilidades_domesticas,5100,34,51,34
eletroportateis,14700,37,60,37
utilidades_domesticas,1600,25,11,21
bebes,750,36,4,29
esporte_lazer,700,28,25,25
relogios_presentes,308,18,12,13
relogios_presentes,450,20,11,15
audio,250,27,5,20
cama_mesa_banho,2000,40,6,35
beleza_saude,550,30,10,17
pet_shop,300,28,17,21
brinquedos,700,35,16,25
bebes,8450,41,16,41
beleza_saude,1000,16,16,16
ferramentas_jardim,8300,50,22,40
beleza_saude,150,17,17,17
esporte_lazer,300,16,14,12
informatica_acessorios,300,38,8,18
bebes,300,20,15,15
cool_stuff,1900,87,8,11
pet_shop,5500,57,21,37
utilidades_domesticas,1283,33,22,32
cool_stuff,113,22,8,17
industria_comercio_e_negocios,2050,35,20,30
cama_mesa_banho,3250,31,51,16
esporte_lazer,3450,34,20,20
cama_mesa_banho,1450,55,14,43
ferramentas_jardim,900,32,13,17
automotivo,6400,20,20,20
fashion_roupa_masculina,400,35,35,15
automotivo,4150,45,20,45
eletronicos,500,17,9,25
esporte_lazer,7000,90,20,25
esporte_lazer,200,16,13,16
telefonia,150,19,5,12
esporte_lazer,500,18,14,18
ferramentas_jardim,2700,22,14,22
moveis_decoracao,5150,27,32,27
informatica_acessorios,945,25,14,33
cama_mesa_banho,6550,30,30,30
beleza_saude,100,16,12,12
cama_mesa_banho,850,37,23,35
brinquedos,1200,50,15,32
beleza_saude,200,16,13,13
beleza_saude,867,17,27,16
perfumaria,475,20,16,16
bebes,7500,32,77,49
utilidades_domesticas,350,17,12,12
moveis_decoracao,400,28,9,18
beleza_saude,363,20,19,19
construcao_ferramentas_construcao,617,21,10,21
cool_stuff,203,15,15,14
cama_mesa_banho,1800,43,8,33
brinquedos,550,50,10,25
telefonia,150,18,6,12
informatica_acessorios,813,32,16,16
bebes,300,27,2,16
utilidades_domesticas,2075,46,14,26
perfumaria,400,16,7,12
eletronicos,100,16,6,14
fashion_calcados,1050,18,8,20
automotivo,2300,40,35,20
automotivo,150,34,3,17
utilidades_domesticas,6900,37,30,30
utilidades_domesticas,700,31,14,31
cama_mesa_banho,610,31,6,29
automotivo,83,17,6,12
automotivo,3000,42,19,25
utilidades_domesticas,525,18,22,16
perfumaria,463,19,16,18
livros_interesse_geral,300,20,10,30
pet_shop,275,29,10,34
consoles_games,600,20,15,20
informatica_acessorios,250,23,16,16
construcao_ferramentas_seguranca,150,17,7,17
bebes,4750,60,20,50
beleza_saude,150,16,5,11
cama_mesa_banho,1400,43,5,30
beleza_saude,1800,30,20,15
papelaria,50,24,7,14
moveis_decoracao,450,45,4,35
cama_mesa_banho,1100,35,15,25
papelaria,1750,53,4,43
moveis_decoracao,800,50,20,20
bebes,850,40,40,12
relogios_presentes,440,19,13,15
brinquedos,250,27,11,21
cama_mesa_banho,1100,48,8,39
cool_stuff,1400,30,4,30
cama_mesa_banho,1450,37,9,30
consoles_games,1325,26,8,14
telefonia,50,20,4,11
utilidades_domesticas,1840,90,4,43
pet_shop,900,30,33,30
beleza_saude,300,20,7,15
cama_mesa_banho,2800,43,8,36
beleza_saude,390,19,18,16
esporte_lazer,28450,65,105,25
cama_mesa_banho,1100,20,20,20
esporte_lazer,3300,78,20,38
relogios_presentes,125,18,11,14
casa_construcao,300,28,9,18
fashion_bolsas_e_acessorios,100,17,9,17
moveis_decoracao,800,16,14,14
bebes,1657,41,23,42
esporte_lazer,948,49,12,28
papelaria,700,37,6,29
esporte_lazer,3150,20,20,20
bebes,1900,39,16,40
construcao_ferramentas_construcao,8650,44,14,40
cama_mesa_banho,350,16,40,30
bebes,3600,36,40,33
relogios_presentes,400,18,12,18
relogios_presentes,305,17,12,15
esporte_lazer,600,16,23,11
informatica_acessorios,225,16,23,19
moveis_decoracao,450,16,26,14
informatica_acessorios,800,16,16,16
audio,300,16,16,16
fashion_roupa_feminina,600,16,2,20
ferramentas_jardim,267,17,14,16
telefonia,150,22,7,14
cama_mesa_banho,650,60,10,50
fashion_bolsas_e_acessorios,100,16,10,11
beleza_saude,800,20,7,20
informatica_acessorios,150,39,2,30
ferramentas_jardim,350,45,45,12
construcao_ferramentas_construcao,350,18,23,18
livros_interesse_geral,500,17,5,28
cama_mesa_banho,450,25,9,19
fashion_bolsas_e_acessorios,50,16,2,23
relogios_presentes,467,22,13,17
relogios_presentes,450,16,16,16
esporte_lazer,550,16,12,11
pet_shop,19800,74,40,40
pet_shop,150,20,10,11
cama_mesa_banho,6050,50,18,40
artes,4800,40,10,30
fashion_esporte,450,20,20,20
perfumaria,83,16,11,13
esporte_lazer,1500,21,26,21
cama_mesa_banho,600,28,6,23
cama_mesa_banho,1400,45,11,11
brinquedos,1600,38,26,40
cama_mesa_banho,1650,48,8,39
moveis_decoracao,600,18,30,15
esporte_lazer,3100,30,42,20
bebes,7550,42,25,15
cama_mesa_banho,1150,40,30,20
livros_importados,750,30,2,20
eletroportateis,150,16,12,16
utilidades_domesticas,350,22,10,16
fashion_bolsas_e_acessorios,600,16,5,11
esporte_lazer,1400,20,30,20
beleza_saude,900,36,51,15
cama_mesa_banho,1150,25,17,35
livros_tecnicos,400,26,2,19
moveis_decoracao,500,19,12,12
relogios_presentes,316,17,11,12
relogios_presentes,260,17,12,12
cama_mesa_banho,1500,45,15,35
papelaria,800,16,48,33
beleza_saude,2000,28,19,21
cama_mesa_banho,733,19,12,18
beleza_saude,417,20,9,13
brinquedos,760,30,28,21
moveis_decoracao,6600,70,4,55
brinquedos,350,25,16,16
ferramentas_jardim,2700,43,15,15
ferramentas_jardim,150,20,5,15
relogios_presentes,6213,22,14,16
esporte_lazer,185,18,15,15
informatica_acessorios,100,16,6,11
dvds_blu_ray,1000,20,16,14
eletrodomesticos_2,640,22,24,21
utilidades_domesticas,650,25,16,17
fashion_bolsas_e_acessorios,100,22,2,19
beleza_saude,600,20,6,20
moveis_decoracao,1500,30,5,20
informatica_acessorios,625,25,8,23
informatica_acessorios,2700,16,45,20
consoles_games,625,21,13,13
moveis_sala,10550,60,15,45
moveis_decoracao,1100,65,11,20
pet_shop,150,23,23,23
moveis_decoracao,10100,60,10,40
audio,1360,28,21,24
fashion_roupa_masculina,750,30,10,28
moveis_decoracao,20550,65,25,25
brinquedos,583,20,21,20
cama_mesa_banho,6410,50,26,44
esporte_lazer,500,23,4,13
moveis_decoracao,7400,40,38,40
esporte_lazer,125,15,9,16
informatica_acessorios,217,35,7,29
bebes,450,69,11,11
automotivo,2500,21,18,16
eletronicos,200,22,14,17
casa_conforto,1650,30,18,50
artes_e_artesanato,1900,19,16,16
fashion_bolsas_e_acessorios,100,16,6,13
brinquedos,600,25,30,20
instrumentos_musicais,100,16,9,11
utilidades_domesticas,5200,50,23,27
utilidades_domesticas,150,16,9,11
utilidades_domesticas,12600,16,2,11
beleza_saude,800,34,15,38
perfumaria,550,16,16,22
moveis_decoracao,1000,16,31,16
moveis_decoracao,550,29,16,14
climatizacao,300,20,5,16
fashion_bolsas_e_acessorios,200,19,3,17
instrumentos_musicais,400,16,8,12
ferramentas_jardim,1000,30,15,30
cama_mesa_banho,750,39,3,27
automotivo,200,23,3,16
instrumentos_musicais,1000,40,40,30
utilidades_domesticas,450,16,25,11
sinalizacao_e_seguranca,1250,17,32,29
beleza_saude,2000,33,25,33
beleza_saude,204,18,18,18
relogios_presentes,600,18,9,15
consoles_games,200,19,4,11
telefonia_fixa,804,17,13,14
beleza_saude,500,16,18,11
automotivo,15850,56,15,15
brinquedos,1200,40,28,28
moveis_sala,18700,50,65,50
esporte_lazer,9450,85,10,33
moveis_decoracao,1525,39,15,15
moveis_decoracao,2000,40,40,11
consoles_games,157,17,8,13
eletronicos,100,17,8,12
moveis_decoracao,11750,53,42,38
brinquedos,900,20,20,22
cama_mesa_banho,815,16,50,40
construcao_ferramentas_seguranca,300,17,7,17
moveis_sala,29600,50,60,65
esporte_lazer,1950,25,45,25
ferramentas_jardim,1000,33,14,14
audio,530,19,14,15
informatica_acessorios,150,36,2,28
malas_acessorios,7700,18,64,40
informatica_acessorios,5400,44,44,24
informatica_acessorios,300,23,5,15
eletrodomesticos,15875,54,46,32
instrumentos_musicais,1850,25,10,30
telefonia,296,16,9,22
informatica_acessorios,275,16,5,20
moveis_decoracao,1100,30,20,30
esporte_lazer,100,16,16,11
pet_shop,15700,81,19,60
utilidades_domesticas,1683,25,22,22
fashion_bolsas_e_acessorios,800,20,10,20
utilidades_domesticas,9550,29,66,29
utilidades_domesticas,1250,23,26,20
informatica_acessorios,250,25,5,19
moveis_decoracao,1100,27,18,27
automotivo,100,20,10,20
alimentos_bebidas,200,33,21,27
cool_stuff,11000,40,40,40
utilidades_domesticas,675,18,21,16
telefonia,250,16,16,16
moveis_decoracao,1550,105,3,70
pet_shop,500,16,5,11
brinquedos,275,20,7,13
esporte_lazer,1400,34,16,23
beleza_saude,300,18,18,18
utilidades_domesticas,1205,31,15,23
portateis_casa_forno_e_cafe,400,20,11,11
agro_industria_e_comercio,600,30,15,15
moveis_escritorio,9225,53,53,18
esporte_lazer,1000,51,16,11
cama_mesa_banho,1200,40,7,34
cama_mesa_banho,733,28,2,23
ferramentas_jardim,1900,20,20,20
automotivo,100,17,10,15
esporte_lazer,14000,105,18,18
utilidades_domesticas,500,105,19,13
moveis_decoracao,900,16,16,16
beleza_saude,500,18,16,14
cama_mesa_banho,533,54,6,37
papelaria,150,16,10,15
moveis_decoracao,900,86,4,11
brinquedos,800,16,30,16
eletronicos,300,19,6,13
beleza_saude,575,25,13,14
relogios_presentes,850,18,12,15
moveis_decoracao,7950,65,7,65
perfumaria,550,24,8,15
bebidas,2000,19,38,19
esporte_lazer,1000,23,21,21
brinquedos,450,18,12,12
automotivo,1900,48,10,40
automotivo,3225,39,14,26
automotivo,22900,87,40,30
automotivo,723,23,15,15
perfumaria,5446,21,14,18
construcao_ferramentas_construcao,2450,35,27,29
moveis_decoracao,1600,32,12,30
informatica_acessorios,600,18,9,16
cama_mesa_banho,6450,30,30,30
bebes,200,20,10,20
cool_stuff,187,17,13,14
moveis_quarto,9000,59,9,37
automotivo,700,80,4,11
malas_acessorios,950,12,32,46
esporte_lazer,2600,16,50,16
informatica_acessorios,375,20,10,16
utilidades_domesticas,350,20,8,13
relogios_presentes,350,18,12,16
beleza_saude,2550,16,14,15
telefonia,200,16,2,12
papelaria,850,16,4,11
casa_construcao,9500,30,35,30
utilidades_domesticas,250,20,13,16
utilidades_domesticas,200,30,10,20
fashion_underwear_e_moda_praia,400,17,9,27
ferramentas_jardim,13300,46,40,46
beleza_saude,1750,23,23,23
moveis_decoracao,1450,25,20,20
malas_acessorios,1500,41,15,29
la_cuisine,2200,84,12,15
utilidades_domesticas,5550,38,14,14
climatizacao,6750,59,17,37
brinquedos,900,40,12,30
moveis_decoracao,1250,28,9,21
papelaria,400,40,20,20
consoles_games,200,17,2,12
utilidades_domesticas,900,45,10,38
utilidades_domesticas,6250,48,30,32
fashion_bolsas_e_acessorios,300,16,16,11
moveis_decoracao,30000,60,70,60
beleza_saude,100,19,7,12
bebes,987,25,25,25
utilidades_domesticas,500,16,18,17
consoles_games,600,30,20,30
informatica_acessorios,250,39,2,30
cool_stuff,50,61,61,61
moveis_decoracao,300,16,26,20
moveis_escritorio,13800,39,13,102
papelaria,3499,29,37,30
moveis_escritorio,10725,57,55,22
brinquedos,400,25,15,30
eletrodomesticos,300,20,13,12
automotivo,600,60,8,40
instrumentos_musicais,990,30,9,13
papelaria,6050,38,30,28
informatica_acessorios,400,23,7,15
beleza_saude,54,22,2,15
construcao_ferramentas_jardim,3300,28,28,23
utilidades_domesticas,950,27,14,18
automotivo,5850,78,4,47
utilidades_domesticas,2700,42,14,12
ferramentas_jardim,350,25,5,16
eletronicos,7738,58,28,40
malas_acessorios,20500,60,40,40
bebes,6200,75,15,50
brinquedos,7400,60,18,40
pet_shop,4300,53,20,33
moveis_decoracao,2600,69,11,11
informatica_acessorios,225,16,19,20
relogios_presentes,383,19,12,15
construcao_ferramentas_construcao,800,25,16,16
cool_stuff,2000,28,19,21
cama_mesa_banho,1350,45,10,55
esporte_lazer,400,17,6,11
utilidades_domesticas,2150,30,19,25
beleza_saude,367,16,14,13
consoles_games,225,16,6,11
automotivo,950,32,6,29
construcao_ferramentas_construcao,1050,35,30,21
beleza_saude,300,26,26,11
informatica_acessorios,400,16,8,11
bebes,83,19,8,12
beleza_saude,383,18,12,12
moveis_decoracao,700,100,5,20
cool_stuff,200,24,4,18
livros_interesse_geral,250,22,2,15
utilidades_domesticas,1750,16,31,12
beleza_saude,1400,23,13,23
esporte_lazer,4147,35,29,16
cama_mesa_banho,850,45,15,25
eletrodomesticos,11100,16,16,11
musica,1100,16,2,11
papelaria,250,16,4,13
construcao_ferramentas_seguranca,53,18,13,16
informatica_acessorios,600,60,16,11
brinquedos,6350,37,27,37
brinquedos,700,20,30,31
cama_mesa_banho,975,25,25,25
cama_mesa_banho,950,53,10,36
automotivo,2950,28,5,30
bebes,1150,35,17,44
utilidades_domesticas,275,18,18,30
bebes,100,25,4,15
cama_mesa_banho,350,105,20,20
esporte_lazer,400,25,8,18
utilidades_domesticas,11350,43,35,34
informatica_acessorios,250,35,8,18
brinquedos,484,25,16,18
automotivo,150,25,15,15
eletronicos,150,24,8,12
bebidas,1400,18,32,22
consoles_games,998,27,13,24
ferramentas_jardim,900,30,20,35
papelaria,850,40,15,30
papelaria,1100,30,20,40
utilidades_domesticas,2200,16,21,11
moveis_decoracao,5300,30,35,30
beleza_saude,1050,27,25,19
cama_mesa_banho,800,37,23,35
cool_stuff,2300,22,29,16
livros_interesse_geral,350,30,5,30
livros_interesse_geral,600,23,7,16
informatica_acessorios,100,19,5,13
livros_tecnicos,150,22,2,15
cool_stuff,16900,39,62,34
automotivo,1550,42,19,25
papelaria,1050,16,10,50
pet_shop,500,16,15,15
market_place,200,22,6,14
bebes,500,30,10,30
automotivo,1050,30,15,25
bebes,1250,42,25,15
brinquedos,900,17,40,14
esporte_lazer,1100,100,15,30
cama_mesa_banho,22200,56,38,48
pet_shop,5400,55,25,16
malas_acessorios,750,46,10,33
relogios_presentes,350,21,14,14
perfumaria,400,35,15,25
informatica_acessorios,750,28,22,16
perfumaria,350,18,11,20
consoles_games,300,20,30,20
esporte_lazer,300,19,12,16
papelaria,500,25,15,20
utilidades_domesticas,1400,32,14,28
pet_shop,1050,25,20,20
moveis_decoracao,9550,35,45,45
malas_acessorios,1400,55,40,25
utilidades_domesticas,1150,103,4,34
ferramentas_jardim,450,20,15,20
telefonia,1700,16,4,11
dvds_blu_ray,2150,30,5,20
ferramentas_jardim,3550,52,11,20
artigos_de_natal,1950,40,80,11
perfumaria,600,16,2,11
informatica_acessorios,1050,32,12,20
cama_mesa_banho,300,25,8,19
beleza_saude,1050,43,9,23
esporte_lazer,1800,15,15,15
utilidades_domesticas,1150,25,25,16
fashion_underwear_e_moda_praia,200,19,9,27
utilidades_domesticas,5375,29,31,41
construcao_ferramentas_jardim,10500,38,17,33
automotivo,2050,41,31,31
beleza_saude,605,34,13,11
cool_stuff,550,22,6,22
beleza_saude,2050,25,16,22
bebes,1100,29,12,32
cama_mesa_banho,900,30,10,25
brinquedos,550,22,12,17
pet_shop,200,16,2,11
alimentos_bebidas,1250,16,35,11
utilidades_domesticas,681,39,7,28
brinquedos,150,16,7,20
brinquedos,350,19,13,14
automotivo,623,18,16,16
papelaria,300,16,12,12
esporte_lazer,100,25,5,15
utilidades_domesticas,900,38,9,21
utilidades_domesticas,3250,35,55,25
cama_mesa_banho,3367,67,16,48
bebes,850,30,7,30
automotivo,475,17,18,16
beleza_saude,125,21,12,11
utilidades_domesticas,1850,25,21,21
esporte_lazer,478,49,10,25
moveis_decoracao,300,16,22,16
esporte_lazer,201,21,19,18
relogios_presentes,375,18,12,13
relogios_presentes,450,16,12,11
moveis_decoracao,800,30,12,30
eletrodomesticos_2,6350,55,10,67
automotivo,6050,56,11,32
construcao_ferramentas_construcao,1100,40,37,35
relogios_presentes,1400,32,7,32
perfumaria,1250,26,21,20
informatica_acessorios,450,20,30,30
malas_acessorios,250,20,3,20
relogios_presentes,600,18,8,13
utilidades_domesticas,250,30,30,30
beleza_saude,2000,90,8,15
esporte_lazer,2050,32,18,18
ferramentas_jardim,400,30,7,23
malas_acessorios,11700,54,25,37
moveis_decoracao,5350,52,6,52
beleza_saude,1450,16,16,15
construcao_ferramentas_construcao,2050,23,8,23
informatica_acessorios,167,17,8,14
perfumaria,550,25,8,14
esporte_lazer,9950,105,15,25
relogios_presentes,700,16,11,11
relogios_presentes,700,21,14,14
bebes,1150,18,18,11
casa_construcao,9150,50,105,15
utilidades_domesticas,500,50,15,12
informatica_acessorios,150,16,10,11
cama_mesa_banho,550,32,5,30
moveis_decoracao,400,21,5,15
utilidades_domesticas,30000,60,70,60
livros_interesse_geral,400,16,2,11
moveis_decoracao,900,24,5,20
relogios_presentes,191,17,15,14
beleza_saude,2033,22,12,17
utilidades_domesticas,1110,20,20,18
moveis_decoracao,7500,53,16,53
beleza_saude,400,19,12,14
perfumaria,583,28,14,19
artigos_de_natal,4650,50,8,45
audio,300,17,17,17
brinquedos,704,25,22,23
instrumentos_musicais,5400,40,24,29
bebes,1836,33,28,20
esporte_lazer,350,30,16,16
moveis_decoracao,100,35,2,25
ferramentas_jardim,300,16,20,16
cama_mesa_banho,800,20,16,20
esporte_lazer,100,17,15,16
esporte_lazer,491,19,12,16
pet_shop,13700,35,40,60
brinquedos,250,24,8,16
automotivo,1600,20,20,20
utilidades_domesticas,2300,44,8,32
eletroportateis,1200,35,35,35
beleza_saude,150,16,10,11
esporte_lazer,1800,16,7,11
pet_shop,200,20,18,18
construcao_ferramentas_ferramentas,150,29,8,15
ferramentas_jardim,600,17,17,12
utilidades_domesticas,450,37,3,12
ferramentas_jardim,1200,27,3,15
esporte_lazer,1475,28,18,19
bebes,650,21,10,15
construcao_ferramentas_construcao,2200,30,20,25
malas_acessorios,750,81,6,11
moveis_decoracao,400,22,22,11
esporte_lazer,1500,22,27,22
la_cuisine,12500,83,21,43
papelaria,1250,38,30,28
informatica_acessorios,225,25,9,29
esporte_lazer,200,26,2,21
cama_mesa_banho,1800,44,16,34
moveis_decoracao,4100,50,20,40
esporte_lazer,2800,20,22,22
perfumaria,700,25,12,25
cama_mesa_banho,3100,37,10,40
esporte_lazer,700,25,20,20
bebes,12467,35,57,52
eletrodomesticos_2,21100,48,44,62
beleza_saude,3300,24,35,16
informatica_acessorios,1400,17,10,12
esporte_lazer,100,16,3,11
moveis_decoracao,4800,40,25,40
beleza_saude,1150,16,20,20
artigos_de_festas,200,28,16,26
papelaria,450,16,10,11
esporte_lazer,150,16,8,12
papelaria,350,101,15,15
moveis_decoracao,2100,40,10,70
telefonia,300,19,4,11
cool_stuff,1650,35,44,19
moveis_decoracao,600,19,13,12
esporte_lazer,375,21,16,12
eletronicos,15750,70,90,20
automotivo,1900,25,15,20
cama_mesa_banho,1050,40,10,30
beleza_saude,2300,28,14,20
cama_mesa_banho,24300,50,50,40
papelaria,1100,31,39,16
moveis_escritorio,2750,16,36,36
cama_mesa_banho,1150,40,5,29
eletroportateis,3567,35,9,27
moveis_colchao_e_estofado,30000,60,56,60
automotivo,250,18,15,15
moveis_decoracao,600,100,5,11
papelaria,1200,21,48,31
consoles_games,422,21,7,15
artigos_de_festas,450,28,9,19
telefonia,225,16,19,18
utilidades_domesticas,800,46,10,35
cama_mesa_banho,2800,42,10,36
cama_mesa_banho,1000,25,5,25
cama_mesa_banho,1600,45,15,35
papelaria,1600,18,40,30
utilidades_domesticas,3900,81,7,50
cama_mesa_banho,1450,34,12,40
utilidades_domesticas,10000,61,31,31
beleza_saude,454,19,15,15
papelaria,175,18,14,22
ferramentas_jardim,850,24,9,26
papelaria,7900,35,55,25
cool_stuff,217,20,16,18
relogios_presentes,800,19,17,18
alimentos,600,22,10,16
automotivo,1750,16,16,16
moveis_decoracao,1200,30,23,30
esporte_lazer,2300,21,21,21
cama_mesa_banho,1550,33,8,22
moveis_decoracao,390,38,10,38
esporte_lazer,300,20,11,11
malas_acessorios,950,27,10,28
moveis_decoracao,750,29,13,14
fashion_roupa_masculina,400,16,2,20
papelaria,825,22,32,22
esporte_lazer,391,21,19,17
utilidades_domesticas,30000,60,65,60
construcao_ferramentas_ferramentas,2025,32,15,22
cool_stuff,200,14,13,12
moveis_decoracao,3950,36,20,26
utilidades_domesticas,2200,50,10,35
esporte_lazer,3600,32,24,24
papelaria,800,45,25,35
moveis_decoracao,1100,16,15,18
telefonia,262,17,12,14
relogios_presentes,500,18,12,17
esporte_lazer,1833,58,9,58
cama_mesa_banho,2100,40,15,40
moveis_decoracao,900,20,15,20
relogios_presentes,375,18,11,14
telefonia,100,18,7,16
pet_shop,650,21,18,20
malas_acessorios,1400,43,27,43
esporte_lazer,2200,27,32,17
moveis_decoracao,500,16,5,12
moveis_decoracao,300,16,14,14
papelaria,5350,38,30,28
informatica_acessorios,400,16,4,11
construcao_ferramentas_seguranca,340,20,20,20
esporte_lazer,600,16,23,16
livros_tecnicos,300,28,2,18
cama_mesa_banho,21200,45,15,25
papelaria,100,16,20,20
moveis_cozinha_area_de_servico_jantar_e_jardim,5000,36,46,36
utilidades_domesticas,8600,36,25,35
livros_interesse_geral,1000,26,20,12
telefonia,450,16,16,16
brinquedos,500,16,20,15
eletrodomesticos_2,250,20,14,16
cama_mesa_banho,2700,53,21,42
esporte_lazer,1250,40,20,20
bebes,100,16,2,11
automotivo,150,16,5,11
beleza_saude,337,19,12,14
esporte_lazer,1067,20,7,15
artes,4500,40,10,30
telefonia,175,17,6,13
beleza_saude,388,19,13,18
informatica_acessorios,875,35,16,12
automotivo,2900,45,20,45
brinquedos,4000,30,45,25
beleza_saude,650,27,9,18
instrumentos_musicais,300,18,7,11
casa_construcao,700,26,9,24
fashion_roupa_masculina,300,35,30,20
cama_mesa_banho,850,45,15,30
utilidades_domesticas,500,16,10,12
papelaria,5450,26,30,28
cool_stuff,400,17,9,12
esporte_lazer,2500,42,33,12
audio,450,17,8,12
perfumaria,1200,33,13,14
beleza_saude,1700,40,40,50
beleza_saude,750,25,20,18
cama_mesa_banho,1150,16,30,40
informatica_acessorios,1183,16,9,15
esporte_lazer,550,33,12,33
moveis_decoracao,700,19,19,19
pet_shop,450,38,4,38
beleza_saude,750,16,16,15
brinquedos,712,47,13,32
esporte_lazer,400,16,8,11
brinquedos,3200,29,29,33
utilidades_domesticas,5300,35,28,32
artigos_de_natal,4800,50,8,45
cama_mesa_banho,12150,45,40,32
beleza_saude,200,23,15,15
informatica_acessorios,800,31,16,16
artes_e_artesanato,210,25,10,15
papelaria,200,16,5,12
construcao_ferramentas_construcao,3550,16,30,15
esporte_lazer,575,21,16,11
esporte_lazer,200,28,5,14
relogios_presentes,500,18,13,16
automotivo,2375,37,26,22
papelaria,650,25,25,25
telefonia,175,22,4,12
automotivo,300,18,10,12
ferramentas_jardim,16700,46,40,46
telefonia_fixa,500,20,10,20
moveis_decoracao,14000,70,60,70
cama_mesa_banho,1000,20,10,15
malas_acessorios,2000,35,46,20
livros_tecnicos,200,22,22,12
livros_tecnicos,800,18,22,11
cool_stuff,9500,52,44,27
moveis_escritorio,10700,52,51,17
utilidades_domesticas,4850,16,35,35
moveis_decoracao,25100,70,60,60
moveis_decoracao,2000,16,56,11
utilidades_domesticas,750,16,26,11
moveis_decoracao,200,20,5,20
brinquedos,900,35,8,35
cool_stuff,100,20,16,16
cama_mesa_banho,300,20,12,20
automotivo,3400,45,20,45
moveis_decoracao,750,25,15,35
instrumentos_musicais,3700,20,20,20
bebes,1100,28,17,25
cama_mesa_banho,550,20,2,20
cama_mesa_banho,7500,17,50,49
cool_stuff,125,16,17,16
construcao_ferramentas_construcao,800,20,40,20
informatica_acessorios,100,16,16,11
moveis_decoracao,1700,40,15,35
climatizacao,6867,39,48,42
moveis_decoracao,1400,40,35,40
beleza_saude,224,16,13,15
cama_mesa_banho,3250,50,10,50
moveis_colchao_e_estofado,6600,45,25,35
utilidades_domesticas,6750,45,19,45
utilidades_domesticas,1245,58,12,60
cama_mesa_banho,800,25,15,20
cama_mesa_banho,100,16,26,26
casa_conforto,6050,40,20,40
moveis_cozinha_area_de_servico_jantar_e_jardim,17500,30,50,30
cool_stuff,200,16,20,20
utilidades_domesticas,2250,30,30,30
cama_mesa_banho,1150,28,26,23
telefonia,75,18,3,12
utilidades_domesticas,700,20,20,20
moveis_decoracao,3500,45,10,30
papelaria,450,25,15,28
utilidades_domesticas,1250,26,10,26
moveis_decoracao,16200,45,26,45
livros_tecnicos,4150,29,5,21
beleza_saude,390,19,12,17
ferramentas_jardim,300,16,22,11
eletrodomesticos,13800,35,46,35
esporte_lazer,483,26,10,14
utilidades_domesticas,850,42,11,22
ferramentas_jardim,12300,33,20,80
esporte_lazer,650,16,16,16
esporte_lazer,200,21,13,26
bebes,3550,37,22,40
pet_shop,19300,45,30,45
utilidades_domesticas,400,27,8,12
utilidades_domesticas,1550,30,20,20
brinquedos,1400,40,41,42
eletrodomesticos_2,6250,55,10,68
cama_mesa_banho,2000,35,10,25
papelaria,500,30,52,20
moveis_decoracao,1000,60,11,11
beleza_saude,1250,16,16,15
automotivo,150,18,6,16
brinquedos,2633,37,20,29
esporte_lazer,400,25,12,17
automotivo,100,20,2,15
papelaria,250,20,10,15
industria_comercio_e_negocios,400,20,8,17
cama_mesa_banho,533,52,6,40
cama_mesa_banho,700,60,10,50
pet_shop,250,25,20,20
construcao_ferramentas_construcao,1650,29,10,22
esporte_lazer,2000,16,50,16
bebes,8950,41,40,40
esporte_lazer,1350,26,18,18
pet_shop,600,16,16,11
cama_mesa_banho,264,17,14,16
informatica_acessorios,133,16,9,11
bebes,1400,44,6,36
utilidades_domesticas,3000,50,35,15
beleza_saude,517,25,13,16
papelaria,1000,33,32,38
fashion_bolsas_e_acessorios,600,20,8,20
utilidades_domesticas,2000,25,35,25
brinquedos,700,31,6,25
cama_mesa_banho,1400,55,10,40
climatizacao,16000,45,32,23
perfumaria,500,23,9,19
beleza_saude,1660,25,21,15
beleza_saude,250,24,11,11
perfumaria,388,19,12,14
cama_mesa_banho,950,44,3,33
relogios_presentes,700,16,12,12
informatica_acessorios,400,16,6,11
instrumentos_musicais,3100,38,99,14
alimentos_bebidas,600,16,16,11
perfumaria,650,16,13,16
cama_mesa_banho,1950,20,30,30
bebes,950,38,14,37
perfumaria,350,21,13,20
ferramentas_jardim,2550,42,8,19
utilidades_domesticas,2600,50,10,30
pet_shop,6350,50,30,30
fashion_roupa_masculina,600,20,20,20
eletronicos,100,22,5,14
moveis_decoracao,2000,35,9,25
telefonia,700,23,6,15
beleza_saude,700,16,17,11
bebes,700,50,5,40
informatica_acessorios,50,42,9,25
ferramentas_jardim,400,16,3,29
informatica_acessorios,375,26,8,18
moveis_decoracao,400,58,3,45
esporte_lazer,2380,32,30,23
moveis_decoracao,300,68,8,13
fashion_calcados,750,22,15,33
construcao_ferramentas_ferramentas,1150,22,10,9
papelaria,1525,25,34,37
bebes,600,24,13,18
cama_mesa_banho,5650,98,35,48
esporte_lazer,600,16,4,13
papelaria,750,16,10,50
telefonia,200,16,13,11
utilidades_domesticas,600,26,14,14
moveis_decoracao,2550,42,17,32
beleza_saude,450,30,10,17
informatica_acessorios,600,23,17,15
eletroportateis,17800,40,68,40
utilidades_domesticas,7450,23,80,12
beleza_saude,700,30,16,16
pet_shop,6300,60,25,25
esporte_lazer,900,60,15,15
consoles_games,200,25,5,15
construcao_ferramentas_construcao,2150,60,15,30
automotivo,850,17,17,15
utilidades_domesticas,7300,45,15,34
perfumaria,250,16,16,16
cool_stuff,8333,59,31,75
market_place,5350,16,50,45
fashion_bolsas_e_acessorios,100,19,2,17
brinquedos,300,25,35,20
cama_mesa_banho,4100,34,10,38
eletronicos,3717,30,14,34
informatica_acessorios,950,33,15,14
beleza_saude,900,25,19,14
pet_shop,200,16,8,15
beleza_saude,1250,30,10,17
perfumaria,200,17,9,20
cama_mesa_banho,1830,41,10,40
esporte_lazer,7450,101,16,32
casa_conforto,4050,45,15,35
utilidades_domesticas,1700,33,12,33
papelaria,200,18,12,22
beleza_saude,300,16,5,15
moveis_decoracao,400,20,20,20
ferramentas_jardim,200,16,14,14
cool_stuff,1400,25,21,21
brinquedos,400,45,15,35
esporte_lazer,5650,77,16,19
livros_tecnicos,300,21,2,14
automotivo,750,25,17,20
informatica_acessorios,1020,23,17,28
cama_mesa_banho,1150,37,23,35
perfumaria,2200,35,5,27
utilidades_domesticas,649,16,18,17
esporte_lazer,350,25,10,15
cool_stuff,200,16,3,13
moveis_decoracao,850,16,36,13
automotivo,100,32,2,24
ferramentas_jardim,850,27,8,24
informatica_acessorios,5275,45,27,31
telefonia,500,23,6,15
cool_stuff,943,24,16,29
cama_mesa_banho,7600,50,15,55
fashion_esporte,850,22,32,11
construcao_ferramentas_iluminacao,1450,30,32,11
beleza_saude,1150,24,20,16
construcao_ferramentas_construcao,3350,21,8,21
cool_stuff,1815,29,21,23
beleza_saude,438,21,19,19
utilidades_domesticas,11850,30,36,46
papelaria,9200,60,20,29
moveis_decoracao,350,24,2,24
moveis_decoracao,700,100,5,11
cama_mesa_banho,888,25,9,30
cama_mesa_banho,6350,30,30,30
fashion_underwear_e_moda_praia,550,17,9,27
esporte_lazer,150,28,5,14
informatica_acessorios,500,16,16,11
climatizacao,3450,40,13,15
bebes,450,32,7,20
beleza_saude,1000,24,19,25
cama_mesa_banho,7825,35,35,40
relogios_presentes,600,21,20,17
informatica_acessorios,927,22,13,28
construcao_ferramentas_seguranca,1340,32,14,27
cama_mesa_banho,14900,16,10,16
beleza_saude,250,20,10,15
moveis_sala,9150,87,10,56
relogios_presentes,550,16,11,11
pet_shop,8750,45,28,45
moveis_sala,7875,60,25,25
relogios_presentes,200,16,13,13
fashion_underwear_e_moda_praia,350,19,9,27
esporte_lazer,600,40,9,15
utilidades_domesticas,2200,48,25,25
audio,100,19,4,11
moveis_decoracao,700,20,35,35
automotivo,4600,71,4,44
beleza_saude,1600,20,40,20
ferramentas_jardim,475,18,11,16
informatica_acessorios,922,30,15,17
eletronicos,150,19,12,16
cama_mesa_banho,483,28,2,23
eletronicos,200,17,8,12
cama_mesa_banho,1600,40,15,35
brinquedos,750,17,23,17
alimentos,1213,36,12,31
automotivo,2200,30,25,30
informatica_acessorios,3765,44,22,52
cool_stuff,1900,96,5,45
perfumaria,250,17,8,11
moveis_decoracao,4000,60,18,48
esporte_lazer,175,16,5,11
utilidades_domesticas,2650,31,16,16
ferramentas_jardim,900,30,16,25
climatizacao,12200,65,65,18
ferramentas_jardim,2400,43,42,11
informatica_acessorios,150,16,6,11
utilidades_domesticas,1300,32,20,22
bebes,300,16,3,18
relogios_presentes,600,20,20,20
cama_mesa_banho,1350,39,18,39
papelaria,1225,32,52,19
automotivo,1650,32,22,11
alimentos,200,17,9,16
moveis_sala,5050,64,13,63
bebes,3350,55,10,40
consoles_games,550,20,30,20
cama_mesa_banho,833,30,18,27
pet_shop,450,20,50,20
brinquedos,1283,33,49,22
beleza_saude,717,17,16,15
eletrodomesticos_2,13850,35,95,25
livros_interesse_geral,300,23,3,16
utilidades_domesticas,700,20,12,12
perfumaria,525,22,14,23
eletronicos,2150,24,12,23
brinquedos,1600,28,36,27
informatica_acessorios,200,50,4,40
esporte_lazer,7150,35,35,35
cool_stuff,2500,50,8,36
telefonia,283,19,5,15
relogios_presentes,350,16,2,20
ferramentas_jardim,200,18,21,12
beleza_saude,900,31,20,20
cool_stuff,600,35,6,35
brinquedos,350,25,25,25
utilidades_domesticas,750,34,8,30
utilidades_domesticas,6125,40,23,25
brinquedos,167,17,14,16
automotivo,9650,55,35,30
instrumentos_musicais,13900,40,40,40
ferramentas_jardim,9000,42,12,39
papelaria,825,29,18,20
perfumaria,250,16,18,11
beleza_saude,550,33,7,11
perfumaria,350,16,6,19
brinquedos,350,45,30,30
instrumentos_musicais,650,26,10,22
cama_mesa_banho,2150,33,19,45
bebes,550,23,33,11
eletrodomesticos_2,2750,32,32,16
cool_stuff,2350,16,40,16
telefonia_fixa,300,19,5,12
informatica_acessorios,1000,31,13,20
cama_mesa_banho,1650,36,19,43
utilidades_domesticas,18150,50,50,41
automotivo,4950,53,43,11
utilidades_domesticas,400,18,4,12
automotivo,1050,19,20,17
cool_stuff,200,25,6,16
ferramentas_jardim,150,16,2,20
automotivo,5417,47,44,44
beleza_saude,3000,30,10,20
esporte_lazer,2400,16,16,16
moveis_decoracao,8200,30,35,30
brinquedos,300,30,17,24
utilidades_domesticas,11250,38,28,32
informatica_acessorios,1650,35,10,19
brinquedos,475,25,28,25
instrumentos_musicais,800,26,15,22
moveis_decoracao,8100,37,41,37
fashion_calcados,800,35,12,20
brinquedos,300,25,3,20
bebes,150,21,7,14
utilidades_domesticas,7800,33,35,33
informatica_acessorios,100,39,9,11
brinquedos,4850,50,12,50
papelaria,1100,27,10,20
bebes,329,20,28,50
cama_mesa_banho,850,32,5,30
construcao_ferramentas_construcao,4950,20,24,21
brinquedos,733,34,32,27
cama_mesa_banho,350,45,8,45
moveis_decoracao,26800,56,48,38
moveis_decoracao,500,16,5,11
esporte_lazer,145,18,9,14
industria_comercio_e_negocios,950,30,20,30
eletroportateis,4700,28,27,31
informatica_acessorios,400,19,5,12
construcao_ferramentas_construcao,4650,45,22,45
beleza_saude,1613,18,18,15
automotivo,7925,56,11,32
automotivo,1233,24,10,13
cool_stuff,2000,40,24,30
automotivo,100,17,9,11
casa_construcao,1000,40,40,40
cama_mesa_banho,850,34,23,42
telefonia,175,18,3,12
beleza_saude,2338,25,23,18
telefonia,225,16,3,11
eletrodomesticos,150,16,8,16
brinquedos,800,31,8,31
perfumaria,250,16,16,11
moveis_decoracao,2800,105,3,70
moveis_decoracao,1050,42,11,35
moveis_decoracao,950,16,25,20
consoles_games,900,30,15,22
artes_e_artesanato,200,16,6,16
moveis_decoracao,1950,85,9,20
casa_construcao,738,23,16,20
moveis_sala,1500,74,13,18
moveis_escritorio,9675,42,47,33
moveis_decoracao,1200,50,8,14
beleza_saude,950,43,9,23
cama_mesa_banho,27050,90,20,90
market_place,200,18,8,18
moveis_decoracao,9900,50,32,37
papelaria,450,18,10,11
informatica_acessorios,250,19,4,14
esporte_lazer,867,21,18,16
esporte_lazer,1350,31,33,31
portateis_casa_forno_e_cafe,2000,17,29,17
esporte_lazer,150,19,5,16
utilidades_domesticas,700,38,7,11
beleza_saude,850,16,35,11
papelaria,1300,17,7,12
cama_mesa_banho,683,35,14,21
perfumaria,200,16,5,15
cama_mesa_banho,1825,40,14,33
moveis_decoracao,3800,70,4,55
esporte_lazer,4450,34,29,11
utilidades_domesticas,800,23,10,23
brinquedos,900,38,24,38
informatica_acessorios,150,16,18,16
eletronicos,327,18,8,10
market_place,1175,54,10,33
audio,150,20,10,11
fashion_bolsas_e_acessorios,100,16,9,12
eletronicos,200,43,9,16
brinquedos,650,33,6,22
brinquedos,150,16,3,15
construcao_ferramentas_seguranca,9450,105,17,14
informatica_acessorios,300,16,4,18
utilidades_domesticas,7350,25,62,25
relogios_presentes,950,16,2,20
automotivo,250,40,4,30
eletrodomesticos,1150,55,19,46
moveis_decoracao,1600,54,8,20
papelaria,7200,60,20,29
construcao_ferramentas_construcao,20400,30,30,30
beleza_saude,2350,16,22,30
esporte_lazer,2950,32,24,22
construcao_ferramentas_construcao,450,19,5,13
utilidades_domesticas,585,17,14,17
malas_acessorios,150,20,20,20
cama_mesa_banho,1350,35,19,45
fashion_underwear_e_moda_praia,300,22,10,15
beleza_saude,700,26,5,15
ferramentas_jardim,1100,25,5,13
automotivo,1900,87,3,42
eletrodomesticos,200,34,13,12
eletrodomesticos,14850,35,46,35
automotivo,3150,23,4,21
bebes,1600,40,20,40
moveis_decoracao,3100,30,30,25
moveis_decoracao,750,30,8,20
utilidades_domesticas,350,21,21,15
esporte_lazer,850,40,28,25
esporte_lazer,1600,95,16,16
utilidades_domesticas,6800,40,19,35
eletrodomesticos_2,21800,53,44,53
fashion_underwear_e_moda_praia,600,16,5,11
brinquedos,5400,70,32,18
utilidades_domesticas,1150,16,30,12
market_place,3500,17,28,24
telefonia_fixa,800,18,22,18
cama_mesa_banho,11400,16,2,11
cama_mesa_banho,4000,45,15,35
automotivo,450,27,10,17
climatizacao,5100,26,26,46
esporte_lazer,5400,16,50,16
papelaria,1500,18,35,29
beleza_saude,433,24,13,17
utilidades_domesticas,1000,23,13,23
esporte_lazer,550,32,11,22
cama_mesa_banho,3900,45,15,35
pet_shop,150,16,20,16
fashion_bolsas_e_acessorios,450,19,27,27
moveis_decoracao,1550,37,10,20
cama_mesa_banho,3300,19,35,31
perfumaria,383,21,16,22
cama_mesa_banho,1625,40,5,30
brinquedos,760,26,16,20
bebes,6650,34,50,30
casa_conforto_2,1800,35,8,30
cool_stuff,50,16,5,11
esporte_lazer,550,90,15,15
moveis_decoracao,9500,50,42,32
brinquedos,6300,30,30,30
beleza_saude,2667,25,27,23
artes_e_artesanato,1025,21,9,21
instrumentos_musicais,200,16,4,11
informatica_acessorios,250,19,5,13
esporte_lazer,1050,30,25,25
artes,1700,65,6,50
relogios_presentes,1100,30,10,25
ferramentas_jardim,1100,18,8,13
brinquedos,2450,38,34,34
automotivo,200,20,20,20
bebes,28350,55,55,45
automotivo,525,18,13,17
beleza_saude,3500,32,22,32
moveis_decoracao,900,40,3,30
pet_shop,2000,28,20,20
moveis_decoracao,2200,16,43,26
esporte_lazer,1000,26,14,16
moveis_decoracao,1700,65,6,48
brinquedos,400,20,10,20
brinquedos,1000,32,30,16
brinquedos,1260,47,39,38
ferramentas_jardim,2450,23,9,29
ferramentas_jardim,483,15,16,13
eletroportateis,800,16,45,35
beleza_saude,650,22,12,22
esporte_lazer,3127,41,35,32
cama_mesa_banho,717,30,8,28
utilidades_domesticas,1550,45,10,35
esporte_lazer,750,30,30,30
pet_shop,1600,30,20,20
utilidades_domesticas,8350,40,28,40
ferramentas_jardim,2500,22,14,22
utilidades_domesticas,1550,35,14,27
papelaria,733,43,31,28
eletroportateis,650,19,23,20
utilidades_domesticas,24850,50,60,40
cool_stuff,2000,35,45,19
brinquedos,2300,40,8,40
moveis_decoracao,600,38,2,20
brinquedos,300,16,7,20
beleza_saude,250,18,9,12
beleza_saude,2638,23,25,22
utilidades_domesticas,435,16,35,11
utilidades_domesticas,1250,32,18,32
moveis_decoracao,1650,41,9,34
brinquedos,355,22,13,17
automotivo,1000,60,8,40
papelaria,700,30,10,20
automotivo,7500,30,30,40
beleza_saude,350,24,5,21
esporte_lazer,1200,16,25,16
pet_shop,650,16,54,15
cama_mesa_banho,3000,40,25,25
automotivo,8200,30,30,30
cool_stuff,1000,29,14,14
moveis_decoracao,300,22,4,11
beleza_saude,400,40,7,18
esporte_lazer,22700,32,40,54
fashion_bolsas_e_acessorios,700,43,30,48
eletroportateis,450,16,35,25
esporte_lazer,4600,26,22,22
utilidades_domesticas,600,20,16,16
fashion_bolsas_e_acessorios,500,16,9,11
moveis_decoracao,1800,105,8,35
utilidades_domesticas,17050,44,44,25
esporte_lazer,608,22,15,18
papelaria,1800,18,45,32
utilidades_domesticas,500,20,15,15
automotivo,850,16,10,16
esporte_lazer,411,22,15,20
beleza_saude,200,20,15,15
ferramentas_jardim,1250,22,21,16
utilidades_domesticas,2200,30,40,30
construcao_ferramentas_iluminacao,1350,36,10,36
cama_mesa_banho,1050,34,10,29
moveis_sala,4700,32,32,17
ferramentas_jardim,2700,34,37,12
instrumentos_musicais,30000,80,75,36
perfumaria,50,16,3,11
esporte_lazer,886,26,18,19
automotivo,2200,30,30,30
automotivo,150,16,19,15
telefonia,400,21,11,13
perfumaria,1100,33,13,22
cama_mesa_banho,5450,20,20,20
automotivo,166,22,7,14
utilidades_domesticas,1100,16,26,12
beleza_saude,2300,25,25,25
beleza_saude,5700,20,85,20
fashion_bolsas_e_acessorios,100,16,10,15
moveis_decoracao,900,36,6,26
esporte_lazer,1000,25,35,30
malas_acessorios,700,45,10,32
cool_stuff,5100,13,76,41
utilidades_domesticas,700,16,12,12
esporte_lazer,500,18,7,12
fashion_bolsas_e_acessorios,3100,62,20,40
moveis_decoracao,5200,52,6,52
moveis_decoracao,7000,43,35,50
utilidades_domesticas,350,30,5,20
automotivo,900,17,7,14
papelaria,650,24,6,21
esporte_lazer,2200,16,16,16
eletronicos,200,23,5,18
ferramentas_jardim,1000,25,9,27
bebes,650,20,13,19
perfumaria,200,18,14,12
esporte_lazer,1500,26,26,26
consoles_games,140,19,10,16
esporte_lazer,600,16,10,12
informatica_acessorios,1300,30,5,22
automotivo,650,25,18,22
informatica_acessorios,150,16,12,15
climatizacao,3200,40,15,20
consoles_games,700,18,12,18
musica,900,18,18,18
automotivo,250,30,10,16
casa_construcao,2200,40,20,22
automotivo,150,22,22,22
automotivo,880,49,25,46
cool_stuff,900,34,10,27
informatica_acessorios,1213,50,18,23
utilidades_domesticas,490,19,15,15
eletronicos,150,23,8,12
eletronicos,10575,20,18,16
perfumaria,600,19,17,19
eletrodomesticos,1800,65,8,38
malas_acessorios,6965,36,38,36
bebes,400,35,6,26
consoles_games,1500,33,25,11
automotivo,5000,61,34,36
moveis_sala,5500,62,17,27
instrumentos_musicais,2375,48,14,25
cama_mesa_banho,900,40,4,30
cool_stuff,2725,43,50,28
cool_stuff,700,34,10,27
esporte_lazer,441,21,20,16
malas_acessorios,900,25,50,30
beleza_saude,150,19,7,12
papelaria,1450,38,30,28
esporte_lazer,1300,80,8,15
instrumentos_musicais,2000,40,5,39
cama_mesa_banho,900,30,4,20
cama_mesa_banho,500,43,12,16
cama_mesa_banho,925,36,6,39
moveis_escritorio,12050,57,54,22
utilidades_domesticas,1000,16,30,27
moveis_decoracao,950,20,5,20
moveis_decoracao,700,80,10,60
cool_stuff,1250,40,40,30
cama_mesa_banho,1100,28,10,28
esporte_lazer,200,30,20,30
esporte_lazer,850,35,15,30
informatica_acessorios,2034,50,22,30
automotivo,200,20,4,16
moveis_cozinha_area_de_servico_jantar_e_jardim,1000,20,30,20
cama_mesa_banho,2300,45,16,45
fashion_esporte,250,18,12,12
papelaria,1500,50,20,50
perfumaria,550,22,12,17
esporte_lazer,13300,64,35,35
utilidades_domesticas,1000,21,23,20
automotivo,1100,18,15,15
utilidades_domesticas,1600,20,29,37
utilidades_domesticas,24400,44,93,30
beleza_saude,200,16,5,17
eletrodomesticos,8000,30,30,20
informatica_acessorios,775,25,20,14
moveis_escritorio,16250,57,55,22
moveis_escritorio,9550,57,54,22
cama_mesa_banho,1100,33,9,38
informatica_acessorios,300,20,20,20
brinquedos,5470,48,27,42
moveis_decoracao,18950,85,7,85
cama_mesa_banho,350,37,5,30
esporte_lazer,700,18,34,14
pet_shop,850,19,15,18
sinalizacao_e_seguranca,290,18,12,15
moveis_decoracao,300,45,15,35
informatica_acessorios,900,26,7,17
esporte_lazer,22850,19,16,19
papelaria,250,16,5,30
moveis_decoracao,2500,38,16,33
utilidades_domesticas,7900,62,28,28
utilidades_domesticas,8050,22,52,42
esporte_lazer,5950,20,30,80
moveis_sala,3200,30,11,30
eletronicos,133,19,13,14
market_place,750,25,35,25
papelaria,250,16,6,11
telefonia,200,25,5,16
livros_interesse_geral,650,18,25,11
cool_stuff,3200,48,19,19
utilidades_domesticas,500,36,4,28
moveis_escritorio,7463,56,64,35
fashion_bolsas_e_acessorios,250,16,16,13
eletronicos,7900,60,10,60
brinquedos,400,23,18,16
relogios_presentes,354,19,13,15
industria_comercio_e_negocios,3950,16,103,25
beleza_saude,250,35,3,12
brinquedos,350,16,10,12
esporte_lazer,13350,35,20,95
brinquedos,1050,28,35,16
relogios_presentes,4338,17,12,14
telefonia,100,18,18,18
automotivo,2900,61,8,61
esporte_lazer,975,32,15,36
consoles_games,580,20,9,19
eletronicos,233,16,15,9
cama_mesa_banho,300,45,15,35
esporte_lazer,1150,21,18,15
moveis_cozinha_area_de_servico_jantar_e_jardim,10950,16,82,50
pet_shop,1025,19,15,16
utilidades_domesticas,2700,37,18,28
bebes,800,25,10,25
relogios_presentes,900,18,12,15
brinquedos,5350,35,43,23
relogios_presentes,283,17,13,13
fashion_bolsas_e_acessorios,200,16,6,13
agro_industria_e_comercio,400,17,8,12
utilidades_domesticas,10050,45,15,30
utilidades_domesticas,3350,34,12,26
informatica_acessorios,7750,23,39,16
perfumaria,150,16,8,20
relogios_presentes,500,21,14,14
construcao_ferramentas_construcao,16400,52,53,35
construcao_ferramentas_construcao,10500,60,20,40
bebes,450,16,12,13
moveis_decoracao,4367,38,60,66
sinalizacao_e_seguranca,200,26,4,19
cama_mesa_banho,650,40,2,30
cool_stuff,550,16,2,11
brinquedos,401,19,8,16
informatica_acessorios,350,16,4,11
automotivo,50,17,4,17
informatica_acessorios,150,17,2,11
telefonia_fixa,800,23,6,23
papelaria,900,25,60,35
automotivo,100,25,3,14
utilidades_domesticas,3000,33,12,34
ferramentas_jardim,150,19,7,27
moveis_decoracao,3200,80,4,22
casa_construcao,5150,30,35,30
utilidades_domesticas,300,25,10,15
perfumaria,250,16,14,16
beleza_saude,500,19,12,13
construcao_ferramentas_construcao,3500,19,89,36
informatica_acessorios,300,19,5,13
malas_acessorios,1450,49,10,33
utilidades_domesticas,1350,30,30,30
telefonia,300,17,8,13
esporte_lazer,500,23,12,12
telefonia,267,17,5,13
automotivo,150,16,4,11
bebidas,140,23,14,15
moveis_decoracao,8450,30,45,40
cama_mesa_banho,2100,36,8,27
esporte_lazer,525,17,14,16
cama_mesa_banho,550,40,7,50
cama_mesa_banho,12850,60,20,40
automotivo,1200,20,20,20
perfumaria,450,32,12,17
informatica_acessorios,600,36,11,14
moveis_sala,950,61,13,25
beleza_saude,1400,16,35,11
perfumaria,500,21,14,15
utilidades_domesticas,1150,23,30,23
brinquedos,800,18,18,18
consoles_games,300,18,4,13
relogios_presentes,513,15,11,11
malas_acessorios,22600,37,80,60
papelaria,650,36,6,29
relogios_presentes,4381,18,14,14
brinquedos,1860,45,20,43
esporte_lazer,21300,19,40,19
consoles_games,4700,40,30,30
livros_tecnicos,900,25,3,18
informatica_acessorios,4000,22,12,22
climatizacao,7300,26,26,56
cama_mesa_banho,2200,35,10,35
pet_shop,200,27,9,27
consoles_games,800,26,17,26
eletrodomesticos,14150,35,46,35
eletronicos,150,22,6,16
brinquedos,1400,50,30,30
utilidades_domesticas,15250,80,20,33
pet_shop,500,13,10,10
cool_stuff,1600,40,24,30
papelaria,200,21,14,18
utilidades_domesticas,250,16,2,11
brinquedos,700,24,6,19
automotivo,5550,44,17,30
perfumaria,400,16,16,22
moveis_decoracao,1100,32,11,27
esporte_lazer,275,32,20,33
esporte_lazer,1550,62,18,15
informatica_acessorios,490,23,10,22
ferramentas_jardim,1200,16,6,11
casa_construcao,400,35,10,25
utilidades_domesticas,650,28,11,19
telefonia,83,18,5,11
papelaria,17750,50,18,34
automotivo,800,30,30,30
ferramentas_jardim,2825,29,29,29
beleza_saude,2650,26,11,23
esporte_lazer,29750,16,40,50
moveis_decoracao,3700,50,30,30
utilidades_domesticas,3900,20,15,30
utilidades_domesticas,3000,85,10,50
brinquedos,350,29,18,20
consoles_games,100,21,24,23
beleza_saude,550,30,12,15
automotivo,600,16,6,11
moveis_decoracao,400,35,10,25
papelaria,300,25,16,16
beleza_saude,400,30,6,12
moveis_escritorio,10025,57,55,22
beleza_saude,250,22,5,15
bebes,900,20,11,16
alimentos,1000,16,20,16
casa_construcao,2600,24,24,27
fashion_roupa_masculina,350,40,10,40
perfumaria,550,20,20,20
informatica_acessorios,825,32,14,16
utilidades_domesticas,7650,23,8,13
papelaria,803,25,17,20
utilidades_domesticas,10900,43,35,38
relogios_presentes,400,20,11,15
malas_acessorios,1500,18,53,30
relogios_presentes,250,20,10,18
industria_comercio_e_negocios,10750,52,12,32
cama_mesa_banho,1100,50,11,11
bebes,300,16,16,16
fashion_bolsas_e_acessorios,300,22,14,22
cool_stuff,600,40,5,30
utilidades_domesticas,5950,40,40,40
beleza_saude,1300,30,15,30
perfumaria,458,18,18,17
cool_stuff,450,30,6,30
automotivo,500,30,15,20
esporte_lazer,400,30,20,21
moveis_decoracao,5275,37,41,37
esporte_lazer,400,18,18,17
informatica_acessorios,4800,18,26,19
bebes,1350,37,7,30
pet_shop,1150,33,4,28
moveis_colchao_e_estofado,28300,40,46,35
informatica_acessorios,300,20,6,13
ferramentas_jardim,1680,29,24,35
esporte_lazer,6600,23,4,23
utilidades_domesticas,350,20,12,12
brinquedos,3100,16,40,23
fashion_bolsas_e_acessorios,150,16,9,20
livros_interesse_geral,500,18,27,11
fashion_roupa_masculina,850,45,10,35
moveis_decoracao,23700,66,42,66
brinquedos,300,16,7,21
utilidades_domesticas,200,28,29,19
telefonia,117,19,4,14
brinquedos,1600,36,28,27
construcao_ferramentas_jardim,4550,53,36,15
construcao_ferramentas_construcao,1450,20,8,20
cool_stuff,1150,36,16,24
automotivo,2600,30,70,20
brinquedos,1094,26,18,29
moveis_decoracao,23100,47,74,47
moveis_sala,4450,30,16,30
construcao_ferramentas_construcao,470,21,14,18
perfumaria,418,19,14,16
esporte_lazer,1699,22,11,15
telefonia,300,20,15,15
utilidades_domesticas,1291,23,23,20
beleza_saude,530,21,16,18
telefonia,600,23,7,15
moveis_decoracao,4300,25,90,45
beleza_saude,574,18,8,16
esporte_lazer,550,20,20,20
moveis_decoracao,575,26,16,14
cama_mesa_banho,1175,45,7,35
beleza_saude,750,27,9,18
moveis_decoracao,6950,72,6,72
informatica_acessorios,900,31,13,26
bebes,2350,35,35,30
cama_mesa_banho,1100,41,13,13
utilidades_domesticas,750,16,30,11
brinquedos,761,48,13,48
cama_mesa_banho,450,40,8,23
esporte_lazer,350,20,7,14
ferramentas_jardim,350,20,6,11
moveis_decoracao,1200,33,8,23
brinquedos,700,40,16,26
beleza_saude,2200,25,27,9
bebes,30000,84,54,45
cama_mesa_banho,1300,50,9,41
automotivo,500,25,25,25
moveis_escritorio,9650,57,55,22
livros_importados,850,33,2,23
ferramentas_jardim,2500,28,9,23
esporte_lazer,400,30,20,20
climatizacao,3342,39,26,21
ferramentas_jardim,650,19,17,19
cama_mesa_banho,19100,62,47,47
cama_mesa_banho,1200,37,9,30
informatica_acessorios,813,28,14,21
moveis_cozinha_area_de_servico_jantar_e_jardim,9800,50,65,35
cool_stuff,2000,50,40,30
papelaria,1300,24,47,39
utilidades_domesticas,10350,102,15,40
relogios_presentes,381,17,12,13
esporte_lazer,2600,30,30,20
cama_mesa_banho,6100,20,50,50
ferramentas_jardim,1250,50,50,50
esporte_lazer,1200,25,20,20
cool_stuff,900,40,40,30
pet_shop,107,17,9,14
pet_shop,250,16,7,11
esporte_lazer,550,19,16,16
beleza_saude,400,16,16,20
moveis_cozinha_area_de_servico_jantar_e_jardim,27150,100,25,65
beleza_saude,500,20,9,12
esporte_lazer,900,25,40,15
construcao_ferramentas_construcao,250,38,10,38
relogios_presentes,633,19,12,17
brinquedos,1100,32,32,12
cama_mesa_banho,1450,38,7,31
moveis_decoracao,12200,51,56,36
fashion_esporte,300,29,7,16
beleza_saude,575,18,11,16
artes,500,62,12,50
esporte_lazer,2800,36,20,29
brinquedos,350,20,20,21
moveis_decoracao,2050,20,15,20
informatica_acessorios,200,16,8,11
ferramentas_jardim,12100,100,30,30
brinquedos,250,18,18,35
perfumaria,488,24,15,20
moveis_decoracao,2150,36,31,19
relogios_presentes,867,20,7,14
brinquedos,233,17,10,19
beleza_saude,3267,31,25,23
telefonia,250,22,12,16
automotivo,1700,30,30,30
utilidades_domesticas,1300,16,31,29
eletroportateis,14850,34,57,53
beleza_saude,200,20,5,15
bebes,5000,40,10,40
malas_acessorios,1000,45,10,31
esporte_lazer,2450,32,22,22
consoles_games,500,20,12,16
cama_mesa_banho,250,25,15,25
moveis_decoracao,100,40,15,35
beleza_saude,1200,22,13,22
automotivo,1000,102,38,27
informatica_acessorios,1100,32,19,11
fashion_bolsas_e_acessorios,200,16,7,15
alimentos,800,20,20,20
automotivo,4875,73,5,41
moveis_decoracao,2300,95,5,65
brinquedos,600,36,12,37
perfumaria,675,19,13,13
informatica_acessorios,925,24,19,13
automotivo,300,20,15,15
perfumaria,75,23,16,16
papelaria,288,20,19,17
ferramentas_jardim,1450,32,15,25
esporte_lazer,2100,31,36,31
cama_mesa_banho,6800,45,36,19
moveis_escritorio,14925,53,54,18
telefonia,183,18,4,11
utilidades_domesticas,20150,55,29,28
market_place,1925,31,9,33
bebidas,333,17,16,16
cool_stuff,2100,42,25,15
bebes,250,17,7,24
utilidades_domesticas,1000,31,13,13
esporte_lazer,1150,31,29,29
esporte_lazer,150,24,5,16
ferramentas_jardim,7900,55,40,55
beleza_saude,650,16,2,11
moveis_cozinha_area_de_servico_jantar_e_jardim,11850,64,12,37
brinquedos,2733,37,61,29
bebes,9717,40,74,25
brinquedos,400,22,12,22
papelaria,100,18,2,11
relogios_presentes,522,20,13,16
utilidades_domesticas,450,20,15,15
automotivo,2450,72,4,44
cama_mesa_banho,2975,60,25,28
eletronicos,700,28,6,23
bebidas,2400,35,36,40
cama_mesa_banho,2250,37,10,37
instrumentos_musicais,4125,33,13,16
bebes,400,30,11,23
relogios_presentes,800,16,11,11
fashion_bolsas_e_acessorios,150,16,14,11
moveis_decoracao,500,40,12,25
cama_mesa_banho,1050,91,15,21
bebes,7698,41,39,46
cama_mesa_banho,10800,40,25,25
eletroportateis,488,22,21,15
cama_mesa_banho,1533,41,16,37
papelaria,50,16,5,16
beleza_saude,900,20,33,16
beleza_saude,2200,28,23,16
informatica_acessorios,464,23,13,26
informatica_acessorios,950,45,15,25
beleza_saude,1300,20,7,20
utilidades_domesticas,1500,17,20,17
automotivo,400,18,8,12
pet_shop,3400,44,15,27
automotivo,1350,68,9,35
moveis_decoracao,400,18,10,20
esporte_lazer,450,33,20,20
pet_shop,1650,48,31,26
cama_mesa_banho,783,23,6,16
beleza_saude,275,25,20,25
perfumaria,431,20,11,13
automotivo,2950,42,19,25
cama_mesa_banho,600,20,40,30
perfumaria,7150,35,35,35
brinquedos,9567,41,51,47
brinquedos,1400,25,36,25
cama_mesa_banho,3100,45,19,35
eletronicos,1207,20,10,20
automotivo,9275,56,11,32
esporte_lazer,150,16,20,11
moveis_quarto,11200,93,2,98
papelaria,250,51,15,15
relogios_presentes,300,23,15,19
automotivo,150,16,6,14
ferramentas_jardim,14500,45,45,40
construcao_ferramentas_construcao,550,26,17,17
cool_stuff,2000,42,25,15
esporte_lazer,1150,34,15,15
brinquedos,300,20,15,13
bebes,550,68,8,13
utilidades_domesticas,8700,36,44,27
esporte_lazer,2700,30,25,25
ferramentas_jardim,2130,25,19,24
construcao_ferramentas_construcao,1250,47,11,25
eletronicos,208,18,11,17
informatica_acessorios,888,20,15,13
automotivo,10500,38,31,16
cama_mesa_banho,10300,51,21,51
cool_stuff,1000,50,20,20
automotivo,7625,61,14,61
beleza_saude,100,39,14,11
fashion_bolsas_e_acessorios,75,18,20,12
malas_acessorios,18050,60,40,40
bebes,600,27,22,47
esporte_lazer,1771,29,22,30
bebes,150,19,9,12
cool_stuff,16100,82,77,15
beleza_saude,200,19,17,15
eletroportateis,2500,15,29,30
utilidades_domesticas,4000,50,12,35
perfumaria,367,23,12,16
esporte_lazer,700,100,19,19
esporte_lazer,400,25,25,25
moveis_decoracao,950,36,30,19
perfumaria,16050,70,102,12
utilidades_domesticas,316,19,14,18
livros_interesse_geral,1200,24,5,17
livros_interesse_geral,600,23,2,16
beleza_saude,1000,16,16,14
instrumentos_musicais,18000,105,30,40
livros_interesse_geral,110,33,6,22
informatica_acessorios,100,16,19,16
brinquedos,1100,30,21,32
automotivo,600,16,28,14
utilidades_domesticas,10150,41,56,26
pet_shop,950,30,20,40
beleza_saude,469,18,12,17
bebes,4300,21,41,57
moveis_decoracao,1500,36,18,17
construcao_ferramentas_seguranca,200,16,16,16
ferramentas_jardim,150,20,11,14
moveis_cozinha_area_de_servico_jantar_e_jardim,21100,100,20,60
fashion_bolsas_e_acessorios,200,24,4,34
utilidades_domesticas,13900,40,40,40
moveis_decoracao,100,30,4,20
bebes,300,30,30,20
cool_stuff,3463,59,27,32
brinquedos,1100,28,13,21
moveis_decoracao,1450,35,6,28
informatica_acessorios,680,47,7,18
informatica_acessorios,100,36,9,20
perfumaria,183,16,8,13
cama_mesa_banho,2950,19,35,31
construcao_ferramentas_jardim,3567,24,24,21
beleza_saude,200,24,9,14
cama_mesa_banho,7500,55,17,48
cama_mesa_banho,2800,44,10,34
moveis_quarto,9400,31,58,31
livros_interesse_geral,500,23,2,16
brinquedos,400,17,12,12
esporte_lazer,1900,23,32,23
automotivo,7675,56,11,32
cama_mesa_banho,1700,45,25,35
beleza_saude,650,19,17,15
esporte_lazer,700,60,15,15
cama_mesa_banho,300,60,10,40
cama_mesa_banho,1250,19,17,23
beleza_saude,200,30,30,30
utilidades_domesticas,600,38,15,29
papelaria,150,24,7,14
beleza_saude,1300,16,16,15
industria_comercio_e_negocios,1900,30,15,28
moveis_decoracao,7700,45,40,45
moveis_decoracao,24100,60,40,60
beleza_saude,400,22,9,15
beleza_saude,500,26,6,21
eletrodomesticos,1200,65,7,38
moveis_decoracao,550,33,16,16
cama_mesa_banho,2200,60,10,40
cama_mesa_banho,2900,47,21,41
cama_mesa_banho,550,50,9,60
cool_stuff,1500,42,25,15
esporte_lazer,2450,29,25,16
esporte_lazer,200,19,13,16
consoles_games,500,30,7,25
utilidades_domesticas,1400,16,16,16
automotivo,2325,37,26,22
utilidades_domesticas,1300,30,30,30
perfumaria,200,22,7,16
eletroportateis,400,17,10,11
alimentos,575,17,7,14
construcao_ferramentas_seguranca,750,20,20,20
esporte_lazer,2100,33,25,28
bebes,500,29,10,18
automotivo,150,25,3,14
relogios_presentes,350,19,13,19
relogios_presentes,150,20,5,15
perfumaria,200,18,7,12
livros_interesse_geral,611,22,22,23
cama_mesa_banho,675,40,18,35
telefonia,100,20,5,15
informatica_acessorios,3700,28,9,25
moveis_decoracao,850,30,20,30
bebes,1900,42,25,15
telefonia,303,17,14,16
utilidades_domesticas,2300,59,9,42
perfumaria,700,16,8,11
automotivo,2398,65,37,44
relogios_presentes,800,28,9,28
esporte_lazer,16150,28,15,15
agro_industria_e_comercio,2467,28,26,24
cool_stuff,5700,33,44,19
construcao_ferramentas_construcao,9075,34,12,34
eletroportateis,13800,50,37,37
agro_industria_e_comercio,2650,30,30,20
beleza_saude,683,18,14,15
eletronicos,1800,55,20,45
perfumaria,625,19,16,16
brinquedos,550,37,31,11
utilidades_domesticas,500,16,25,14
automotivo,324,17,12,13
cool_stuff,178,17,9,13
fashion_roupa_masculina,200,19,27,27
utilidades_domesticas,700,60,8,20
esporte_lazer,1400,80,8,15
instrumentos_musicais,5400,50,17,38
esporte_lazer,2300,23,11,11
informatica_acessorios,100,18,11,12
moveis_decoracao,6900,95,4,55
moveis_decoracao,775,34,9,33
beleza_saude,750,27,10,17
fashion_calcados,1350,33,13,20
perfumaria,526,22,15,17
brinquedos,1100,19,6,12
casa_construcao,800,16,27,16
papelaria,9850,30,19,60
telefonia,250,19,4,20
telefonia,100,17,2,11
papelaria,1279,32,35,36
ferramentas_jardim,700,25,11,11
ferramentas_jardim,9600,45,29,44
ferramentas_jardim,1700,30,5,30
beleza_saude,150,16,2,20
pet_shop,500,26,10,13
utilidades_domesticas,1000,25,15,20
moveis_escritorio,9200,53,52,17
moveis_decoracao,1650,30,35,30
moveis_decoracao,250,16,5,11
construcao_ferramentas_construcao,650,26,17,17
industria_comercio_e_negocios,6600,40,20,40
casa_construcao,13550,52,22,52
construcao_ferramentas_ferramentas,1111,29,10,14
ferramentas_jardim,500,43,3,13
moveis_decoracao,15600,26,18,86
pet_shop,7300,20,40,60
brinquedos,750,26,15,26
utilidades_domesticas,3750,45,25,20
utilidades_domesticas,2000,25,65,25
fashion_roupa_feminina,400,29,7,16
moveis_decoracao,900,30,5,45
moveis_decoracao,2200,49,13,41
esporte_lazer,600,18,18,18
moveis_decoracao,1850,30,30,30
beleza_saude,500,40,20,30
cama_mesa_banho,1700,38,8,28
telefonia,413,18,10,14
moveis_escritorio,12125,41,58,41
papelaria,300,25,5,22
relogios_presentes,1850,23,2,26
moveis_decoracao,1200,21,28,21
livros_interesse_geral,640,15,21,18
telefonia,400,24,8,18
cama_mesa_banho,4050,45,15,35
beleza_saude,1900,33,17,13
beleza_saude,2350,16,35,16
utilidades_domesticas,1100,25,23,25
consoles_games,600,33,28,41
esporte_lazer,4900,20,26,20
utilidades_domesticas,1200,29,33,29
cine_foto,625,43,13,13
beleza_saude,400,19,11,12
utilidades_domesticas,1300,28,20,28
esporte_lazer,2000,28,26,23
fashion_roupa_masculina,225,19,27,27
malas_acessorios,800,20,51,34
bebes,12600,25,47,64
telefonia,529,21,15,23
cama_mesa_banho,450,30,5,20
cool_stuff,1350,42,25,15
brinquedos,2100,55,13,20
telefonia,600,16,9,13
esporte_lazer,710,16,15,14
cama_mesa_banho,7650,50,40,43
moveis_decoracao,500,28,10,18
cool_stuff,7900,79,3,63
moveis_sala,30000,70,60,70
ferramentas_jardim,2650,26,8,26
bebes,200,33,10,32
eletronicos,100,19,13,15
ferramentas_jardim,300,23,8,16
eletronicos,900,70,20,20
cama_mesa_banho,1250,30,10,55
cama_mesa_banho,500,25,15,25
perfumaria,277,17,13,12
perfumaria,450,20,12,14
fashion_bolsas_e_acessorios,1200,39,13,30
fashion_roupa_masculina,850,28,22,33
automotivo,1200,45,16,20
brinquedos,300,30,30,15
pet_shop,6500,60,11,34
cool_stuff,2200,99,5,47
cama_mesa_banho,1375,30,6,22
malas_acessorios,1200,40,31,31
cama_mesa_banho,1800,45,15,35
relogios_presentes,267,16,12,14
papelaria,300,19,4,15
construcao_ferramentas_construcao,11100,44,35,33
cama_mesa_banho,1800,46,3,34
automotivo,100,18,2,12
utilidades_domesticas,300,25,15,20
cool_stuff,300,25,5,25
esporte_lazer,900,16,7,11
instrumentos_musicais,200,16,9,11
esporte_lazer,1700,41,10,35
malas_acessorios,1450,55,32,35
utilidades_domesticas,1700,35,15,29
esporte_lazer,250,25,10,15
informatica_acessorios,100,25,2,16
cama_mesa_banho,1925,20,11,43
utilidades_domesticas,1300,20,25,20
beleza_saude,2350,28,10,16
relogios_presentes,350,22,12,19
fashion_bolsas_e_acessorios,200,43,16,27
ferramentas_jardim,4600,16,25,11
bebes,6050,45,20,40
beleza_saude,250,16,16,11
bebes,200,16,20,12
papelaria,500,16,28,16
automotivo,450,16,10,12
esporte_lazer,500,26,16,21
cama_mesa_banho,350,25,8,19
casa_conforto,2400,30,20,30
cool_stuff,333,19,11,15
pet_shop,15200,52,53,38
beleza_saude,350,19,17,15
automotivo,350,30,14,11
automotivo,1100,32,6,29
beleza_saude,1600,22,8,16
moveis_decoracao,450,47,4,35
cama_mesa_banho,2290,34,9,33
moveis_decoracao,4850,30,30,20
casa_construcao,6200,62,12,35
cine_foto,550,23,21,21
eletroportateis,5800,26,30,32
moveis_decoracao,8750,52,23,41
brinquedos,600,40,20,30
perfumaria,400,26,10,16
papelaria,150,35,27,27
automotivo,420,24,19,21
automotivo,5050,40,20,30
perfumaria,440,19,13,21
cool_stuff,250,18,7,14
consoles_games,100,16,3,13
construcao_ferramentas_construcao,200,20,5,20
utilidades_domesticas,450,24,7,12
beleza_saude,100,16,8,15
cama_mesa_banho,8875,48,43,53
beleza_saude,3500,35,15,15
perfumaria,441,19,13,16
esporte_lazer,12700,40,11,15
instrumentos_musicais,2500,44,10,32
utilidades_domesticas,1600,42,5,32
papelaria,250,16,2,18
moveis_decoracao,8050,62,9,62
papelaria,538,21,13,16
bebidas,1900,21,34,21
malas_acessorios,600,20,49,39
esporte_lazer,1850,16,4,11
perfumaria,450,21,7,15
moveis_decoracao,2600,65,5,45
esporte_lazer,2700,85,16,26
relogios_presentes,900,20,10,17
telefonia,200,19,5,20
fashion_bolsas_e_acessorios,100,16,18,12
utilidades_domesticas,1200,25,32,25
fashion_bolsas_e_acessorios,150,16,2,11
papelaria,650,35,14,26
automotivo,277,19,22,13
esporte_lazer,300,20,4,21
informatica_acessorios,400,23,10,19
fashion_calcados,500,30,5,12
instrumentos_musicais,300,17,5,13
instrumentos_musicais,250,16,16,11
esporte_lazer,1000,17,105,17
cool_stuff,3000,82,82,13
esporte_lazer,118,17,8,13
beleza_saude,600,26,6,21
moveis_decoracao,2200,30,12,32
cama_mesa_banho,700,38,8,30
fashion_roupa_masculina,1000,16,2,11
construcao_ferramentas_jardim,1800,22,19,12
moveis_decoracao,300,26,18,14
telefonia,1466,30,10,26
utilidades_domesticas,600,39,21,11
automotivo,2450,28,5,30
papelaria,1500,20,50,40
cama_mesa_banho,700,40,14,30
eletronicos,350,19,12,15
brinquedos,200,16,6,11
construcao_ferramentas_iluminacao,1400,24,15,38
automotivo,4000,27,12,22
relogios_presentes,750,48,16,35
cama_mesa_banho,2350,33,7,39
cama_mesa_banho,1475,50,10,30
esporte_lazer,550,16,20,15
utilidades_domesticas,1400,35,12,12
moveis_decoracao,300,35,10,20
brinquedos,10200,100,25,20
consoles_games,467,23,11,18
brinquedos,225,18,19,16
informatica_acessorios,400,16,7,11
consoles_games,1300,30,13,20
cama_mesa_banho,6600,45,25,35
cama_mesa_banho,1200,16,50,16
eletrodomesticos,500,35,46,35
perfumaria,50,20,20,20
perfumaria,600,18,8,12
utilidades_domesticas,2813,19,28,24
utilidades_domesticas,10900,68,30,32
papelaria,850,20,5,51
utilidades_domesticas,1100,25,25,35
esporte_lazer,100,16,7,17
utilidades_domesticas,200,26,3,21
utilidades_domesticas,800,40,15,20
esporte_lazer,1100,22,22,22
utilidades_domesticas,625,53,21,16
telefonia,150,20,10,15
cama_mesa_banho,6600,40,25,25
moveis_decoracao,850,25,23,25
telefonia,275,22,3,16
eletronicos,100,20,20,20
beleza_saude,400,20,16,16
esporte_lazer,350,16,14,16
moveis_decoracao,900,40,5,30
beleza_saude,250,18,16,14
esporte_lazer,1400,20,32,20
utilidades_domesticas,1650,35,30,15
pet_shop,1750,41,26,22
moveis_escritorio,9200,52,50,16
artigos_de_natal,500,16,10,11
bebes,250,16,7,11
brinquedos,400,20,11,16
bebes,350,23,3,23
utilidades_domesticas,1150,30,19,29
cama_mesa_banho,675,33,7,30
pet_shop,925,40,20,40
moveis_decoracao,2200,55,5,100
automotivo,5000,47,19,23
cama_mesa_banho,250,70,8,45
utilidades_domesticas,7850,55,21,60
utilidades_domesticas,6050,30,30,40
construcao_ferramentas_ferramentas,1900,26,32,13
esporte_lazer,15850,105,65,25
relogios_presentes,300,19,10,15
informatica_acessorios,150,31,8,11
papelaria,950,20,5,51
beleza_saude,200,18,3,20
informatica_acessorios,50,16,8,16
esporte_lazer,600,28,25,25
utilidades_domesticas,2200,18,31,19
livros_interesse_geral,500,20,22,15
cama_mesa_banho,1350,50,16,16
moveis_decoracao,800,22,9,16
automotivo,900,28,3,12
cama_mesa_banho,600,60,9,50
esporte_lazer,1350,35,25,25
beleza_saude,1362,21,21,21
pet_shop,850,16,16,16
livros_interesse_geral,1000,18,25,11
brinquedos,200,18,11,14
utilidades_domesticas,1100,21,34,34
papelaria,500,21,7,13
construcao_ferramentas_ferramentas,550,26,14,14
moveis_decoracao,600,80,10,60
utilidades_domesticas,500,25,15,20
esporte_lazer,1092,27,27,23
moveis_decoracao,600,62,12,12
instrumentos_musicais,50,16,2,12
cama_mesa_banho,1800,28,10,24
informatica_acessorios,50,23,12,19
beleza_saude,217,17,9,14
utilidades_domesticas,2250,22,22,22
cama_mesa_banho,6600,20,30,30
automotivo,875,21,19,18
utilidades_domesticas,5250,62,5,32
automotivo,900,35,10,35
cama_mesa_banho,750,50,16,16
eletrodomesticos,1400,35,35,40
cool_stuff,8200,58,17,48
utilidades_domesticas,1575,39,32,44
esporte_lazer,3400,23,22,21
utilidades_domesticas,450,35,20,20
utilidades_domesticas,350,22,20,27
utilidades_domesticas,350,32,5,22
telefonia_fixa,688,30,18,21
relogios_presentes,283,17,10,12
cama_mesa_banho,4200,56,37,49
automotivo,4600,105,16,18
automotivo,850,35,10,35
telefonia,117,18,4,11
moveis_decoracao,7200,52,52,17
informatica_acessorios,105,16,11,11
telefonia_fixa,150,17,4,12
brinquedos,550,23,39,30
cama_mesa_banho,1300,45,25,35
casa_construcao,5300,30,35,30
casa_conforto,1400,45,15,35
bebes,1167,27,19,21
eletrodomesticos,12050,35,46,35
automotivo,50,16,5,11
bebes,2300,42,25,15
brinquedos,950,36,11,25
construcao_ferramentas_construcao,250,25,15,23
ferramentas_jardim,9400,64,16,52
utilidades_domesticas,1900,26,26,25
esporte_lazer,713,29,12,21
telefonia_fixa,330,17,11,9
papelaria,400,25,14,20
automotivo,2450,23,5,25
telefonia,650,23,18,18
bebes,8050,62,35,52
beleza_saude,1700,30,3,30
automotivo,50,16,10,16
automotivo,200,16,12,16
fashion_bolsas_e_acessorios,5300,18,17,15
beleza_saude,540,19,15,14
malas_acessorios,17450,29,57,40
cama_mesa_banho,2500,35,10,35
utilidades_domesticas,800,25,22,22
esporte_lazer,2217,49,35,47
papelaria,300,20,25,11
bebes,13500,55,30,55
utilidades_domesticas,525,67,15,14
fashion_calcados,1700,36,37,16
esporte_lazer,100,25,6,25
moveis_decoracao,8000,52,18,33
eletroportateis,50,16,8,11
automotivo,13700,35,20,20
ferramentas_jardim,6025,45,50,40
informatica_acessorios,100,20,7,17
automotivo,250,20,8,18
telefonia,289,17,9,18
moveis_decoracao,800,34,8,44
livros_interesse_geral,300,17,22,11
moveis_decoracao,1200,40,15,28
artigos_de_natal,450,16,20,11
esporte_lazer,725,51,11,34
automotivo,1475,28,18,15
instrumentos_musicais,150,17,17,14
cama_mesa_banho,483,44,6,33
informatica_acessorios,200,18,16,13
esporte_lazer,3900,80,21,17
esporte_lazer,2450,38,24,22
moveis_decoracao,1800,32,6,28
malas_acessorios,700,28,9,14
telefonia,175,18,5,12
industria_comercio_e_negocios,850,30,20,30
fashion_bolsas_e_acessorios,150,16,6,11
eletrodomesticos_2,15950,75,18,65
moveis_cozinha_area_de_servico_jantar_e_jardim,17500,97,24,45
utilidades_domesticas,2000,23,13,23
beleza_saude,970,17,18,15
automotivo,230,17,13,15
informatica_acessorios,350,16,22,17
bebes,5700,65,35,55
moveis_escritorio,8633,42,64,43
ferramentas_jardim,700,30,23,20
malas_acessorios,800,41,10,30
fashion_underwear_e_moda_praia,550,42,4,14
papelaria,350,18,2,20
utilidades_domesticas,250,16,12,12
relogios_presentes,400,16,2,16
esporte_lazer,4600,20,26,20
beleza_saude,2550,31,16,21
pcs,12650,52,26,52
utilidades_domesticas,600,20,23,18
informatica_acessorios,100,16,3,14
papelaria,450,30,42,20
utilidades_domesticas,400,23,22,15
informatica_acessorios,300,23,8,19
relogios_presentes,1750,50,6,19
pet_shop,129,18,11,14
esporte_lazer,2400,90,16,26
utilidades_domesticas,425,23,23,23
ferramentas_jardim,5850,59,23,29
moveis_escritorio,8400,53,53,15
beleza_saude,500,16,12,12
beleza_saude,583,32,17,15
cama_mesa_banho,1000,22,13,17
esporte_lazer,7900,100,20,30
papelaria,1200,16,49,32
relogios_presentes,725,19,10,15
moveis_decoracao,2850,104,9,20
beleza_saude,2950,18,26,28
papelaria,300,27,5,17
moveis_escritorio,11800,53,54,18
construcao_ferramentas_construcao,400,31,5,16
esporte_lazer,400,16,14,12
beleza_saude,1417,17,25,17
construcao_ferramentas_construcao,4250,16,13,12
alimentos_bebidas,4200,30,25,25
moveis_decoracao,5900,47,37,38
brinquedos,480,19,10,12
utilidades_domesticas,3700,30,40,40
perfumaria,133,21,12,19
pet_shop,250,20,16,16
relogios_presentes,463,19,14,14
esporte_lazer,288,19,15,16
malas_acessorios,5000,50,45,25
beleza_saude,675,26,20,23
brinquedos,1200,39,22,14
telefonia,200,18,4,16
casa_construcao,1024,26,22,21
moveis_decoracao,400,16,34,34
beleza_saude,300,16,7,14
esporte_lazer,253,16,11,13
beleza_saude,767,25,13,16
telefonia,275,18,3,12
esporte_lazer,640,18,20,16
pet_shop,250,23,13,21
utilidades_domesticas,18800,65,35,38
esporte_lazer,2600,40,24,35
relogios_presentes,303,19,11,16
esporte_lazer,18000,97,14,28
cool_stuff,200,16,11,11
cool_stuff,700,25,25,25
moveis_decoracao,200,20,85,30
brinquedos,3675,37,30,18
pet_shop,13250,55,36,40
cama_mesa_banho,1400,45,25,35
papelaria,600,27,7,22
cool_stuff,1550,30,30,16
alimentos_bebidas,550,20,20,20
moveis_quarto,10850,60,10,40
cama_mesa_banho,1200,20,30,30
utilidades_domesticas,2100,50,4,35
automotivo,2100,30,25,30
beleza_saude,1650,23,17,16
construcao_ferramentas_ferramentas,400,17,2,11
eletroportateis,700,16,35,25
esporte_lazer,4750,20,20,20
utilidades_domesticas,200,19,9,12
brinquedos,650,33,22,19
moveis_decoracao,6200,35,35,35
cama_mesa_banho,1200,50,8,50
perfumaria,570,19,15,17
cama_mesa_banho,600,70,10,50
automotivo,250,26,10,35
esporte_lazer,700,26,16,21
relogios_presentes,300,16,8,11
esporte_lazer,1350,40,20,30
alimentos,450,16,14,14
beleza_saude,83,13,8,12
utilidades_domesticas,2500,40,25,30
cama_mesa_banho,18550,54,35,45
utilidades_domesticas,350,20,9,17
automotivo,1900,17,27,17
telefonia,300,17,8,14
informatica_acessorios,1823,37,22,19
brinquedos,600,23,25,11
eletrodomesticos_2,8000,65,23,35
esporte_lazer,1750,60,15,15
beleza_saude,633,26,9,22
beleza_saude,650,45,16,16
cama_mesa_banho,800,40,4,30
cama_mesa_banho,1813,67,12,47
ferramentas_jardim,1625,21,17,29
utilidades_domesticas,620,26,24,28
cama_mesa_banho,1450,37,23,35
malas_acessorios,1383,40,23,37
brinquedos,1350,27,25,27
beleza_saude,6400,24,15,17
pet_shop,1000,60,11,50
automotivo,17400,65,25,25
cama_mesa_banho,550,70,10,40
cool_stuff,1200,20,30,25
artes,1150,16,6,11
esporte_lazer,975,35,19,16
audio,200,16,16,16
esporte_lazer,100,80,9,23
utilidades_domesticas,11450,35,55,35
moveis_cozinha_area_de_servico_jantar_e_jardim,14650,51,44,45
perfumaria,317,19,15,17
casa_construcao,400,29,35,23
eletronicos,75,23,2,15
brinquedos,237,26,29,19
esporte_lazer,26100,33,10,11
utilidades_domesticas,30000,90,30,80
construcao_ferramentas_seguranca,200,17,4,13
moveis_decoracao,500,24,2,24
automotivo,800,36,16,16
casa_construcao,150,100,6,14
informatica_acessorios,200,21,5,15
moveis_decoracao,10300,70,25,55
artes,700,19,5,20
beleza_saude,1200,16,30,16
beleza_saude,1400,27,10,17
papelaria,800,25,55,35
automotivo,700,26,8,14
casa_construcao,450,16,11,14
beleza_saude,1100,20,12,13
esporte_lazer,2150,16,5,16
cama_mesa_banho,2000,29,8,38
artes,300,16,5,11
bebes,1100,20,16,20
utilidades_domesticas,350,25,18,18
automotivo,3200,46,10,11
eletroportateis,200,16,35,25
brinquedos,1450,28,25,29
moveis_escritorio,11275,75,66,27
portateis_casa_forno_e_cafe,450,16,20,16
automotivo,23350,64,64,51
artigos_de_natal,600,30,11,20
automotivo,9400,40,30,40
esporte_lazer,1092,30,26,22
cama_mesa_banho,850,36,14,26
cama_mesa_banho,2450,43,12,34
moveis_decoracao,1200,54,8,11
esporte_lazer,4100,17,105,12
automotivo,5600,20,12,20
cama_mesa_banho,500,25,10,20
casa_construcao,333,17,13,14
cama_mesa_banho,750,50,11,40
utilidades_domesticas,450,21,12,12
utilidades_domesticas,5000,40,40,40
beleza_saude,500,18,6,11
eletroportateis,150,21,9,14
esporte_lazer,500,46,8,44
papelaria,1000,45,16,30
papelaria,200,22,9,15
telefonia,200,24,6,13
moveis_decoracao,2100,36,11,26
papelaria,900,46,10,33
cama_mesa_banho,14550,50,14,70
moveis_decoracao,3300,23,16,23
automotivo,8000,40,25,30
portateis_casa_forno_e_cafe,400,60,20,20
cool_stuff,500,16,11,11
brinquedos,1950,35,10,22
telefonia_fixa,476,21,15,17
cama_mesa_banho,800,60,8,60
beleza_saude,433,29,8,25
beleza_saude,440,18,16,16
cama_mesa_banho,200,16,40,30
ferramentas_jardim,9150,39,39,36
pet_shop,1700,50,30,33
informatica_acessorios,200,16,4,11
fashion_calcados,600,30,10,15
utilidades_domesticas,4700,35,16,25
moveis_decoracao,350,22,3,19
brinquedos,1300,20,16,20
cama_mesa_banho,750,70,10,20
livros_importados,500,33,6,22
informatica_acessorios,100,16,5,16
industria_comercio_e_negocios,400,23,5,17
relogios_presentes,349,19,14,14
esporte_lazer,1100,80,8,15
esporte_lazer,16700,55,70,15
moveis_decoracao,1000,69,11,11
bebes,175,17,10,13
papelaria,400,30,16,20
agro_industria_e_comercio,550,16,16,16
bebes,2150,31,43,21
cama_mesa_banho,1550,40,15,32
telefonia,500,16,5,11
papelaria,6000,60,20,29
moveis_decoracao,8100,80,4,55
livros_tecnicos,200,21,2,14
cama_mesa_banho,1400,16,15,15
beleza_saude,783,16,21,13
construcao_ferramentas_jardim,550,16,16,16
pet_shop,3300,72,12,55
beleza_saude,725,23,10,15
cool_stuff,2650,30,40,28
papelaria,2200,25,25,25
malas_acessorios,1900,48,10,33
alimentos_bebidas,400,33,21,27
utilidades_domesticas,1550,30,6,30
relogios_presentes,700,15,10,13
cama_mesa_banho,1525,33,10,21
papelaria,2400,31,7,22
informatica_acessorios,300,16,2,11
cool_stuff,9500,31,80,54
cool_stuff,250,24,15,16
beleza_saude,1150,20,10,20
bebidas,100,23,16,16
esporte_lazer,250,28,28,28
livros_interesse_geral,400,26,6,36
construcao_ferramentas_construcao,200,16,11,11
casa_conforto,2200,45,15,35
informatica_acessorios,150,39,9,11
eletroportateis,14800,60,40,40
utilidades_domesticas,1197,24,36,29
telefonia_fixa,140,16,10,14
construcao_ferramentas_construcao,500,31,4,16
utilidades_domesticas,1450,20,66,20
brinquedos,6350,55,33,30
utilidades_domesticas,875,21,14,13
automotivo,550,30,20,20
moveis_decoracao,900,35,9,25
consoles_games,350,21,11,13
fashion_bolsas_e_acessorios,300,16,9,11
brinquedos,460,21,13,16
cama_mesa_banho,850,35,10,25
utilidades_domesticas,25250,68,66,66
automotivo,20000,28,5,30
pet_shop,1125,25,15,18
esporte_lazer,1093,20,14,18
ferramentas_jardim,1450,30,23,20
construcao_ferramentas_construcao,350,16,61,16
cama_mesa_banho,1550,47,12,37
esporte_lazer,400,22,15,22
esporte_lazer,3300,25,8,25
perfumaria,318,19,10,12
eletrodomesticos,500,16,10,18
esporte_lazer,3700,33,36,33
construcao_ferramentas_construcao,5200,49,13,39
ferramentas_jardim,305,16,21,12
utilidades_domesticas,5475,26,37,40
moveis_decoracao,2550,104,4,68
fashion_bolsas_e_acessorios,225,23,23,16
utilidades_domesticas,1700,20,10,14
beleza_saude,200,19,4,11
construcao_ferramentas_jardim,825,17,16,13
brinquedos,600,22,18,26
moveis_decoracao,2600,18,40,13
beleza_saude,125,17,7,12
moveis_decoracao,550,25,25,25
ferramentas_jardim,2900,30,20,16
informatica_acessorios,150,21,11,12
telefonia,50,16,14,15
cool_stuff,2100,62,80,12
esporte_lazer,470,19,17,15
cama_mesa_banho,9300,45,15,35
automotivo,21100,27,27,27
cama_mesa_banho,3000,34,8,41
cool_stuff,2350,42,25,15
moveis_decoracao,500,23,9,23
utilidades_domesticas,825,27,18,20
beleza_saude,100,16,3,12
esporte_lazer,3050,20,20,20
informatica_acessorios,1280,35,14,19
eletroportateis,895,24,14,15
bebidas,1450,16,40,16
cama_mesa_banho,1550,35,9,36
cama_mesa_banho,900,60,15,50
beleza_saude,1717,34,6,34
informatica_acessorios,100,40,2,24
telefonia,200,20,9,14
utilidades_domesticas,700,30,30,40
moveis_decoracao,4950,36,41,36
consoles_games,300,20,2,14
cama_mesa_banho,600,41,14,14
cool_stuff,600,16,18,25
cool_stuff,550,21,15,25
informatica_acessorios,200,31,16,16
cool_stuff,2100,23,40,16
moveis_decoracao,7900,99,4,50
utilidades_domesticas,600,30,30,20
informatica_acessorios,1042,36,18,33
telefonia,125,17,17,17
beleza_saude,150,24,5,11
moveis_decoracao,30000,80,10,50
utilidades_domesticas,7875,60,31,31
utilidades_domesticas,1600,20,60,20
brinquedos,400,25,13,20
moveis_decoracao,700,17,17,17
beleza_saude,350,16,25,16
eletronicos,100,22,8,12
cama_mesa_banho,550,30,8,26
utilidades_domesticas,550,34,20,25
brinquedos,1400,17,21,37
cool_stuff,450,16,5,21
beleza_saude,150,18,6,13
papelaria,700,20,46,35
informatica_acessorios,350,28,6,13
ferramentas_jardim,1550,26,6,20
relogios_presentes,425,21,15,16
brinquedos,650,30,16,25
cama_mesa_banho,23450,16,10,16
perfumaria,2300,26,26,35
cama_mesa_banho,825,25,18,40
informatica_acessorios,800,28,18,23
cama_mesa_banho,850,40,20,20
pet_shop,7700,50,20,40
esporte_lazer,6500,20,20,20
esporte_lazer,200,16,5,11
bebes,600,22,18,19
esporte_lazer,500,17,31,18
malas_acessorios,600,34,6,24
ferramentas_jardim,1372,28,12,26
informatica_acessorios,200,25,2,16
automotivo,1100,33,27,26
cama_mesa_banho,2150,40,10,30
moveis_decoracao,7050,100,20,20
cama_mesa_banho,750,30,5,26
brinquedos,500,17,13,12
utilidades_domesticas,13000,30,32,30
moveis_decoracao,1150,69,11,11
beleza_saude,450,16,16,16
moveis_decoracao,6700,51,63,34
casa_conforto,9650,50,20,40
bebes,6700,57,40,25
brinquedos,1400,40,30,25
moveis_decoracao,810,21,28,41
utilidades_domesticas,16000,16,2,11
pet_shop,600,36,6,25
relogios_presentes,550,25,12,19
eletronicos,10900,75,18,70
utilidades_domesticas,250,30,11,20
perfumaria,8200,38,18,22
informatica_acessorios,180,60,11,11
relogios_presentes,400,19,13,13
perfumaria,850,26,10,26
construcao_ferramentas_construcao,50,75,11,11
esporte_lazer,150,22,17,14
utilidades_domesticas,550,16,22,12
cool_stuff,800,34,10,22
automotivo,6900,60,20,60
utilidades_domesticas,800,30,15,25
brinquedos,425,25,16,20
beleza_saude,2000,26,17,19
consoles_games,355,18,17,14
cama_mesa_banho,1550,38,10,38
utilidades_domesticas,900,71,13,11
cama_mesa_banho,563,44,8,35
perfumaria,350,17,13,12
cama_mesa_banho,1000,35,8,25
telefonia,300,16,4,11
cool_stuff,100,17,6,20
cama_mesa_banho,5210,60,23,54
flores,550,16,25,16
cama_mesa_banho,2550,45,13,35
esporte_lazer,190,22,5,15
beleza_saude,400,20,11,12
cama_mesa_banho,800,50,16,44
cama_mesa_banho,550,20,10,15
cama_mesa_banho,650,50,5,50
moveis_decoracao,200,25,2,17
informatica_acessorios,150,16,5,20
eletronicos,400,20,4,13
moveis_decoracao,1400,35,9,25
automotivo,450,16,21,18
cama_mesa_banho,900,16,16,16
utilidades_domesticas,150,18,18,18
moveis_decoracao,100,28,16,16
brinquedos,1000,18,23,20
utilidades_domesticas,250,25,15,25
automotivo,250,20,6,17
utilidades_domesticas,1038,40,36,13
beleza_saude,550,29,7,22
moveis_decoracao,7150,105,5,65
cama_mesa_banho,1200,60,15,40
automotivo,1375,32,29,29
automotivo,3550,42,19,27
informatica_acessorios,2300,42,29,28
relogios_presentes,325,19,13,19
esporte_lazer,1500,35,20,15
fashion_bolsas_e_acessorios,100,17,7,12
cama_mesa_banho,1700,30,5,30
bebes,7150,75,15,50
moveis_decoracao,1800,44,14,33
utilidades_domesticas,250,22,5,14
beleza_saude,350,20,10,15
informatica_acessorios,1510,34,23,19
esporte_lazer,4750,102,10,22
brinquedos,1150,30,22,22
moveis_escritorio,7000,52,52,17
cama_mesa_banho,450,40,4,30
moveis_decoracao,700,70,8,70
cama_mesa_banho,5200,31,43,21
moveis_decoracao,450,50,3,25
utilidades_domesticas,15400,49,39,17
moveis_decoracao,100,16,88,16
artes,1700,32,4,32
utilidades_domesticas,1250,22,24,24
perfumaria,650,21,17,14
brinquedos,300,20,2,20
esporte_lazer,800,23,23,23
relogios_presentes,660,19,14,16
fashion_roupa_masculina,400,40,5,20
eletrodomesticos,150,20,14,12
cama_mesa_banho,1800,38,10,38
ferramentas_jardim,400,35,10,26
moveis_sala,2500,31,11,20
ferramentas_jardim,500,16,2,11
pet_shop,1000,19,15,18
moveis_decoracao,8500,52,15,52
pet_shop,900,31,19,22
cama_mesa_banho,650,20,2,15
livros_tecnicos,1200,40,2,17
perfumaria,250,43,16,27
consoles_games,300,20,10,13
automotivo,2700,38,4,38
brinquedos,583,36,7,35
fashion_bolsas_e_acessorios,3150,62,20,40
informatica_acessorios,300,16,13,14
automotivo,3900,65,25,25
esporte_lazer,467,22,26,22
esporte_lazer,375,17,12,17
moveis_escritorio,6400,18,53,51
esporte_lazer,374,22,14,14
esporte_lazer,2541,60,21,19
utilidades_domesticas,1800,30,20,30
papelaria,500,26,32,26
cool_stuff,1600,33,44,19
cama_mesa_banho,720,32,4,26
ferramentas_jardim,1000,36,24,24
telefonia,220,20,12,17
relogios_presentes,1317,26,29,31
beleza_saude,1538,18,19,18
perfumaria,467,22,14,17
ferramentas_jardim,1000,55,3,11
papelaria,10950,60,20,17
ferramentas_jardim,1000,20,12,21
cool_stuff,1000,41,30,30
papelaria,150,16,9,11
automotivo,600,29,10,13
papelaria,600,38,30,28
automotivo,100,16,9,11
pet_shop,1200,20,15,15
eletrodomesticos_2,6350,44,43,37
utilidades_domesticas,350,21,9,13
informatica_acessorios,1100,23,13,26
construcao_ferramentas_construcao,650,16,20,11
cama_mesa_banho,2550,35,9,33
brinquedos,200,16,16,16
esporte_lazer,1350,30,30,35
beleza_saude,933,17,12,14
pet_shop,25950,60,36,42
cool_stuff,900,45,15,16
ferramentas_jardim,800,40,6,15
pet_shop,8675,50,29,51
telefonia,443,16,17,14
beleza_saude,1075,21,19,19
brinquedos,8975,60,48,17
construcao_ferramentas_seguranca,350,17,7,17
cama_mesa_banho,350,20,10,20
construcao_ferramentas_seguranca,100,20,20,30
telefonia,200,21,2,15
fashion_bolsas_e_acessorios,1150,20,12,15
informatica_acessorios,1100,25,15,15
construcao_ferramentas_construcao,22350,41,13,41
esporte_lazer,467,46,11,14
fashion_bolsas_e_acessorios,300,30,30,20
esporte_lazer,1300,60,11,23
utilidades_domesticas,10250,43,43,37
moveis_decoracao,800,23,3,23
brinquedos,15400,105,48,18
moveis_sala,16400,105,15,43
telefonia,161,17,14,19
perfumaria,575,18,12,15
cama_mesa_banho,1450,38,18,29
informatica_acessorios,800,26,17,17
automotivo,1700,37,30,27
utilidades_domesticas,250,28,6,12
perfumaria,225,16,7,12
perfumaria,438,19,10,16
fashion_bolsas_e_acessorios,200,25,15,20
ferramentas_jardim,1400,35,22,24
esporte_lazer,170,22,14,19
automotivo,200,17,3,11
moveis_decoracao,10500,36,47,36
beleza_saude,900,27,4,11
pcs,12050,27,50,53
eletronicos,1075,22,5,7
cama_mesa_banho,600,20,10,15
moveis_decoracao,5300,27,47,27
automotivo,600,25,10,15
moveis_decoracao,550,68,8,13
utilidades_domesticas,650,20,12,43
esporte_lazer,3500,86,26,18
esporte_lazer,950,17,5,14
pet_shop,300,19,19,19
cama_mesa_banho,1800,30,15,30
moveis_decoracao,2000,80,20,20
brinquedos,213,16,13,14
beleza_saude,929,24,16,20
moveis_decoracao,1100,30,4,20
informatica_acessorios,813,29,16,16
beleza_saude,357,16,17,17
malas_acessorios,3850,30,10,49
construcao_ferramentas_jardim,2900,85,16,50
utilidades_domesticas,800,68,5,14
brinquedos,800,32,5,24
pet_shop,150,16,20,20
moveis_decoracao,1050,31,11,26
moveis_decoracao,16650,55,50,55
automotivo,1200,20,15,20
ferramentas_jardim,100,17,5,14
fashion_underwear_e_moda_praia,400,19,9,27
ferramentas_jardim,250,17,7,12
moveis_cozinha_area_de_servico_jantar_e_jardim,1750,20,16,30
utilidades_domesticas,350,30,11,17
cama_mesa_banho,5700,60,20,40
utilidades_domesticas,500,25,15,15
beleza_saude,375,23,18,23
esporte_lazer,3900,30,80,20
papelaria,1550,32,52,19
cama_mesa_banho,17450,40,20,30
moveis_escritorio,7575,52,52,17
utilidades_domesticas,8150,33,23,22
utilidades_domesticas,440,17,14,14
consoles_games,150,16,12,12
eletrodomesticos,550,16,32,11
fashion_bolsas_e_acessorios,700,43,16,27
cama_mesa_banho,400,50,8,35
esporte_lazer,4525,65,16,40
cool_stuff,1200,24,9,17
beleza_saude,1017,27,13,20
esporte_lazer,600,40,15,11
relogios_presentes,297,18,11,18
automotivo,717,24,14,21
moveis_decoracao,15200,40,60,40
livros_tecnicos,300,23,2,16
perfumaria,475,20,12,14
cama_mesa_banho,13250,50,40,55
construcao_ferramentas_seguranca,200,16,2,11
automotivo,100,17,4,17
esporte_lazer,400,45,15,16
esporte_lazer,3600,31,37,31
perfumaria,150,20,20,30
cama_mesa_banho,400,40,4,30
informatica_acessorios,1000,36,22,25
informatica_acessorios,650,17,11,11
automotivo,5400,20,14,20
esporte_lazer,1050,80,8,15
esporte_lazer,1143,24,22,19
brinquedos,400,25,20,20
telefonia_fixa,2100,30,30,20
cool_stuff,700,16,8,13
eletrodomesticos_2,18450,46,60,36
esporte_lazer,250,30,8,20
cama_mesa_banho,1200,29,8,38
informatica_acessorios,150,16,16,16
utilidades_domesticas,725,16,38,25
beleza_saude,12000,65,30,40
informatica_acessorios,833,23,14,14
utilidades_domesticas,1200,30,21,26
cool_stuff,2200,50,5,50
automotivo,9650,60,60,16
esporte_lazer,3200,40,30,25
informatica_acessorios,400,50,15,25
telefonia,200,20,12,16
cama_mesa_banho,1350,35,15,25
cama_mesa_banho,1500,38,8,28
utilidades_domesticas,705,34,22,28
ferramentas_jardim,1450,68,3,48
brinquedos,4267,46,39,22
fashion_bolsas_e_acessorios,700,16,9,11
esporte_lazer,5700,28,11,11
automotivo,350,40,4,30
construcao_ferramentas_construcao,8650,43,13,40
esporte_lazer,100,20,4,13
telefonia,200,16,14,15
informatica_acessorios,167,24,14,11
beleza_saude,250,25,15,15
ferramentas_jardim,30000,43,102,30
telefonia,200,24,10,24
cool_stuff,3500,52,7,55
beleza_saude,150,43,11,18
papelaria,3300,28,55,37
utilidades_domesticas,3070,32,11,29
moveis_decoracao,925,35,7,33
informatica_acessorios,850,18,16,18
automotivo,225,17,15,15
moveis_decoracao,1650,35,23,35
esporte_lazer,550,21,21,19
alimentos_bebidas,550,23,16,16
bebes,7500,60,20,50
cool_stuff,800,16,16,16
ferramentas_jardim,250,35,7,11
informatica_acessorios,725,18,5,11
utilidades_domesticas,2350,40,10,35
esporte_lazer,630,19,21,19
livros_tecnicos,550,23,2,16
esporte_lazer,300,25,25,25
beleza_saude,1225,19,23,16
ferramentas_jardim,300,20,15,20
pet_shop,6700,30,20,40
moveis_escritorio,8217,52,52,17
cool_stuff,14700,42,55,38
utilidades_domesticas,205,21,15,16
moveis_decoracao,1150,100,7,12
brinquedos,1000,22,13,17
automotivo,100,16,8,11
esporte_lazer,1200,19,18,16
construcao_ferramentas_seguranca,300,16,16,16
cama_mesa_banho,1900,30,20,70
moveis_decoracao,7350,35,35,35
moveis_decoracao,6450,35,30,35
construcao_ferramentas_seguranca,350,16,11,11
beleza_saude,2800,18,19,18
moveis_decoracao,750,16,5,20
telefonia,150,16,5,11
utilidades_domesticas,9250,40,29,40
brinquedos,200,20,10,16
brinquedos,400,27,10,21
moveis_sala,5050,62,6,55
bebes,700,35,30,35
automotivo,700,21,13,20
bebes,13800,65,35,55
casa_conforto,15100,60,30,50
moveis_decoracao,850,80,10,60
esporte_lazer,10200,100,20,25
cool_stuff,2100,40,30,20
esporte_lazer,6600,30,30,30
utilidades_domesticas,700,23,8,15
esporte_lazer,950,37,20,17
moveis_decoracao,2200,37,25,36
livros_interesse_geral,400,21,2,14
bebes,250,16,16,11
esporte_lazer,375,23,23,23
livros_tecnicos,2450,20,30,22
eletrodomesticos,550,36,15,25
beleza_saude,692,15,12,14
cama_mesa_banho,3500,40,15,30
automotivo,2525,56,11,32
fashion_bolsas_e_acessorios,400,16,8,11
livros_interesse_geral,450,25,3,18
instrumentos_musicais,9500,50,50,50
cama_mesa_banho,1600,28,6,28
brinquedos,1000,32,27,39
cama_mesa_banho,1150,30,10,30
utilidades_domesticas,441,16,16,12
cool_stuff,10750,60,34,31
moveis_decoracao,13000,70,60,60
cama_mesa_banho,650,35,5,25
cool_stuff,2900,50,20,20
utilidades_domesticas,8300,50,30,33
telefonia,150,18,10,11
relogios_presentes,325,17,10,12
brinquedos,750,35,20,25
cama_mesa_banho,800,40,10,30
cama_mesa_banho,250,26,6,20
beleza_saude,745,27,12,16
utilidades_domesticas,550,20,20,20
esporte_lazer,3025,35,22,17
utilidades_domesticas,600,24,12,15
malas_acessorios,600,47,10,34
utilidades_domesticas,2300,50,22,24
pet_shop,50,18,14,14
ferramentas_jardim,850,20,20,20
informatica_acessorios,100,75,11,11
moveis_decoracao,200,18,9,14
bebes,500,32,18,21
cama_mesa_banho,650,20,16,20
malas_acessorios,200,16,5,45
perfumaria,120,16,16,16
bebes,1050,29,12,32
fashion_roupa_masculina,1000,20,20,20
relogios_presentes,375,17,14,16
utilidades_domesticas,2650,53,15,13
beleza_saude,75,23,7,14
cool_stuff,3700,27,43,22
alimentos_bebidas,300,16,16,16
livros_tecnicos,1000,25,5,20
automotivo,2150,55,15,45
utilidades_domesticas,1500,25,35,25
utilidades_domesticas,242,25,8,12
brinquedos,600,39,30,29
automotivo,75,20,2,15
fashion_bolsas_e_acessorios,419,25,6,16
automotivo,1000,19,19,14
eletroportateis,3900,32,37,22
moveis_decoracao,1600,47,6,41
moveis_decoracao,3600,30,30,30
construcao_ferramentas_seguranca,673,18,13,15
utilidades_domesticas,1500,32,5,25
casa_construcao,1150,16,27,16
sinalizacao_e_seguranca,22550,85,85,26
brinquedos,3225,31,31,28
automotivo,6900,40,20,40
cool_stuff,50,20,6,15
artigos_de_festas,1350,23,17,18
beleza_saude,11100,35,30,40
alimentos_bebidas,200,31,15,26
beleza_saude,1000,18,9,27
alimentos,450,24,17,17
construcao_ferramentas_ferramentas,1637,27,22,23
cama_mesa_banho,14300,45,15,35
pet_shop,425,16,18,18
utilidades_domesticas,8600,45,35,35
cool_stuff,4000,43,35,18
papelaria,2,11,11,52
industria_comercio_e_negocios,9225,61,61,30
moveis_decoracao,1200,39,30,39
eletrodomesticos,950,32,37,22
automotivo,6075,56,11,32
informatica_acessorios,550,19,4,15
cool_stuff,200,16,8,14
utilidades_domesticas,7800,45,20,45
brinquedos,840,33,13,26
portateis_casa_forno_e_cafe,4925,43,15,32
instrumentos_musicais,2000,35,10,82
informatica_acessorios,188,16,11,12
esporte_lazer,1800,55,10,14
consoles_games,313,17,12,15
automotivo,2850,28,5,30
ferramentas_jardim,7400,43,14,33
beleza_saude,600,28,11,26
moveis_decoracao,2900,35,30,35
cama_mesa_banho,12100,56,21,59
utilidades_domesticas,1400,30,15,20
relogios_presentes,500,20,11,15
informatica_acessorios,900,30,6,23
automotivo,1150,20,20,20
ferramentas_jardim,1700,31,11,11
fashion_bolsas_e_acessorios,1400,45,11,35
moveis_decoracao,1150,29,15,49
papelaria,4000,40,50,20
brinquedos,500,20,18,18
cama_mesa_banho,1150,29,15,15
moveis_decoracao,2600,50,10,30
beleza_saude,800,26,18,11
esporte_lazer,900,22,5,50
informatica_acessorios,1033,31,17,22
automotivo,200,18,10,18
telefonia,225,17,4,12
perfumaria,100,16,4,16
esporte_lazer,600,47,13,13
cama_mesa_banho,6900,64,17,53
utilidades_domesticas,150,18,4,12
esporte_lazer,200,16,7,21
esporte_lazer,210,17,13,16
cama_mesa_banho,1050,32,5,30
moveis_decoracao,2600,100,6,31
utilidades_domesticas,2467,38,15,24
utilidades_domesticas,1050,53,5,13
automotivo,4800,42,19,27
utilidades_domesticas,200,18,8,14
papelaria,8000,50,9,16
automotivo,50,16,15,16
livros_interesse_geral,600,24,3,17
bebidas,1300,24,24,24
utilidades_domesticas,600,28,4,36
bebes,50,17,6,13
cama_mesa_banho,650,30,10,20
utilidades_domesticas,950,25,23,25
beleza_saude,600,20,30,20
bebes,822,35,6,31
utilidades_domesticas,625,23,23,33
moveis_decoracao,2050,25,77,15
brinquedos,1400,25,80,25
bebes,320,36,7,23
construcao_ferramentas_construcao,500,30,30,30
ferramentas_jardim,650,30,10,12
eletronicos,60,16,9,13
automotivo,250,20,15,15
industria_comercio_e_negocios,800,40,30,30
relogios_presentes,450,21,14,14
utilidades_domesticas,1150,41,20,27
cama_mesa_banho,9350,45,40,40
pet_shop,158,18,6,13
utilidades_domesticas,2000,32,31,26
pet_shop,1400,50,30,40
cama_mesa_banho,1650,40,6,29
esporte_lazer,350,20,18,18
moveis_decoracao,5250,90,12,30
papelaria,4700,30,30,20
cama_mesa_banho,900,34,7,32
informatica_acessorios,900,31,13,11
moveis_decoracao,1300,105,15,15
moveis_escritorio,7300,53,51,18
livros_tecnicos,700,27,4,19
artes,1100,22,16,21
esporte_lazer,500,16,14,14
informatica_acessorios,950,38,12,28
pet_shop,1200,23,21,12
telefonia,100,21,6,14
bebes,631,27,12,19
esporte_lazer,1300,20,30,20
instrumentos_musicais,600,16,30,16
moveis_decoracao,500,53,8,11
eletronicos,200,22,16,22
brinquedos,900,29,30,23
alimentos,750,28,11,13
esporte_lazer,321,17,13,15
bebes,900,40,25,30
cama_mesa_banho,1625,41,30,33
cama_mesa_banho,1800,40,8,35
market_place,200,22,2,16
fashion_roupa_masculina,500,30,40,11
perfumaria,450,30,30,30
papelaria,450,20,30,20
fashion_roupa_feminina,400,16,2,11
cama_mesa_banho,650,30,10,25
artigos_de_natal,100,16,6,11
utilidades_domesticas,2900,19,54,28
malas_acessorios,500,18,48,34
relogios_presentes,195,18,11,17
malas_acessorios,450,16,40,25
brinquedos,2925,46,23,24
automotivo,850,60,8,33
automotivo,350,20,16,16
informatica_acessorios,600,16,18,17
bebes,283,37,20,40
cool_stuff,1500,40,40,30
eletronicos,300,16,3,15
utilidades_domesticas,1000,25,25,25
brinquedos,1100,28,10,28
bebes,700,27,15,25
perfumaria,100,20,5,20
utilidades_domesticas,400,16,2,11
papelaria,550,22,7,15
beleza_saude,300,16,11,11
informatica_acessorios,2300,20,17,20
esporte_lazer,1400,105,10,20
esporte_lazer,4100,28,18,18
bebidas,1400,17,33,19
cool_stuff,650,33,18,27
pet_shop,680,32,29,22
bebes,4550,40,10,40
moveis_decoracao,700,18,24,18
esporte_lazer,8000,55,25,45
informatica_acessorios,241,14,15,17
perfumaria,472,19,13,15
automotivo,2200,40,35,20
moveis_quarto,30000,90,46,46
cama_mesa_banho,5600,35,35,35
brinquedos,800,41,15,24
utilidades_domesticas,200,19,5,25
cama_mesa_banho,8350,50,27,38
papelaria,500,28,32,20
brinquedos,3008,32,45,32
telefonia,450,23,7,16
cool_stuff,2650,36,14,30
informatica_acessorios,470,14,17,14
cama_mesa_banho,1250,50,11,11
bebes,11000,41,40,40
esporte_lazer,450,25,15,11
consoles_games,1200,50,11,40
esporte_lazer,1300,85,6,23
cama_mesa_banho,900,40,2,30
cama_mesa_banho,2100,60,10,40
automotivo,200,24,5,16
esporte_lazer,1300,66,9,16
moveis_decoracao,8050,80,10,60
ferramentas_jardim,6950,56,14,56
utilidades_domesticas,1400,25,30,25
cama_mesa_banho,940,35,20,48
cama_mesa_banho,5175,54,31,46
informatica_acessorios,7400,23,12,15
sinalizacao_e_seguranca,1100,33,13,20
esporte_lazer,697,17,23,17
cama_mesa_banho,5850,56,17,51
moveis_decoracao,1000,41,23,25
moveis_cozinha_area_de_servico_jantar_e_jardim,2000,24,11,31
utilidades_domesticas,1200,25,25,25
ferramentas_jardim,600,21,7,20
bebes,700,20,9,14
telefonia,300,16,6,11
utilidades_domesticas,300,30,15,20
beleza_saude,300,17,20,12
moveis_decoracao,1200,25,25,25
eletronicos,200,25,7,25
informatica_acessorios,150,16,2,16
informatica_acessorios,350,21,9,17
brinquedos,1150,21,34,29
esporte_lazer,167,19,11,13
utilidades_domesticas,5400,45,16,35
esporte_lazer,1500,30,40,40
esporte_lazer,1009,17,14,13
utilidades_domesticas,650,18,20,17
beleza_saude,1250,19,28,17
utilidades_domesticas,850,20,20,20
perfumaria,1059,18,15,15
utilidades_domesticas,6000,74,25,36
esporte_lazer,2350,20,20,20
eletrodomesticos_2,15833,45,45,25
eletrodomesticos,1500,27,13,17
automotivo,400,17,21,11
automotivo,325,20,12,16
brinquedos,850,35,30,20
esporte_lazer,313,21,20,12
eletrodomesticos,300,16,35,25
cama_mesa_banho,2250,34,8,32
esporte_lazer,350,18,12,15
utilidades_domesticas,1500,36,15,16
moveis_sala,8900,56,57,22
cama_mesa_banho,4850,43,15,33
utilidades_domesticas,1675,35,16,35
brinquedos,450,20,10,20
esporte_lazer,950,26,25,22
cama_mesa_banho,2750,45,8,39
cama_mesa_banho,600,20,30,30
climatizacao,167,20,9,15
beleza_saude,350,16,22,24
brinquedos,1000,21,25,32
moveis_sala,1500,31,9,22
esporte_lazer,14600,52,40,42
esporte_lazer,2800,104,5,80
cama_mesa_banho,500,52,6,40
fashion_roupa_feminina,300,36,6,27
eletroportateis,200,30,16,20
esporte_lazer,150,20,25,25
artigos_de_festas,300,16,11,11
beleza_saude,500,16,6,11
beleza_saude,900,28,7,18
papelaria,3175,28,30,40
perfumaria,436,20,13,15
cama_mesa_banho,1700,20,45,35
pet_shop,500,27,9,27
relogios_presentes,466,16,10,12
utilidades_domesticas,2100,39,13,31
esporte_lazer,211,16,22,11
ferramentas_jardim,200,20,5,15
fashion_calcados,1600,20,9,21
moveis_decoracao,1000,20,15,20
automotivo,6100,47,19,23
automotivo,600,19,16,18
informatica_acessorios,600,16,16,16
eletroportateis,3450,53,16,35
automotivo,4200,23,50,23
construcao_ferramentas_jardim,3850,30,16,40
utilidades_domesticas,95,29,32,11
beleza_saude,800,22,22,22
utilidades_domesticas,2250,50,3,30
perfumaria,495,20,15,18
eletroportateis,650,16,45,35
telefonia,55,25,10,15
utilidades_domesticas,700,51,13,11
informatica_acessorios,3100,20,20,20
brinquedos,900,31,8,31
cool_stuff,22600,55,81,31
telefonia,650,23,6,16
moveis_decoracao,650,25,14,19
esporte_lazer,105,20,20,20
utilidades_domesticas,18800,35,92,35
beleza_saude,1400,27,22,39
pet_shop,200,20,15,15
perfumaria,125,24,9,21
moveis_decoracao,8500,35,45,35
pet_shop,8450,53,20,33
papelaria,600,27,4,12
bebes,1100,34,28,21
automotivo,150,21,15,14
cama_mesa_banho,4233,27,40,43
construcao_ferramentas_ferramentas,1050,25,25,25
brinquedos,500,39,26,32
informatica_acessorios,900,40,20,20
esporte_lazer,800,22,15,22
consoles_games,5483,33,31,40
moveis_decoracao,1050,69,11,11
bebes,30000,98,57,45
beleza_saude,650,20,30,20
moveis_decoracao,1300,45,14,35
relogios_presentes,532,19,13,15
portateis_casa_forno_e_cafe,1200,25,25,25
moveis_decoracao,1300,40,10,34
moveis_decoracao,800,45,45,20
ferramentas_jardim,6800,50,40,50
automotivo,1400,25,9,26
perfumaria,425,24,12,16
telefonia,627,17,7,14
moveis_decoracao,450,32,2,22
moveis_decoracao,1750,45,15,35
brinquedos,2300,42,8,42
papelaria,1700,35,60,40
beleza_saude,500,35,6,12
automotivo,2450,38,8,11
construcao_ferramentas_seguranca,725,16,11,11
fashion_bolsas_e_acessorios,300,16,18,11
moveis_decoracao,8600,40,30,40
esporte_lazer,200,16,9,16
cama_mesa_banho,850,25,15,15
agro_industria_e_comercio,12400,55,32,32
utilidades_domesticas,600,25,15,20
cool_stuff,6730,34,28,29
eletronicos,467,16,10,11
cama_mesa_banho,3783,70,20,50
construcao_ferramentas_construcao,200,20,4,20
cool_stuff,500,16,19,15
bebes,3000,30,25,30
construcao_ferramentas_jardim,7400,80,15,60
utilidades_domesticas,6600,32,36,32
malas_acessorios,450,28,19,29
eletrodomesticos,2250,46,21,36
informatica_acessorios,50,40,2,24
agro_industria_e_comercio,50,16,6,13
automotivo,600,17,15,13
eletrodomesticos,1550,30,10,15
informatica_acessorios,600,16,13,13
cool_stuff,4925,42,37,37
esporte_lazer,650,16,8,13
moveis_decoracao,10150,55,30,33
esporte_lazer,5900,28,9,11
artigos_de_festas,3200,27,27,27
beleza_saude,550,48,11,11
cama_mesa_banho,2400,48,18,36
informatica_acessorios,100,17,4,14
automotivo,3900,16,4,11
moveis_decoracao,14900,40,60,40
informatica_acessorios,700,26,4,19
moveis_decoracao,650,40,36,28
esporte_lazer,214,17,11,14
utilidades_domesticas,400,38,17,27
moveis_cozinha_area_de_servico_jantar_e_jardim,15742,16,95,33
bebes,300,30,20,30
cama_mesa_banho,1500,36,14,36
moveis_decoracao,1200,31,11,26
beleza_saude,150,23,7,12
utilidades_domesticas,1350,52,14,41
automotivo,100,16,6,11
cama_mesa_banho,18800,40,30,50
papelaria,3100,30,52,20
eletrodomesticos,5400,32,25,14
esporte_lazer,2243,37,32,33
ferramentas_jardim,650,16,30,20
instrumentos_musicais,1300,35,25,35
moveis_decoracao,150,16,8,16
climatizacao,200,24,8,17
automotivo,700,17,21,11
perfumaria,350,36,6,22
esporte_lazer,750,18,8,14
moveis_decoracao,600,16,16,23
bebes,8400,45,25,45
moveis_decoracao,400,60,7,11
construcao_ferramentas_iluminacao,1050,16,20,16
pet_shop,4800,31,16,26
cama_mesa_banho,3300,45,15,35
automotivo,750,16,11,15
beleza_saude,305,19,13,16
papelaria,500,22,48,38
livros_interesse_geral,1525,19,14,19
eletrodomesticos,350,33,3,36
consoles_games,400,19,7,17
esporte_lazer,1125,30,23,26
beleza_saude,5690,33,28,19
moveis_decoracao,700,41,23,25
cama_mesa_banho,2000,40,15,40
automotivo,14900,105,15,80
cool_stuff,450,18,15,14
eletrodomesticos,30000,61,15,50
beleza_saude,575,16,14,15
cama_mesa_banho,1200,34,6,41
brinquedos,600,20,31,30
cama_mesa_banho,817,32,6,28
moveis_decoracao,11850,23,70,42
moveis_decoracao,900,41,23,25
papelaria,275,17,19,23
cama_mesa_banho,3600,45,15,35
bebes,10400,30,10,30
moveis_decoracao,1400,45,15,35
telefonia,200,18,3,12
malas_acessorios,375,28,19,29
relogios_presentes,600,16,11,17
papelaria,1100,30,12,25
cama_mesa_banho,750,30,4,24
cool_stuff,2985,23,27,20
bebes,1650,39,16,40
industria_comercio_e_negocios,8400,36,25,44
telefonia,500,20,15,30
esporte_lazer,3300,22,22,22
utilidades_domesticas,750,30,5,35
papelaria,2850,18,50,40
beleza_saude,117,14,13,10
casa_construcao,700,16,20,38
automotivo,350,16,6,16
cama_mesa_banho,900,38,20,28
informatica_acessorios,400,18,12,15
beleza_saude,2500,16,16,15
moveis_decoracao,800,35,13,22
cool_stuff,1400,22,29,13
cool_stuff,2425,29,30,19
papelaria,3500,60,20,29
esporte_lazer,2500,55,10,20
cama_mesa_banho,1581,42,18,36
esporte_lazer,150,30,5,40
brinquedos,4580,44,35,35
eletrodomesticos,200,16,35,25
cool_stuff,15800,70,36,48
ferramentas_jardim,300,20,9,14
cama_mesa_banho,1350,36,6,36
relogios_presentes,700,30,10,30
brinquedos,800,30,20,25
malas_acessorios,16250,18,53,39
moveis_cozinha_area_de_servico_jantar_e_jardim,1850,45,15,35
moveis_decoracao,9000,70,25,55
beleza_saude,567,19,11,15
utilidades_domesticas,900,21,21,21
cama_mesa_banho,3200,35,20,30
cama_mesa_banho,2450,16,2,11
moveis_decoracao,500,35,2,25
utilidades_domesticas,450,86,3,16
pet_shop,2450,50,30,40
automotivo,2700,40,16,40
utilidades_domesticas,500,25,12,25
moveis_decoracao,7300,40,40,40
utilidades_domesticas,10483,66,66,56
relogios_presentes,1050,29,8,28
utilidades_domesticas,200,16,10,15
automotivo,3700,25,6,23
cama_mesa_banho,333,25,13,23
moveis_decoracao,850,35,5,26
eletronicos,125,22,11,16
esporte_lazer,350,26,5,13
moveis_decoracao,950,55,11,11
bebes,50,16,10,16
brinquedos,950,50,10,35
esporte_lazer,1300,22,18,18
automotivo,600,32,16,16
moveis_decoracao,8500,50,10,41
utilidades_domesticas,400,24,15,15
utilidades_domesticas,10200,56,30,34
automotivo,500,20,5,20
construcao_ferramentas_iluminacao,350,16,32,16
bebes,2100,62,7,35
utilidades_domesticas,300,30,2,13
cool_stuff,30000,48,75,61
pet_shop,20800,40,40,45
utilidades_domesticas,2350,48,10,39
utilidades_domesticas,2700,35,35,20
relogios_presentes,600,17,11,13
beleza_saude,968,27,20,21
cool_stuff,1419,29,12,14
market_place,200,19,6,14
beleza_saude,5400,18,10,15
brinquedos,1000,30,10,20
ferramentas_jardim,880,22,21,19
utilidades_domesticas,285,19,14,11
malas_acessorios,700,46,10,34
bebes,2100,75,32,23
moveis_decoracao,950,40,2,30
beleza_saude,1627,47,17,34
pet_shop,8017,51,28,39
esporte_lazer,3400,32,24,24
pet_shop,400,20,19,19
relogios_presentes,375,17,12,14
esporte_lazer,6400,30,30,30
brinquedos,1600,48,38,20
papelaria,600,30,40,11
fashion_calcados,900,40,33,26
relogios_presentes,200,16,16,16
utilidades_domesticas,3800,35,28,32
telefonia,50,16,12,16
construcao_ferramentas_construcao,150,20,3,25
fashion_calcados,800,21,9,22
automotivo,3400,78,4,47
beleza_saude,5650,36,26,36
papelaria,250,16,5,25
brinquedos,300,17,9,16
perfumaria,375,21,16,23
esporte_lazer,6050,60,10,60
perfumaria,150,16,4,12
cama_mesa_banho,400,20,10,20
moveis_cozinha_area_de_servico_jantar_e_jardim,3875,95,22,22
esporte_lazer,800,16,16,18
beleza_saude,50,16,14,15
flores,6000,16,16,16
moveis_sala,15900,67,66,61
perfumaria,250,16,14,15
malas_acessorios,1150,20,20,20
utilidades_domesticas,350,20,15,15
fashion_underwear_e_moda_praia,500,30,16,11
moveis_decoracao,500,40,11,35
utilidades_domesticas,3900,57,8,35
utilidades_domesticas,800,17,21,11
cama_mesa_banho,550,28,4,22
livros_interesse_geral,300,30,2,22
esporte_lazer,18200,19,10,22
eletroportateis,2900,30,30,30
brinquedos,500,25,12,15
cool_stuff,10300,80,40,36
utilidades_domesticas,500,20,12,15
consoles_games,400,22,10,16
beleza_saude,2150,33,20,17
alimentos,2000,23,17,17
esporte_lazer,3000,29,40,29
utilidades_domesticas,1350,40,25,22
esporte_lazer,5000,100,9,23
telefonia,500,25,10,25
beleza_saude,200,16,10,11
bebes,100,25,22,22
informatica_acessorios,800,29,16,18
pet_shop,2250,30,30,30
eletrodomesticos,5700,55,19,46
esporte_lazer,1700,25,25,25
papelaria,800,30,3,22
moveis_decoracao,575,63,11,11
eletronicos,1200,36,8,21
utilidades_domesticas,1200,27,10,20
utilidades_domesticas,2700,87,10,30
moveis_decoracao,8100,56,48,38
esporte_lazer,1600,31,33,32
moveis_decoracao,550,35,23,35
perfumaria,390,22,12,15
cool_stuff,2050,40,40,30
utilidades_domesticas,5950,44,2,26
utilidades_domesticas,700,29,13,13
perfumaria,375,16,14,15
esporte_lazer,250,21,26,21
audio,2300,20,20,32
beleza_saude,700,35,35,11
relogios_presentes,350,22,14,27
automotivo,250,16,5,11
esporte_lazer,6650,93,6,93
automotivo,2250,16,15,16
beleza_saude,400,17,5,17
brinquedos,250,16,20,20
ferramentas_jardim,1550,30,22,30
moveis_decoracao,750,41,8,31
beleza_saude,259,21,11,13
informatica_acessorios,150,23,14,14
cama_mesa_banho,3000,45,19,35
malas_acessorios,1300,33,10,49
construcao_ferramentas_construcao,16400,50,38,50
bebidas,3350,40,20,20
ferramentas_jardim,900,24,13,18
brinquedos,1500,30,10,30
relogios_presentes,436,17,12,13
relogios_presentes,175,16,12,14
eletronicos,300,20,15,18
relogios_presentes,800,26,6,26
pet_shop,700,76,8,11
brinquedos,260,16,11,13
brinquedos,600,34,11,29
moveis_decoracao,600,17,12,22
utilidades_domesticas,717,18,19,15
pet_shop,5250,45,15,30
pet_shop,800,38,4,19
esporte_lazer,2300,20,20,20
bebes,9300,82,53,43
automotivo,300,31,17,27
telefonia,100,21,8,14
beleza_saude,417,25,6,16
agro_industria_e_comercio,5350,30,30,20
utilidades_domesticas,10200,30,30,40
cama_mesa_banho,1600,35,8,35
moveis_escritorio,8400,56,56,18
esporte_lazer,500,17,17,17
malas_acessorios,480,16,30,20
cool_stuff,3833,18,35,18
cama_mesa_banho,1900,37,25,36
automotivo,10850,16,2,11
esporte_lazer,4500,26,11,33
cama_mesa_banho,1250,20,16,20
cama_mesa_banho,750,31,9,26
eletronicos,1398,26,15,20
utilidades_domesticas,550,40,10,30
utilidades_domesticas,350,30,5,35
cool_stuff,500,31,7,27
brinquedos,550,30,10,20
automotivo,5667,63,13,63
informatica_acessorios,425,16,9,13
eletrodomesticos,500,17,8,13
utilidades_domesticas,1000,33,25,24
telefonia,67,18,5,11
cama_mesa_banho,3300,46,15,35
esporte_lazer,200,28,10,13
utilidades_domesticas,350,31,10,13
telefonia,300,20,3,11
cama_mesa_banho,800,45,10,30
esporte_lazer,10200,105,18,28
automotivo,4550,56,11,32
consoles_games,225,17,6,15
consoles_games,300,18,6,15
automotivo,1300,30,5,14
automotivo,250,18,18,14
climatizacao,2950,53,21,36
esporte_lazer,700,27,12,49
beleza_saude,27050,60,60,45
brinquedos,600,31,8,25
cama_mesa_banho,1700,31,8,24
beleza_saude,2300,26,30,13
eletronicos,6050,16,61,41
artes,650,50,6,35
esporte_lazer,160,18,8,13
moveis_decoracao,1400,53,8,11
brinquedos,400,20,20,21
audio,6663,17,11,13
cama_mesa_banho,450,27,6,22
moveis_escritorio,7400,54,53,20
eletrodomesticos,6200,50,22,45
esporte_lazer,500,36,10,28
esporte_lazer,188,18,12,17
esporte_lazer,6600,90,20,25
cama_mesa_banho,400,36,6,26
utilidades_domesticas,500,22,22,22
casa_construcao,150,16,16,11
eletronicos,477,18,16,14
beleza_saude,350,16,16,16
brinquedos,325,21,7,16
cool_stuff,2200,42,25,15
moveis_decoracao,300,32,2,32
moveis_decoracao,15200,35,45,45
consoles_games,400,17,7,16
automotivo,5000,16,4,11
informatica_acessorios,550,19,5,12
bebidas,425,28,16,16
moveis_decoracao,2100,25,25,25
bebes,23250,23,50,84
esporte_lazer,2000,23,16,18
cama_mesa_banho,1750,35,35,20
cama_mesa_banho,1500,30,10,25
utilidades_domesticas,550,25,15,15
pet_shop,160,16,11,11
moveis_decoracao,300,34,21,34
flores,250,40,20,25
agro_industria_e_comercio,2663,30,27,25
eletrodomesticos,750,22,7,22
construcao_ferramentas_construcao,1600,26,9,20
utilidades_domesticas,550,18,16,16
moveis_quarto,7975,92,34,36
relogios_presentes,266,17,9,12
beleza_saude,900,20,8,13
esporte_lazer,18100,55,40,48
brinquedos,1700,16,32,46
brinquedos,600,48,10,48
informatica_acessorios,213,15,7,11
ferramentas_jardim,17300,26,26,26
eletroportateis,5150,28,50,28
esporte_lazer,233,22,16,14
esporte_lazer,1020,26,23,20
moveis_escritorio,19067,50,50,52
cama_mesa_banho,950,28,14,16
esporte_lazer,2000,30,10,25
bebes,238,20,10,15
moveis_escritorio,17050,63,62,24
perfumaria,950,16,16,16
bebes,14000,45,84,54
utilidades_domesticas,500,35,15,20
utilidades_domesticas,490,20,18,16
brinquedos,900,30,40,30
cool_stuff,24400,71,68,24
perfumaria,91,17,9,16
automotivo,200,30,20,15
esporte_lazer,6150,20,27,22
relogios_presentes,1150,30,5,30
eletrodomesticos,500,23,16,18
perfumaria,80,11,10,12
automotivo,1400,30,28,28
utilidades_domesticas,450,16,20,15
flores,350,16,11,11
cama_mesa_banho,2000,42,12,34
informatica_acessorios,550,35,10,12
cama_mesa_banho,150,16,6,20
utilidades_domesticas,5250,50,20,40
construcao_ferramentas_construcao,150,18,10,12
esporte_lazer,400,20,50,50
construcao_ferramentas_construcao,958,29,18,25
informatica_acessorios,338,32,6,36
automotivo,5600,80,10,25
market_place,150,25,5,24
automotivo,2250,61,22,22
esporte_lazer,1350,20,30,20
moveis_decoracao,250,16,30,20
bebes,800,31,43,12
bebes,850,50,5,40
informatica_acessorios,350,16,16,11
cama_mesa_banho,150,36,4,28
brinquedos,800,16,26,36
informatica_acessorios,993,27,5,27
utilidades_domesticas,400,25,25,25
cama_mesa_banho,3950,45,10,40
utilidades_domesticas,7225,77,36,34
cama_mesa_banho,1475,38,11,30
esporte_lazer,600,17,2,16
bebes,27067,37,77,52
informatica_acessorios,1600,22,9,23
brinquedos,1675,44,24,23
agro_industria_e_comercio,3000,50,20,30
casa_construcao,1752,19,15,16
brinquedos,500,45,30,30
moveis_decoracao,600,20,10,20
beleza_saude,9900,30,39,38
cama_mesa_banho,700,60,8,50
beleza_saude,275,30,25,25
cama_mesa_banho,1700,30,16,40
utilidades_domesticas,1225,27,26,26
portateis_cozinha_e_preparadores_de_alimentos,10600,40,20,38
moveis_decoracao,2800,50,20,40
informatica_acessorios,366,20,6,15
automotivo,200,16,12,11
moveis_decoracao,1000,44,4,44
moveis_decoracao,400,30,10,30
informatica_acessorios,250,16,4,20
moveis_decoracao,705,26,16,17
esporte_lazer,3300,45,15,35
moveis_decoracao,2350,36,21,36
moveis_decoracao,8450,40,32,40
beleza_saude,700,22,22,22
ferramentas_jardim,350,20,5,20
ferramentas_jardim,2400,31,28,15
esporte_lazer,600,26,5,14
malas_acessorios,16850,38,58,25
relogios_presentes,425,25,12,23
beleza_saude,550,19,12,13
cama_mesa_banho,1200,70,10,50
utilidades_domesticas,500,16,26,11
beleza_saude,200,20,15,20
casa_construcao,15008,47,31,51
esporte_lazer,100,20,15,12
automotivo,1350,33,28,28
cama_mesa_banho,1000,29,8,34
moveis_decoracao,900,40,15,20
moveis_decoracao,250,28,6,31
utilidades_domesticas,525,24,10,24
informatica_acessorios,325,21,21,21
esporte_lazer,1200,60,15,15
telefonia,426,16,12,11
construcao_ferramentas_iluminacao,750,30,28,28
beleza_saude,500,26,19,33
beleza_saude,1217,26,19,22
construcao_ferramentas_seguranca,1150,20,20,20
fashion_bolsas_e_acessorios,317,24,25,21
artigos_de_festas,50,16,4,11
informatica_acessorios,250,30,6,22
eletrodomesticos,1650,29,14,19
pet_shop,800,24,12,12
pet_shop,8600,37,30,39
papelaria,8350,35,60,20
cama_mesa_banho,1025,30,8,20
artigos_de_natal,200,16,11,11
fashion_calcados,1900,36,37,16
livros_tecnicos,950,23,3,16
cama_mesa_banho,4600,50,23,36
beleza_saude,2550,18,16,17
perfumaria,260,19,12,14
beleza_saude,1550,25,23,20
automotivo,2850,26,19,22
papelaria,200,19,20,21
esporte_lazer,1350,105,15,15
beleza_saude,150,16,16,11
pet_shop,5153,47,25,34
utilidades_domesticas,3250,24,30,24
brinquedos,1000,29,29,19
perfumaria,550,21,12,20
eletroportateis,11250,40,40,40
moveis_decoracao,21300,44,44,70
cama_mesa_banho,3000,42,12,40
brinquedos,3110,33,24,43
beleza_saude,1133,25,18,22
livros_importados,500,30,2,20
eletronicos,138,19,17,16
automotivo,200,33,2,22
utilidades_domesticas,14325,33,72,44
market_place,150,22,5,14
brinquedos,725,35,28,25
bebes,3350,31,43,21
cama_mesa_banho,850,25,15,25
casa_construcao,550,17,28,17
esporte_lazer,975,43,23,23
esporte_lazer,1300,42,26,29
automotivo,1950,45,20,45
relogios_presentes,400,18,11,14
fashion_bolsas_e_acessorios,200,16,12,16
beleza_saude,5675,20,18,17
malas_acessorios,950,33,10,49
informatica_acessorios,400,17,7,13
moveis_decoracao,2000,40,20,28
relogios_presentes,500,18,14,17
moveis_decoracao,1500,105,4,15
cama_mesa_banho,575,34,17,28
cool_stuff,1900,30,13,30
moveis_decoracao,800,25,37,36
eletronicos,145,26,7,16
moveis_decoracao,9700,45,30,35
automotivo,1050,30,5,20
informatica_acessorios,50,16,12,11
pet_shop,850,30,20,30
utilidades_domesticas,300,16,9,11
beleza_saude,950,35,25,20
eletroportateis,17600,28,35,50
casa_conforto,600,35,36,20
relogios_presentes,1350,34,8,34
beleza_saude,1050,36,12,22
brinquedos,500,16,30,16
moveis_decoracao,400,16,26,20
moveis_decoracao,400,70,8,70
bebes,450,39,6,27
casa_construcao,288,17,15,15
esporte_lazer,600,30,12,15
perfumaria,200,20,20,11
casa_construcao,600,21,18,21
cama_mesa_banho,303,26,23,23
beleza_saude,382,18,14,14
telefonia,100,18,5,12
beleza_saude,750,22,8,12
beleza_saude,1200,19,17,15
artes,7400,47,25,25
utilidades_domesticas,550,16,26,11
utilidades_domesticas,1450,65,5,35
esporte_lazer,160,17,13,17
cool_stuff,625,30,19,22
cama_mesa_banho,800,16,20,16
informatica_acessorios,1700,45,25,30
relogios_presentes,292,18,10,15
moveis_decoracao,1000,16,11,11
moveis_decoracao,500,65,7,20
moveis_decoracao,200,19,10,16
esporte_lazer,200,16,16,13
construcao_ferramentas_construcao,250,60,60,11
consoles_games,500,16,13,21
bebes,467,24,21,22
brinquedos,1100,40,40,33
cama_mesa_banho,1250,34,6,41
utilidades_domesticas,4075,30,26,30
cama_mesa_banho,7700,20,30,30
moveis_decoracao,300,60,11,11
automotivo,343,19,18,18
brinquedos,725,31,31,27
casa_construcao,1000,40,30,11
cama_mesa_banho,21500,58,50,49
relogios_presentes,342,18,13,15
bebes,350,31,10,12
cama_mesa_banho,1975,43,10,33
informatica_acessorios,600,25,15,15
construcao_ferramentas_construcao,20200,54,20,40
cama_mesa_banho,300,16,12,11
moveis_decoracao,24600,70,67,26
beleza_saude,2200,23,23,20
informatica_acessorios,1150,16,13,25
esporte_lazer,1000,30,30,30
cama_mesa_banho,1550,37,9,30
esporte_lazer,6250,48,21,32
moveis_decoracao,6200,62,6,62
esporte_lazer,30000,88,40,48
automotivo,5888,36,8,24
cama_mesa_banho,400,45,15,35
utilidades_domesticas,50,16,29,11
automotivo,1000,33,15,30
informatica_acessorios,350,28,6,20
moveis_decoracao,600,32,17,32
bebes,7050,51,25,48
telefonia,100,17,5,14
moveis_escritorio,13650,55,27,55
casa_conforto,350,45,15,35
cama_mesa_banho,1800,30,20,70
papelaria,300,22,70,15
livros_interesse_geral,600,17,5,28
cama_mesa_banho,594,15,17,24
perfumaria,300,18,16,17
moveis_decoracao,2050,30,30,20
brinquedos,1400,35,28,16
brinquedos,367,17,13,14
brinquedos,325,31,6,31
bebes,550,40,19,16
utilidades_domesticas,150,27,13,13
utilidades_domesticas,9900,31,61,31
cool_stuff,3600,20,30,20
construcao_ferramentas_jardim,600,70,10,11
brinquedos,300,17,6,17
utilidades_domesticas,900,25,32,25
perfumaria,600,20,12,15
livros_interesse_geral,1000,16,24,16
informatica_acessorios,1238,34,19,24
beleza_saude,200,18,8,14
beleza_saude,1075,17,21,17
informatica_acessorios,700,30,20,30
instrumentos_musicais,9270,103,31,26
esporte_lazer,750,35,15,18
esporte_lazer,350,18,18,18
telefonia,300,15,16,18
automotivo,100,20,13,15
brinquedos,450,25,35,15
cama_mesa_banho,450,43,48,43
eletroportateis,2050,29,22,24
cool_stuff,2400,32,25,39
beleza_saude,100,18,6,13
cool_stuff,5650,73,73,20
fashion_bolsas_e_acessorios,300,17,17,11
papelaria,100,16,7,16
informatica_acessorios,100,18,9,16
esporte_lazer,200,36,5,26
perfumaria,150,16,3,15
eletroportateis,1850,16,33,38
perfumaria,463,19,13,17
informatica_acessorios,500,20,20,20
beleza_saude,200,24,24,16
esporte_lazer,850,20,10,20
utilidades_domesticas,250,33,5,20
moveis_decoracao,21700,42,42,42
moveis_decoracao,600,16,17,17
moveis_decoracao,1850,40,12,20
moveis_decoracao,600,20,28,12
pet_shop,900,25,25,35
ferramentas_jardim,8325,43,14,33
eletroportateis,750,20,15,15
agro_industria_e_comercio,13150,35,63,40
eletrodomesticos,7650,30,50,40
beleza_saude,300,30,20,20
beleza_saude,125,19,15,17
eletrodomesticos_2,14000,49,12,31
construcao_ferramentas_jardim,1513,15,12,12
brinquedos,350,28,10,12
cama_mesa_banho,1250,30,10,30
esporte_lazer,2750,63,56,16
relogios_presentes,217,18,13,15
relogios_presentes,459,18,13,14
automotivo,1900,32,25,25
cama_mesa_banho,375,28,5,19
perfumaria,200,20,16,16
moveis_decoracao,700,30,6,22
pet_shop,300,30,15,30
fashion_bolsas_e_acessorios,50,20,5,13
bebes,19025,51,70,53
papelaria,150,20,15,15
cama_mesa_banho,900,29,4,36
automotivo,800,28,10,18
beleza_saude,208,31,7,20
pet_shop,10100,72,12,52
moveis_decoracao,17100,56,38,48
esporte_lazer,375,30,23,23
cama_mesa_banho,1625,43,8,31
perfumaria,1500,20,25,20
esporte_lazer,1022,28,25,22
bebes,450,30,6,23
bebes,600,25,10,25
pet_shop,150,16,9,11
pet_shop,600,20,6,16
ferramentas_jardim,1800,33,14,11
automotivo,400,36,6,27
automotivo,225,16,3,11
esporte_lazer,2693,29,28,26
automotivo,4825,61,34,36
utilidades_domesticas,24800,34,96,34
casa_construcao,700,39,7,39
moveis_colchao_e_estofado,10750,40,46,35
relogios_presentes,250,20,14,14
beleza_saude,650,40,20,30
informatica_acessorios,125,16,12,14
automotivo,2000,60,8,33
telefonia_fixa,1100,30,7,20
moveis_decoracao,2400,40,37,40
consoles_games,340,17,7,16
cama_mesa_banho,2750,49,13,45
informatica_acessorios,352,20,14,17
utilidades_domesticas,2963,45,33,32
utilidades_domesticas,700,30,10,25
moveis_escritorio,12450,62,16,49
brinquedos,450,18,11,16
perfumaria,500,16,14,14
beleza_saude,300,16,16,11
market_place,550,33,2,33
automotivo,5100,55,15,34
malas_acessorios,850,45,10,31
esporte_lazer,200,16,16,20
beleza_saude,250,24,26,11
cama_mesa_banho,1700,45,15,35
utilidades_domesticas,250,24,5,11
eletroportateis,2550,23,39,23
utilidades_domesticas,9600,60,30,50
cama_mesa_banho,1900,40,10,30
fashion_roupa_feminina,600,16,2,11
brinquedos,650,40,20,20
moveis_decoracao,505,70,9,11
esporte_lazer,100,25,2,17
casa_construcao,750,16,27,16
utilidades_domesticas,650,30,10,20
perfumaria,100,16,3,11
ferramentas_jardim,1625,28,16,25
automotivo,525,60,8,33
brinquedos,350,17,15,17
moveis_decoracao,300,50,11,11
utilidades_domesticas,13800,30,104,30
esporte_lazer,10000,70,60,40
cool_stuff,2367,52,23,28
cama_mesa_banho,1500,55,17,48
beleza_saude,200,16,12,12
utilidades_domesticas,350,30,12,12
cama_mesa_banho,300,70,8,40
utilidades_domesticas,450,16,12,12
informatica_acessorios,300,16,16,16
utilidades_domesticas,275,17,19,11
cool_stuff,200,16,12,11
esporte_lazer,350,67,15,15
construcao_ferramentas_construcao,30000,43,72,43
eletrodomesticos,225,24,13,15
utilidades_domesticas,700,16,23,11
esporte_lazer,2500,36,40,36
automotivo,500,31,16,20
portateis_casa_forno_e_cafe,1625,40,15,40
eletrodomesticos_2,2300,30,30,30
moveis_decoracao,1200,36,20,36
bebes,13650,60,25,40
moveis_decoracao,14000,50,40,50
automotivo,100,21,3,18
cama_mesa_banho,380,34,21,40
automotivo,825,60,8,33
brinquedos,1000,36,21,20
cama_mesa_banho,2900,45,25,35
livros_tecnicos,550,24,4,18
automotivo,120,16,8,11
moveis_decoracao,550,23,16,23
automotivo,2000,34,40,19
perfumaria,448,22,17,17
construcao_ferramentas_construcao,600,16,10,11
utilidades_domesticas,950,30,12,30
casa_construcao,1400,20,20,20
ferramentas_jardim,5550,45,29,22
utilidades_domesticas,50,22,15,12
moveis_sala,6300,50,10,50
artigos_de_natal,600,20,15,15
papelaria,6350,18,47,34
bebes,4075,73,14,48
esporte_lazer,1600,16,50,16
moveis_decoracao,1950,35,11,26
beleza_saude,250,21,26,21
cama_mesa_banho,12050,60,30,40
informatica_acessorios,200,60,11,11
automotivo,250,25,15,15
cama_mesa_banho,600,20,10,20
construcao_ferramentas_ferramentas,700,35,15,15
esporte_lazer,375,33,17,33
automotivo,4750,62,17,22
moveis_decoracao,1200,25,17,25
beleza_saude,467,30,14,19
instrumentos_musicais,100,60,16,11
brinquedos,992,34,13,31
utilidades_domesticas,2100,50,11,50
moveis_decoracao,5500,30,35,30
automotivo,150,16,7,16
moveis_cozinha_area_de_servico_jantar_e_jardim,29500,102,47,42
telefonia,100,16,3,20
ferramentas_jardim,2733,35,32,33
cine_foto,100,16,5,12
ferramentas_jardim,1500,26,24,20
informatica_acessorios,125,18,7,15
cama_mesa_banho,600,34,17,28
informatica_acessorios,500,17,16,12
esporte_lazer,250,16,2,11
esporte_lazer,418,18,13,14
automotivo,2000,20,20,20
informatica_acessorios,5200,47,59,12
utilidades_domesticas,250,30,20,20
perfumaria,100,18,9,12
esporte_lazer,4236,68,20,23
telefonia,183,18,3,11
construcao_ferramentas_jardim,150,16,4,11
automotivo,175,16,11,11
ferramentas_jardim,450,16,7,16
automotivo,5000,53,43,11
brinquedos,243,17,14,16
moveis_sala,2000,26,10,19
utilidades_domesticas,5100,34,31,24
construcao_ferramentas_construcao,7775,60,24,42
moveis_decoracao,1500,30,35,30
cool_stuff,2100,41,32,15
cama_mesa_banho,4900,40,4,30
esporte_lazer,1000,21,26,21
moveis_decoracao,550,30,30,30
cama_mesa_banho,588,24,13,31
pet_shop,2950,24,31,25
utilidades_domesticas,800,19,13,17
utilidades_domesticas,250,20,8,13
informatica_acessorios,200,16,15,15
informatica_acessorios,478,20,14,18
beleza_saude,2000,52,17,35
relogios_presentes,400,20,13,18
cama_mesa_banho,1695,36,9,35
relogios_presentes,667,19,11,14
instrumentos_musicais,600,16,16,16
brinquedos,600,22,12,12
automotivo,13900,62,62,20
fashion_calcados,1200,16,33,19
relogios_presentes,650,16,12,12
utilidades_domesticas,300,16,12,20
utilidades_domesticas,200,22,22,22
bebes,700,42,25,15
esporte_lazer,1134,29,22,23
automotivo,13699,46,53,29
bebes,100,32,3,23
beleza_saude,400,24,8,24
bebes,225,16,10,15
automotivo,500,20,20,20
utilidades_domesticas,300,23,20,23
utilidades_domesticas,200,31,6,33
moveis_decoracao,23375,66,43,66
cama_mesa_banho,20600,45,15,25
fashion_bolsas_e_acessorios,1100,16,5,11
automotivo,183,20,16,17
moveis_decoracao,8950,38,23,38
bebes,10250,55,38,43
utilidades_domesticas,10325,56,23,31
ferramentas_jardim,1900,17,13,31
beleza_saude,248,17,20,16
cama_mesa_banho,2350,43,13,40
perfumaria,400,30,15,15
market_place,313,17,12,14
telefonia,100,17,5,12
bebes,850,25,9,18
cama_mesa_banho,5683,47,36,56
cama_mesa_banho,1000,36,16,36
esporte_lazer,6450,35,25,27
esporte_lazer,350,18,15,15
brinquedos,1600,28,13,21
informatica_acessorios,2275,34,17,23
informatica_acessorios,4350,18,25,18
utilidades_domesticas,100,16,27,12
moveis_decoracao,600,20,35,20
moveis_escritorio,15200,78,45,21
automotivo,300,20,16,16
papelaria,11650,45,25,45
moveis_sala,12800,63,13,63
esporte_lazer,500,25,25,25
utilidades_domesticas,635,27,23,20
utilidades_domesticas,1200,30,30,30
utilidades_domesticas,1050,30,20,20
papelaria,1650,36,47,19
telefonia,50,18,18,18
informatica_acessorios,1000,26,23,23
fashion_roupa_feminina,1200,25,15,25
brinquedos,383,18,12,14
esporte_lazer,350,16,2,20
consoles_games,600,30,20,20
utilidades_domesticas,1300,16,18,11
informatica_acessorios,1150,16,11,28
cama_mesa_banho,900,38,6,29
informatica_acessorios,125,41,15,55
automotivo,150,17,16,17
moveis_escritorio,10975,53,51,18
pet_shop,600,16,20,20
brinquedos,250,23,18,23
bebes,9575,61,41,21
pet_shop,600,20,20,20
moveis_decoracao,483,47,6,34
cama_mesa_banho,2630,26,21,23
utilidades_domesticas,10450,80,15,33
cama_mesa_banho,1100,22,22,22
relogios_presentes,700,24,5,24
cama_mesa_banho,3400,48,16,35
portateis_casa_forno_e_cafe,400,16,17,20
esporte_lazer,650,18,8,15
automotivo,5250,32,16,26
cama_mesa_banho,4000,42,16,36
telefonia,300,23,7,15
esporte_lazer,550,16,16,16
automotivo,200,16,10,11
cama_mesa_banho,300,36,6,26
sinalizacao_e_seguranca,325,22,11,22
esporte_lazer,2000,25,42,25
moveis_escritorio,16100,63,58,26
esporte_lazer,6450,30,30,30
utilidades_domesticas,1000,38,4,25
informatica_acessorios,700,38,12,28
beleza_saude,5300,22,46,32
construcao_ferramentas_construcao,200,19,7,15
cama_mesa_banho,7130,50,17,43
pet_shop,5700,52,23,42
brinquedos,500,30,15,25
fashion_roupa_infanto_juvenil,120,19,11,15
automotivo,8800,50,20,20
beleza_saude,350,26,7,18
consoles_games,450,20,45,30
moveis_decoracao,9900,96,16,49
cama_mesa_banho,1225,43,38,37
esporte_lazer,1300,16,16,18
eletrodomesticos,1400,27,13,17
moveis_decoracao,3900,35,23,35
relogios_presentes,185,22,12,16
utilidades_domesticas,10300,26,30,30
informatica_acessorios,2700,36,9,20
moveis_decoracao,4000,70,12,52
cama_mesa_banho,3500,37,20,60
pet_shop,125,19,10,13
cool_stuff,2100,34,39,51
climatizacao,18438,47,59,39
agro_industria_e_comercio,2000,65,22,38
fashion_esporte,200,22,6,15
moveis_decoracao,1750,20,20,20
automotivo,350,16,40,11
cama_mesa_banho,700,20,30,30
eletronicos,150,30,10,20
perfumaria,178,20,10,16
informatica_acessorios,816,27,13,18
automotivo,425,60,8,33
beleza_saude,275,23,11,13
esporte_lazer,2000,31,36,31
automotivo,5500,45,20,45
moveis_decoracao,10700,100,10,30
moveis_decoracao,2800,36,11,26
esporte_lazer,1450,20,25,20
moveis_decoracao,900,28,11,47
automotivo,500,45,30,11
informatica_acessorios,3150,27,16,18
eletronicos,7100,74,10,20
esporte_lazer,1000,29,25,16
pet_shop,748,26,19,23
brinquedos,1223,20,15,19
alimentos_bebidas,1250,17,17,17
beleza_saude,2825,16,14,15
casa_construcao,1850,45,12,45
moveis_cozinha_area_de_servico_jantar_e_jardim,2000,45,15,35
relogios_presentes,600,19,9,15
perfumaria,600,16,16,22
relogios_presentes,600,20,12,15
brinquedos,1300,40,15,40
utilidades_domesticas,250,35,13,19
esporte_lazer,550,40,10,16
informatica_acessorios,200,18,7,12
esporte_lazer,1500,40,20,40
beleza_saude,450,18,14,16
moveis_decoracao,600,20,15,20
livros_interesse_geral,425,27,3,19
eletrodomesticos,2450,40,17,17
moveis_decoracao,1200,50,11,11
brinquedos,450,21,9,16
eletrodomesticos_2,13300,32,90,22
esporte_lazer,163,21,12,14
brinquedos,1300,40,20,30
utilidades_domesticas,500,16,12,15
esporte_lazer,998,24,26,20
esporte_lazer,2200,48,20,38
utilidades_domesticas,600,37,13,37
beleza_saude,300,16,20,11
beleza_saude,300,20,9,15
perfumaria,200,17,17,12
informatica_acessorios,70,19,12,13
utilidades_domesticas,5950,33,40,33
informatica_acessorios,900,32,27,40
cama_mesa_banho,647,30,5,29
bebes,2950,31,43,21
eletronicos,1200,28,8,18
construcao_ferramentas_iluminacao,550,16,16,16
utilidades_domesticas,1450,50,5,50
eletronicos,420,16,8,12
bebes,100,31,6,31
telefonia,1000,20,30,20
pet_shop,1050,20,20,20
brinquedos,250,20,10,20
eletrodomesticos,500,22,9,19
esporte_lazer,175,18,16,16
utilidades_domesticas,800,30,25,20
informatica_acessorios,220,18,15,16
moveis_decoracao,900,35,10,25
artes_e_artesanato,100,22,2,15
esporte_lazer,400,52,7,12
informatica_acessorios,850,32,19,19
esporte_lazer,150,16,16,20
fashion_bolsas_e_acessorios,150,16,5,16
pet_shop,150,16,16,15
cool_stuff,1500,50,40,30
informatica_acessorios,945,23,13,26
casa_construcao,544,22,13,18
beleza_saude,100,25,15,20
automotivo,9850,39,49,42
esporte_lazer,6192,38,37,38
informatica_acessorios,1000,31,12,11
beleza_saude,400,16,19,11
informatica_acessorios,200,36,15,21
cama_mesa_banho,1450,45,15,35
brinquedos,400,18,6,15
casa_conforto,1200,45,15,35
construcao_ferramentas_seguranca,1936,17,12,13
informatica_acessorios,156,18,12,15
bebes,17550,84,50,25
bebes,5125,34,32,31
perfumaria,465,19,13,16
eletronicos,450,16,16,11
informatica_acessorios,150,24,12,13
construcao_ferramentas_construcao,7125,27,7,27
perfumaria,400,19,11,17
cama_mesa_banho,850,20,12,20
cama_mesa_banho,500,40,4,30
brinquedos,600,30,13,22
beleza_saude,450,26,11,11
eletronicos,100,17,17,17
moveis_escritorio,17950,58,28,58
esporte_lazer,650,24,10,20
automotivo,600,21,8,29
moveis_sala,4900,60,27,20
informatica_acessorios,450,16,4,20
eletrodomesticos,950,45,14,35
telefonia,50,20,20,20
perfumaria,350,16,7,12
cama_mesa_banho,1000,70,20,50
beleza_saude,95,13,9,10
moveis_decoracao,1150,25,23,25
telefonia,150,20,7,14
moveis_decoracao,592,21,18,20
automotivo,6050,47,19,23
informatica_acessorios,100,18,5,13
esporte_lazer,947,28,26,25
beleza_saude,200,20,3,30
brinquedos,2150,33,23,33
cama_mesa_banho,1800,42,7,35
relogios_presentes,300,16,16,16
moveis_decoracao,850,25,5,20
esporte_lazer,120,30,15,15
beleza_saude,650,16,100,11
utilidades_domesticas,600,27,13,27
utilidades_domesticas,9660,31,37,25
utilidades_domesticas,450,17,14,19
eletroportateis,350,16,16,28
eletronicos,473,19,10,15
moveis_decoracao,669,36,21,32
moveis_decoracao,600,65,13,11
esporte_lazer,150,26,16,16
cama_mesa_banho,2700,20,15,20
cool_stuff,5400,52,44,27
moveis_decoracao,800,60,7,11
esporte_lazer,372,21,14,18
bebes,6200,40,35,35
cama_mesa_banho,525,39,14,33
fashion_bolsas_e_acessorios,100,16,6,11
cama_mesa_banho,2600,42,11,36
utilidades_domesticas,6750,35,26,25
beleza_saude,1300,19,19,19
pet_shop,3550,34,11,30
construcao_ferramentas_jardim,650,20,16,20
fraldas_higiene,750,28,15,12
telefonia_fixa,105,14,10,15
eletrodomesticos,450,60,8,36
papelaria,650,17,27,27
ferramentas_jardim,650,20,20,20
informatica_acessorios,275,19,5,16
climatizacao,1750,20,30,20
relogios_presentes,250,22,17,17
utilidades_domesticas,5250,40,11,23
informatica_acessorios,1000,25,25,25
automotivo,300,30,11,16
telefonia,250,27,5,20
bebes,170,19,12,14
instrumentos_musicais,200,16,16,16
consoles_games,250,23,17,23
informatica_acessorios,850,30,30,30
automotivo,300,16,16,15
cama_mesa_banho,641,35,4,26
ferramentas_jardim,1100,26,8,26
moveis_decoracao,850,20,25,20
brinquedos,6500,60,41,41
cool_stuff,700,22,6,18
moveis_decoracao,450,41,8,31
cool_stuff,450,22,12,22
cama_mesa_banho,5800,58,50,49
informatica_acessorios,4300,26,2,38
informatica_acessorios,200,39,9,11
informatica_acessorios,717,35,19,19
moveis_decoracao,1450,24,18,18
construcao_ferramentas_iluminacao,150,16,8,13
construcao_ferramentas_iluminacao,700,16,19,16
ferramentas_jardim,3500,21,23,11
moveis_decoracao,1050,30,30,30
relogios_presentes,450,16,11,20
moveis_decoracao,900,32,24,14
esporte_lazer,24600,31,14,11
utilidades_domesticas,1350,25,10,20
papelaria,1500,25,50,35
sinalizacao_e_seguranca,400,25,20,15
climatizacao,2000,20,10,20
moveis_decoracao,900,30,8,23
bebes,19500,32,75,48
bebes,5350,25,45,16
automotivo,150,30,30,30
livros_interesse_geral,500,16,22,15
construcao_ferramentas_construcao,8250,35,14,35
perfumaria,125,23,13,23
utilidades_domesticas,1450,37,11,32
bebes,6450,62,35,52
automotivo,2400,64,5,39
informatica_acessorios,450,16,2,11
cama_mesa_banho,200,21,8,12
casa_construcao,1300,19,13,14
cama_mesa_banho,1200,67,11,47
informatica_acessorios,150,23,2,17
beleza_saude,1400,42,11,12
moveis_decoracao,8550,40,32,40
beleza_saude,400,24,17,17
cama_mesa_banho,1500,50,10,40
esporte_lazer,1058,28,23,22
esporte_lazer,500,57,14,14
utilidades_domesticas,1475,24,26,26
pet_shop,1000,20,25,16
esporte_lazer,2300,31,37,31
utilidades_domesticas,2000,41,20,27
consoles_games,525,19,19,19
eletronicos,1535,49,8,21
moveis_decoracao,250,62,40,12
esporte_lazer,228,18,11,17
moveis_decoracao,1300,26,8,22
climatizacao,7550,45,50,20
brinquedos,1400,20,20,20
casa_construcao,2850,30,30,30
beleza_saude,200,20,30,20
utilidades_domesticas,750,16,16,16
bebes,275,16,11,11
beleza_saude,400,30,10,17
fashion_bolsas_e_acessorios,250,16,5,11
utilidades_domesticas,600,18,11,25
brinquedos,4250,77,12,29
automotivo,696,16,14,13
esporte_lazer,605,47,12,29
casa_conforto,3300,20,30,46
informatica_acessorios,1150,45,11,11
beleza_saude,2245,23,17,17
cama_mesa_banho,3250,37,10,40
informatica_acessorios,480,27,16,15
moveis_decoracao,1350,30,5,45
eletronicos,1400,33,12,26
automotivo,2450,30,20,11
sinalizacao_e_seguranca,10200,16,45,53
pet_shop,6950,50,19,42
malas_acessorios,1550,30,50,20
beleza_saude,507,20,13,16
esporte_lazer,650,20,20,20
utilidades_domesticas,13850,50,17,50
utilidades_domesticas,2600,24,19,24
utilidades_domesticas,75,11,23,11
esporte_lazer,750,16,16,16
moveis_decoracao,22183,52,41,52
cool_stuff,2000,28,36,27
cool_stuff,100,16,3,23
esporte_lazer,267,14,19,16
eletronicos,300,25,7,16
market_place,300,20,22,20
perfumaria,366,17,14,16
construcao_ferramentas_construcao,400,27,11,16
esporte_lazer,1440,23,22,11
eletroportateis,5150,41,26,37
construcao_ferramentas_iluminacao,1650,34,33,11
informatica_acessorios,300,16,4,20
moveis_decoracao,18050,51,8,51
automotivo,50,16,18,14
relogios_presentes,450,20,12,20
utilidades_domesticas,1205,35,9,35
market_place,1150,25,28,13
brinquedos,600,21,14,21
automotivo,3767,32,23,26
informatica_acessorios,1200,23,17,28
cama_mesa_banho,500,50,10,45
beleza_saude,365,20,11,15
informatica_acessorios,225,16,13,11
utilidades_domesticas,550,42,11,23
relogios_presentes,675,17,11,16
esporte_lazer,3354,25,25,19
automotivo,550,20,6,13
automotivo,4850,23,50,23
fashion_bolsas_e_acessorios,100,18,9,11
casa_construcao,3000,30,35,30
relogios_presentes,225,16,14,14
ferramentas_jardim,6033,29,36,38
construcao_ferramentas_construcao,8600,60,20,40
pet_shop,122,17,10,14
agro_industria_e_comercio,4050,11,18,10
papelaria,750,25,13,21
cama_mesa_banho,367,48,4,40
cama_mesa_banho,500,36,8,38
esporte_lazer,300,20,7,14
esporte_lazer,750,35,20,20
beleza_saude,450,20,6,15
instrumentos_musicais,150,16,2,11
industria_comercio_e_negocios,2138,77,26,18
bebes,2950,30,10,40
beleza_saude,1200,40,11,18
brinquedos,5200,48,27,18
beleza_saude,100,16,22,24
utilidades_domesticas,1600,48,48,33
instrumentos_musicais,5350,47,23,25
pet_shop,9850,16,72,92
pet_shop,1500,20,30,30
moveis_decoracao,1067,34,12,29
esporte_lazer,667,25,10,23
perfumaria,500,20,10,16
utilidades_domesticas,3100,30,40,40
cama_mesa_banho,1650,47,21,41
audio,725,17,13,14
esporte_lazer,150,20,18,20
pet_shop,900,40,30,20
beleza_saude,150,20,17,22
eletronicos,4100,20,15,13
automotivo,850,30,5,20
perfumaria,728,23,15,16
perfumaria,350,20,16,21
casa_construcao,250,16,11,11
construcao_ferramentas_construcao,300,16,9,11
cama_mesa_banho,2300,40,7,30
cama_mesa_banho,725,31,7,31
brinquedos,600,52,15,20
informatica_acessorios,150,31,3,28
utilidades_domesticas,900,30,30,30
utilidades_domesticas,900,35,32,12
informatica_acessorios,150,16,4,16
cool_stuff,1650,35,46,21
instrumentos_musicais,5000,35,9,103
consoles_games,550,17,18,17
esporte_lazer,1000,16,6,12
informatica_acessorios,1350,30,5,22
pet_shop,1100,30,9,20
cama_mesa_banho,2400,30,30,30
automotivo,50,16,16,12
moveis_escritorio,7417,102,46,11
utilidades_domesticas,700,30,5,25
informatica_acessorios,700,32,12,12
construcao_ferramentas_iluminacao,12000,45,35,45
esporte_lazer,350,17,10,17
esporte_lazer,50,16,24,13
utilidades_domesticas,1500,35,15,35
cama_mesa_banho,2950,20,30,30
cama_mesa_banho,9625,50,30,35
telefonia,200,20,20,13
consoles_games,200,19,2,14
ferramentas_jardim,400,30,10,20
papelaria,100,24,7,14
sinalizacao_e_seguranca,5000,50,50,30
market_place,527,16,14,14
informatica_acessorios,950,22,10,15
brinquedos,650,22,4,32
esporte_lazer,300,21,19,19
malas_acessorios,338,22,25,23
telefonia_fixa,850,16,9,14
informatica_acessorios,400,20,5,12
papelaria,550,20,30,20
papelaria,3700,25,35,28
cama_mesa_banho,4050,40,12,38
ferramentas_jardim,2067,33,14,15
eletroportateis,600,28,21,22
malas_acessorios,600,47,10,31
eletrodomesticos_2,400,16,7,16
esporte_lazer,10200,105,15,28
construcao_ferramentas_seguranca,1008,33,14,26
construcao_ferramentas_iluminacao,2500,34,16,23
esporte_lazer,300,18,15,13
fashion_underwear_e_moda_praia,300,17,9,27
relogios_presentes,1500,23,15,19
perfumaria,550,16,2,11
beleza_saude,2475,16,14,15
pet_shop,10450,47,47,27
automotivo,250,16,2,11
moveis_decoracao,2800,104,9,11
utilidades_domesticas,1000,20,15,18
telefonia,370,17,6,11
pet_shop,300,16,11,16
papelaria,3000,30,10,30
pet_shop,500,24,11,24
market_place,1150,21,34,34
automotivo,3600,30,10,20
utilidades_domesticas,10700,26,87,48
automotivo,1650,32,22,32
artes,350,28,4,22
utilidades_domesticas,363,60,6,11
eletronicos,2100,25,9,32
consoles_games,110,20,3,18
automotivo,5300,78,4,47
automotivo,14350,63,63,21
relogios_presentes,350,25,16,16
construcao_ferramentas_construcao,367,38,21,23
automotivo,500,20,15,15
utilidades_domesticas,1100,16,30,11
perfumaria,130,16,4,11
esporte_lazer,3800,28,30,25
informatica_acessorios,800,18,9,16
papelaria,350,18,23,16
esporte_lazer,353,23,15,16
cama_mesa_banho,1400,20,30,26
utilidades_domesticas,1100,36,20,20
moveis_decoracao,1000,21,11,16
cool_stuff,383,17,9,13
automotivo,350,20,20,20
bebes,850,68,8,13
moveis_decoracao,1300,38,12,22
perfumaria,200,16,10,15
beleza_saude,1650,17,28,19
moveis_decoracao,2200,32,5,22
moveis_escritorio,3875,35,52,34
beleza_saude,200,25,6,15
cool_stuff,250,28,20,16
moveis_decoracao,1500,37,27,37
cama_mesa_banho,11500,50,25,25
beleza_saude,625,29,20,24
brinquedos,600,25,12,40
relogios_presentes,2225,29,4,26
perfumaria,449,19,14,14
esporte_lazer,1500,26,18,18
perfumaria,200,22,7,14
cama_mesa_banho,400,18,8,18
pet_shop,500,20,10,20
esporte_lazer,400,30,16,16
relogios_presentes,575,23,5,21
utilidades_domesticas,100,22,6,11
beleza_saude,200,17,8,12
cama_mesa_banho,350,45,16,20
utilidades_domesticas,750,55,8,23
brinquedos,2650,39,17,39
beleza_saude,700,27,9,18
cine_foto,600,16,12,16
automotivo,4200,77,4,47
informatica_acessorios,643,27,19,25
utilidades_domesticas,900,25,9,23
automotivo,4400,78,4,47
cama_mesa_banho,800,29,9,22
utilidades_domesticas,600,20,10,13
cama_mesa_banho,2908,67,15,48
moveis_decoracao,300,35,10,35
beleza_saude,1650,30,12,16
utilidades_domesticas,3000,57,22,20
cool_stuff,83,22,10,16
consoles_games,683,20,14,17
beleza_saude,400,16,2,11
beleza_saude,187,12,7,8
cama_mesa_banho,750,45,15,35
esporte_lazer,233,20,18,18
fashion_bolsas_e_acessorios,300,22,13,22
cool_stuff,500,16,6,16
utilidades_domesticas,9800,40,40,50
fashion_esporte,150,16,12,12
relogios_presentes,200,18,10,18
pet_shop,450,40,20,30
artes,600,20,10,15
cama_mesa_banho,18050,16,10,16
cama_mesa_banho,1500,46,3,34
bebes,400,56,2,69
esporte_lazer,1100,27,9,14
automotivo,450,35,5,35
moveis_decoracao,250,18,9,14
automotivo,3500,53,43,11
eletrodomesticos,14050,55,19,46
cama_mesa_banho,1250,35,10,20
moveis_decoracao,500,20,15,20
construcao_ferramentas_iluminacao,525,23,11,23
cama_mesa_banho,200,25,5,20
perfumaria,700,30,10,30
ferramentas_jardim,725,30,9,27
esporte_lazer,1150,40,20,20
eletronicos,125,18,8,12
moveis_decoracao,28600,41,43,91
cool_stuff,525,15,29,33
utilidades_domesticas,1900,24,21,15
moveis_decoracao,8200,30,30,30
beleza_saude,338,20,14,19
telefonia,450,20,10,15
automotivo,1133,17,11,13
consoles_games,617,21,12,17
bebes,500,25,12,20
livros_importados,400,16,8,11
cama_mesa_banho,1500,50,16,16
beleza_saude,15500,55,40,40
eletronicos,960,30,8,22
beleza_saude,1050,20,10,20
fashion_bolsas_e_acessorios,250,16,2,20
moveis_sala,3325,30,11,30
relogios_presentes,750,18,11,13
cama_mesa_banho,1250,25,10,25
bebes,10400,79,23,23
moveis_escritorio,10500,52,50,16
telefonia,100,18,4,12
informatica_acessorios,450,20,15,16
ferramentas_jardim,800,16,8,23
bebes,2300,31,34,21
automotivo,600,21,18,13
cool_stuff,550,16,14,20
relogios_presentes,488,19,12,15
esporte_lazer,1200,20,20,25
malas_acessorios,950,42,22,26
eletronicos,148,17,15,15
bebes,250,18,8,18
beleza_saude,153,23,24,22
bebes,8200,50,28,35
esporte_lazer,200,20,10,11
esporte_lazer,125,16,7,14
papelaria,3270,23,25,16
esporte_lazer,1100,50,20,20
utilidades_domesticas,2600,62,42,13
esporte_lazer,400,24,17,20
malas_acessorios,1150,35,14,29
telefonia,128,15,8,13
alimentos_bebidas,200,16,11,12
alimentos_bebidas,1350,28,15,20
bebes,200,16,14,16
cama_mesa_banho,700,32,11,23
esporte_lazer,1067,30,29,27
tablets_impressao_imagem,550,32,27,40
perfumaria,250,20,20,20
utilidades_domesticas,600,55,18,37
pet_shop,1150,20,90,20
casa_conforto,4775,40,20,60
automotivo,1277,30,25,27
esporte_lazer,728,21,18,15
brinquedos,800,40,30,30
moveis_sala,11300,50,20,50
malas_acessorios,3700,37,42,39
climatizacao,1000,53,16,11
beleza_saude,410,16,9,13
esporte_lazer,200,30,5,16
moveis_decoracao,1300,30,25,25
ferramentas_jardim,300,16,6,11
telefonia_fixa,290,17,8,13
perfumaria,350,19,4,19
utilidades_domesticas,4100,55,16,30
eletronicos,500,20,5,12
beleza_saude,3250,26,33,12
brinquedos,447,25,8,26
moveis_decoracao,200,35,10,25
moveis_decoracao,18800,60,70,60
esporte_lazer,1155,21,22,18
cama_mesa_banho,2150,16,50,40
esporte_lazer,491,16,12,13
papelaria,300,21,10,15
cool_stuff,5417,35,42,30
bebes,2400,45,15,40
pet_shop,750,20,20,30
cama_mesa_banho,1400,30,5,30
cama_mesa_banho,1500,55,25,35
cama_mesa_banho,1050,45,15,35
papelaria,6550,38,30,28
moveis_decoracao,1350,100,7,15
esporte_lazer,16450,41,36,36
informatica_acessorios,83,19,8,15
beleza_saude,1800,30,18,11
brinquedos,300,50,5,35
beleza_saude,525,23,12,15
eletrodomesticos_2,17600,65,55,35
automotivo,200,25,3,14
cama_mesa_banho,900,30,9,20
beleza_saude,1125,29,25,16
automotivo,200,30,30,30
esporte_lazer,5200,45,25,30
informatica_acessorios,917,30,16,16
alimentos_bebidas,1800,20,20,20
eletronicos,300,16,5,20
ferramentas_jardim,2100,30,30,25
esporte_lazer,15600,69,57,22
telefonia_fixa,900,20,20,20
esporte_lazer,16897,65,36,30
utilidades_domesticas,4750,22,22,22
agro_industria_e_comercio,6950,36,30,33
brinquedos,800,31,10,26
informatica_acessorios,825,29,14,20
perfumaria,386,22,19,18
utilidades_domesticas,3975,41,31,31
utilidades_domesticas,800,24,14,24
automotivo,1700,16,16,16
fashion_calcados,1650,36,37,16
utilidades_domesticas,2000,100,28,20
utilidades_domesticas,1600,25,25,25
beleza_saude,275,32,4,22
brinquedos,250,16,26,16
utilidades_domesticas,5925,35,23,23
eletronicos,200,16,5,11
esporte_lazer,927,23,21,20
fashion_bolsas_e_acessorios,50,16,6,11
moveis_decoracao,2000,32,5,22
relogios_presentes,277,23,15,23
brinquedos,400,16,18,22
esporte_lazer,575,20,16,16
fashion_bolsas_e_acessorios,600,43,16,27
esporte_lazer,350,24,4,14
moveis_decoracao,3100,30,30,30
brinquedos,748,37,7,36
ferramentas_jardim,950,16,32,13
cool_stuff,1925,30,33,28
livros_tecnicos,400,16,2,23
esporte_lazer,350,20,35,20
alimentos,2717,25,16,17
esporte_lazer,2825,30,25,25
moveis_decoracao,1275,55,14,14
esporte_lazer,7000,50,30,30
beleza_saude,425,17,11,14
automotivo,3500,21,17,16
esporte_lazer,2200,36,20,30
telefonia,700,32,15,21
utilidades_domesticas,350,35,20,35
moveis_decoracao,1200,30,5,20
brinquedos,600,19,39,25
instrumentos_musicais,11800,36,23,64
agro_industria_e_comercio,200,24,13,13
moveis_decoracao,1500,49,11,49
bebes,200,18,8,24
moveis_decoracao,2500,38,7,28
perfumaria,308,22,17,20
moveis_escritorio,650,23,15,15
cool_stuff,800,16,23,15
moveis_decoracao,3500,40,20,40
esporte_lazer,1100,30,34,29
moveis_decoracao,4750,50,8,30
cama_mesa_banho,2300,42,10,36
cama_mesa_banho,6700,50,20,40
beleza_saude,1450,20,20,20
brinquedos,2500,36,20,28
esporte_lazer,200,26,16,16
esporte_lazer,1000,27,15,22
moveis_decoracao,2200,30,35,30
moveis_decoracao,4200,105,3,70
papelaria,1700,22,50,30
automotivo,1950,20,20,20
papelaria,9700,35,60,40
construcao_ferramentas_construcao,200,17,12,20
moveis_quarto,10000,65,35,35
moveis_decoracao,1500,43,5,30
cama_mesa_banho,1150,37,9,30
perfumaria,1700,20,24,30
relogios_presentes,600,20,13,18
brinquedos,2800,71,13,36
malas_acessorios,800,45,10,32
esporte_lazer,891,25,19,20
bebes,1000,30,10,25
brinquedos,6500,61,25,41
esporte_lazer,450,36,18,18
cama_mesa_banho,600,30,12,12
perfumaria,550,25,15,17
malas_acessorios,200,16,5,16
papelaria,200,51,15,15
informatica_acessorios,1050,105,11,12
esporte_lazer,800,26,14,16
telefonia,125,19,5,11
utilidades_domesticas,1500,32,15,32
beleza_saude,500,16,13,13
utilidades_domesticas,1600,16,27,40
informatica_acessorios,550,16,14,17
esporte_lazer,800,21,26,21
informatica_acessorios,2400,60,45,20
ferramentas_jardim,850,24,9,27
beleza_saude,675,23,15,14
pet_shop,300,18,9,13
informatica_acessorios,200,16,19,16
eletronicos,433,20,11,16
bebes,3900,41,17,49
informatica_acessorios,400,21,7,28
casa_conforto,900,30,20,30
cama_mesa_banho,9550,33,44,33
beleza_saude,525,21,18,16
informatica_acessorios,125,14,11,11
telefonia,150,19,4,20
beleza_saude,1183,20,24,19
livros_interesse_geral,1900,16,2,11
esporte_lazer,11780,56,29,29
cama_mesa_banho,1200,44,2,35
beleza_saude,160,14,15,14
moveis_sala,1925,40,35,19
moveis_decoracao,400,16,2,11
moveis_cozinha_area_de_servico_jantar_e_jardim,4550,55,10,35
beleza_saude,300,16,10,20
beleza_saude,300,17,7,12
sinalizacao_e_seguranca,250,16,7,11
cama_mesa_banho,2650,16,16,62
moveis_decoracao,200,105,20,60
bebes,1400,20,15,15
informatica_acessorios,225,16,5,13
ferramentas_jardim,255,29,9,20
automotivo,6050,40,30,30
fashion_bolsas_e_acessorios,1000,20,10,20
beleza_saude,175,18,11,11
cama_mesa_banho,3050,45,20,25
livros_tecnicos,800,23,3,16
ferramentas_jardim,1100,16,6,11
moveis_decoracao,8400,40,30,40
automotivo,200,16,5,16
moveis_decoracao,1600,35,10,35
moveis_decoracao,1550,40,15,35
moveis_decoracao,5900,52,53,18
relogios_presentes,400,17,10,12
moveis_quarto,200,16,2,11
cama_mesa_banho,4300,35,35,35
informatica_acessorios,1550,20,4,20
cool_stuff,700,16,16,16
utilidades_domesticas,500,25,25,25
esporte_lazer,600,50,5,16
pet_shop,127,18,10,14
fashion_bolsas_e_acessorios,200,19,11,15
automotivo,2200,16,16,16
perfumaria,350,18,13,18
automotivo,375,17,4,14
relogios_presentes,300,28,10,18
moveis_decoracao,8050,82,6,82
bebes,400,29,18,17
pet_shop,350,20,20,20
construcao_ferramentas_ferramentas,800,30,30,30
esporte_lazer,10450,33,10,11
construcao_ferramentas_construcao,1000,60,15,30
livros_tecnicos,600,17,24,11
moveis_decoracao,1750,30,37,23
cama_mesa_banho,713,34,6,29
pet_shop,2700,40,12,40
livros_interesse_geral,550,20,16,16
beleza_saude,1300,27,9,18
esporte_lazer,2250,20,20,20
alimentos,250,16,16,16
esporte_lazer,2400,20,20,20
automotivo,10500,65,65,14
perfumaria,200,18,3,11
cama_mesa_banho,2150,35,9,33
pcs,8750,41,41,21
moveis_decoracao,8200,100,7,70
cama_mesa_banho,2350,40,6,30
ferramentas_jardim,200,39,3,13
construcao_ferramentas_seguranca,200,20,20,20
esporte_lazer,200,18,11,13
informatica_acessorios,250,43,2,30
pet_shop,1500,35,20,25
automotivo,200,16,6,11
bebes,900,35,22,45
perfumaria,540,23,13,19
brinquedos,850,40,30,16
eletroportateis,400,27,13,17
esporte_lazer,150,27,31,18
casa_construcao,8300,40,30,25
esporte_lazer,1900,47,14,35
cool_stuff,5200,37,20,34
beleza_saude,1650,18,19,13
automotivo,14100,16,2,11
beleza_saude,600,20,5,15
brinquedos,2850,65,24,16
moveis_decoracao,1350,34,6,28
relogios_presentes,500,16,14,11
utilidades_domesticas,14250,50,42,41
esporte_lazer,1400,16,27,16
livros_tecnicos,450,23,2,16
ferramentas_jardim,1733,22,21,19
utilidades_domesticas,2000,40,12,40
bebidas,400,34,13,26
moveis_decoracao,900,40,5,40
cama_mesa_banho,2600,35,9,25
brinquedos,3000,43,19,37
cama_mesa_banho,2300,25,25,25
papelaria,1700,20,55,35
malas_acessorios,19200,40,77,55
automotivo,450,16,5,11
telefonia_fixa,1850,26,21,23
pet_shop,100,27,9,26
beleza_saude,600,20,8,13
papelaria,700,46,10,33
cama_mesa_banho,1700,30,10,38
bebes,3045,55,60,30
esporte_lazer,4000,26,26,26
automotivo,4725,40,25,30
automotivo,450,23,25,24
utilidades_domesticas,1400,24,7,12
cool_stuff,1000,40,40,30
construcao_ferramentas_construcao,13600,36,8,36
eletronicos,200,16,7,11
moveis_decoracao,400,16,25,15
telefonia,400,16,5,11
moveis_decoracao,3300,33,8,33
esporte_lazer,425,20,14,17
beleza_saude,550,18,16,18
consoles_games,650,20,30,25
pet_shop,150,16,50,16
moveis_decoracao,7000,16,50,55
pet_shop,300,27,9,27
moveis_decoracao,400,20,5,20
industria_comercio_e_negocios,10300,48,37,30
utilidades_domesticas,2300,67,44,13
perfumaria,512,30,12,18
brinquedos,200,16,17,11
moveis_decoracao,1650,43,36,25
esporte_lazer,10825,60,25,34
bebidas,1700,33,33,15
beleza_saude,431,19,17,15
informatica_acessorios,1025,32,14,12
moveis_decoracao,1700,45,15,35
bebes,300,22,10,17
utilidades_domesticas,1100,23,12,17
moveis_decoracao,100,16,11,16
cool_stuff,250,23,8,19
construcao_ferramentas_construcao,2550,29,31,30
moveis_decoracao,350,16,16,16
brinquedos,756,32,21,24
moveis_decoracao,1100,25,23,25
cama_mesa_banho,1250,41,7,41
telefonia,600,21,23,22
informatica_acessorios,175,20,20,20
cool_stuff,493,30,20,16
informatica_acessorios,2550,30,10,22
papelaria,450,28,32,23
artigos_de_natal,300,16,6,17
brinquedos,325,30,8,18
bebes,1200,25,13,18
cama_mesa_banho,4700,20,30,30
moveis_decoracao,11200,41,41,23
construcao_ferramentas_construcao,16750,35,35,101
beleza_saude,330,52,55,39
moveis_decoracao,7600,40,35,35
automotivo,1850,41,18,40
informatica_acessorios,175,17,12,11
beleza_saude,488,23,14,17
fashion_calcados,250,29,7,16
cool_stuff,2250,30,33,28
beleza_saude,600,21,14,14
construcao_ferramentas_construcao,10150,48,23,48
brinquedos,525,24,25,23
beleza_saude,3200,16,35,11
beleza_saude,500,20,6,11
moveis_decoracao,750,80,10,60
telefonia,200,17,17,17
cama_mesa_banho,19200,58,44,53
informatica_acessorios,6725,23,13,14
papelaria,400,25,15,11
construcao_ferramentas_construcao,6400,48,16,38
cool_stuff,500,20,20,15
moveis_decoracao,1300,24,39,22
papelaria,400,28,10,18
construcao_ferramentas_construcao,350,16,7,11
beleza_saude,250,16,2,11
informatica_acessorios,1600,40,15,25
cool_stuff,3400,37,27,22
telefonia,100,16,14,15
beleza_saude,700,23,5,11
brinquedos,1473,38,15,21
moveis_decoracao,350,33,4,28
pet_shop,250,25,16,16
beleza_saude,1075,26,14,17
ferramentas_jardim,170,16,10,12
fashion_underwear_e_moda_praia,200,36,4,20
utilidades_domesticas,13800,43,67,27
esporte_lazer,488,17,16,17
utilidades_domesticas,4088,40,23,25
consoles_games,1750,29,3,21
perfumaria,300,18,16,12
moveis_decoracao,8400,50,20,36
relogios_presentes,400,24,9,16
papelaria,13300,45,20,35
utilidades_domesticas,700,21,10,17
cama_mesa_banho,6225,47,32,50
construcao_ferramentas_seguranca,640,22,15,17
utilidades_domesticas,975,23,25,23
beleza_saude,1350,24,24,24
brinquedos,10975,94,38,13
esporte_lazer,1025,25,16,18
bebes,400,25,10,30
moveis_decoracao,1550,105,6,30
beleza_saude,50,16,11,11
cama_mesa_banho,3900,42,16,36
brinquedos,2000,50,15,30
ferramentas_jardim,11900,30,40,30
cool_stuff,5350,40,20,40
audio,1000,20,16,16
esporte_lazer,158,19,13,16
brinquedos,1300,52,9,32
moveis_decoracao,350,32,2,22
utilidades_domesticas,650,25,20,25
malas_acessorios,4200,40,55,15
esporte_lazer,1500,36,6,26
automotivo,1700,33,27,26
construcao_ferramentas_construcao,971,36,26,24
consoles_games,4700,35,22,32
automotivo,1500,18,27,15
moveis_decoracao,550,16,40,15
beleza_saude,700,25,25,25
automotivo,3250,30,30,20
construcao_ferramentas_ferramentas,950,23,14,11
brinquedos,450,16,13,16
cama_mesa_banho,18050,50,30,45
relogios_presentes,675,16,11,11
automotivo,3000,28,5,30
moveis_decoracao,650,35,2,26
artes,2200,35,28,26
utilidades_domesticas,350,25,25,25
moveis_decoracao,10150,35,40,35
automotivo,900,30,15,15
perfumaria,1850,32,24,22
utilidades_domesticas,750,55,6,35
relogios_presentes,300,34,5,16
construcao_ferramentas_construcao,6650,45,19,45
consoles_games,530,18,8,14
automotivo,100,18,4,11
pet_shop,4000,48,19,31
malas_acessorios,1050,40,10,35
esporte_lazer,1600,102,6,11
automotivo,850,28,15,22
ferramentas_jardim,8800,33,102,26
brinquedos,1400,25,40,45
industria_comercio_e_negocios,6400,42,30,22
esporte_lazer,525,18,18,18
bebes,600,28,20,23
esporte_lazer,2600,30,10,30
informatica_acessorios,800,21,6,28
moveis_sala,7760,54,52,34
esporte_lazer,500,20,20,15
telefonia,100,18,4,13
automotivo,350,16,18,15
perfumaria,470,21,16,16
cama_mesa_banho,1000,32,17,52
moveis_decoracao,5950,64,8,64
artigos_de_festas,4100,33,18,33
utilidades_domesticas,3750,32,12,32
utilidades_domesticas,1350,16,26,11
cama_mesa_banho,1000,25,10,25
moveis_decoracao,2600,17,17,60
cama_mesa_banho,5000,42,16,37
utilidades_domesticas,13250,66,19,40
utilidades_domesticas,1590,38,20,23
beleza_saude,250,16,4,15
beleza_saude,400,25,15,15
papelaria,650,21,7,15
beleza_saude,150,16,16,16
automotivo,1600,26,12,24
esporte_lazer,100,20,18,18
esporte_lazer,800,60,15,15
automotivo,6500,42,22,42
ferramentas_jardim,200,16,12,11
informatica_acessorios,400,22,8,15
papelaria,750,17,6,17
brinquedos,800,50,6,29
pet_shop,700,16,27,16
esporte_lazer,21200,28,8,28
livros_interesse_geral,150,28,2,19
cama_mesa_banho,1200,45,10,15
automotivo,1500,30,20,60
brinquedos,1111,50,8,37
agro_industria_e_comercio,650,46,4,15
utilidades_domesticas,450,30,15,15
informatica_acessorios,400,17,4,17
informatica_acessorios,250,32,2,15
construcao_ferramentas_jardim,185,21,7,14
construcao_ferramentas_ferramentas,1721,21,20,21
pet_shop,620,14,8,12
brinquedos,573,23,21,25
moveis_escritorio,10475,52,51,17
eletronicos,150,22,11,14
agro_industria_e_comercio,900,20,5,11
livros_interesse_geral,350,24,32,16
sinalizacao_e_seguranca,400,20,10,15
eletronicos,575,26,15,18
informatica_acessorios,617,17,18,23
esporte_lazer,7800,46,36,36
beleza_saude,350,35,3,12
brinquedos,275,20,13,14
cama_mesa_banho,1150,43,8,33
casa_construcao,9300,82,8,82
brinquedos,6284,64,39,28
utilidades_domesticas,1950,30,20,20
beleza_saude,1100,30,12,16
brinquedos,900,30,15,30
cama_mesa_banho,500,40,8,30
livros_interesse_geral,800,25,12,16
automotivo,550,20,20,20
cama_mesa_banho,1250,30,30,30
telefonia,100,16,2,11
ferramentas_jardim,550,32,7,13
moveis_decoracao,2850,69,11,11
esporte_lazer,1225,25,22,22
eletroportateis,1100,34,11,25
esporte_lazer,100,16,5,11
brinquedos,2383,34,11,34
utilidades_domesticas,500,33,12,18
beleza_saude,400,34,4,22
ferramentas_jardim,4750,27,39,31
moveis_decoracao,15100,50,40,40
informatica_acessorios,400,41,3,29
moveis_decoracao,600,17,17,60
informatica_acessorios,450,16,3,15
perfumaria,200,16,14,12
utilidades_domesticas,1100,30,10,30
papelaria,250,19,11,14
utilidades_domesticas,200,40,2,30
cool_stuff,400,17,8,26
informatica_acessorios,200,16,14,13
instrumentos_musicais,1300,53,19,20
moveis_decoracao,1600,100,7,15
automotivo,12300,62,62,19
informatica_acessorios,375,16,9,15
utilidades_domesticas,1900,47,11,25
esporte_lazer,2950,28,18,18
moveis_quarto,7000,92,34,36
beleza_saude,1183,24,22,21
casa_construcao,1200,21,44,11
perfumaria,700,18,6,17
utilidades_domesticas,1183,38,18,26
brinquedos,1256,28,26,30
portateis_cozinha_e_preparadores_de_alimentos,750,30,30,30
moveis_decoracao,3700,30,30,30
artigos_de_natal,50,16,6,11
informatica_acessorios,400,26,14,12
telefonia,567,16,5,11
cama_mesa_banho,600,21,12,14
informatica_acessorios,963,25,18,18
bebes,1625,51,22,45
construcao_ferramentas_construcao,250,19,12,15
beleza_saude,450,16,19,15
pet_shop,125,23,13,21
moveis_decoracao,300,24,10,13
eletronicos,200,22,6,16
esporte_lazer,185,23,17,23
malas_acessorios,350,25,10,20
cine_foto,150,19,2,20
relogios_presentes,1150,17,4,22
cama_mesa_banho,500,46,16,66
moveis_cozinha_area_de_servico_jantar_e_jardim,30000,80,53,53
construcao_ferramentas_ferramentas,825,21,16,16
beleza_saude,550,19,15,15
papelaria,1100,50,10,40
beleza_saude,1300,26,30,22
utilidades_domesticas,1600,25,40,25
beleza_saude,700,33,18,18
brinquedos,233,17,12,12
automotivo,16950,16,2,11
utilidades_domesticas,192,18,15,15
esporte_lazer,2050,28,34,28
ferramentas_jardim,250,19,3,11
esporte_lazer,1012,26,24,21
informatica_acessorios,17400,24,55,51
malas_acessorios,600,90,5,11
esporte_lazer,3050,43,12,22
automotivo,350,21,21,12
pet_shop,1500,50,20,40
utilidades_domesticas,3800,45,20,35
esporte_lazer,10600,26,30,26
brinquedos,500,35,20,30
casa_conforto,1300,30,20,30
beleza_saude,500,21,6,14
cama_mesa_banho,1150,45,25,35
esporte_lazer,1150,25,15,15
eletrodomesticos,2350,64,6,55
utilidades_domesticas,875,21,21,21
utilidades_domesticas,2200,30,30,30
automotivo,4850,40,25,30
moveis_decoracao,9900,50,30,50
ferramentas_jardim,3800,86,16,40
automotivo,650,30,20,20
eletrodomesticos,17950,50,50,43
perfumaria,400,22,16,16
informatica_acessorios,1000,36,13,20
beleza_saude,153,14,14,12
relogios_presentes,300,11,9,16
esporte_lazer,450,32,5,16
moveis_decoracao,3400,70,7,50
construcao_ferramentas_construcao,300,30,4,30
ferramentas_jardim,8767,47,64,38
bebes,200,19,18,15
brinquedos,300,16,25,15
utilidades_domesticas,130,17,16,16
bebes,500,55,14,43
esporte_lazer,328,18,11,16
bebes,500,18,18,18
eletrodomesticos,1600,52,15,15
informatica_acessorios,417,20,13,16
brinquedos,200,16,7,11
esporte_lazer,383,16,14,14
malas_acessorios,500,20,41,28
brinquedos,1100,16,27,37
informatica_acessorios,263,18,16,16
moveis_escritorio,15450,58,28,58
moveis_cozinha_area_de_servico_jantar_e_jardim,4200,31,31,31
informatica_acessorios,600,26,12,13
automotivo,10400,61,61,19
telefonia_fixa,1100,16,21,18
agro_industria_e_comercio,13325,41,42,47
automotivo,400,40,12,30
esporte_lazer,1130,32,25,23
casa_construcao,19800,45,45,45
cama_mesa_banho,2800,35,9,34
relogios_presentes,7500,17,9,12
perfumaria,700,50,40,30
moveis_decoracao,1200,53,8,11
moveis_cozinha_area_de_servico_jantar_e_jardim,50,40,105,30
cama_mesa_banho,1500,19,35,31
esporte_lazer,700,23,8,14
cama_mesa_banho,500,70,8,40
ferramentas_jardim,1500,45,10,35
musica,5250,27,32,16
esporte_lazer,1350,90,8,16
cama_mesa_banho,12250,62,27,47
utilidades_domesticas,1600,23,13,23
eletroportateis,450,22,10,13
brinquedos,2000,47,13,24
utilidades_domesticas,2350,25,20,25
papelaria,1800,32,40,16
cool_stuff,300,19,12,16
casa_conforto,1800,55,7,23
livros_interesse_geral,600,33,6,22
ferramentas_jardim,1150,28,55,12
telefonia,250,17,5,15
automotivo,16200,56,15,15
moveis_decoracao,750,60,11,11
cama_mesa_banho,1975,34,14,21
cama_mesa_banho,1100,40,8,33
instrumentos_musicais,3050,50,20,20
ferramentas_jardim,1850,22,22,12
beleza_saude,2400,16,16,16
moveis_decoracao,4150,30,35,30
cama_mesa_banho,2000,43,15,32
automotivo,1100,60,8,33
moveis_decoracao,2400,40,35,35
cama_mesa_banho,2783,65,14,46
agro_industria_e_comercio,1000,28,9,26
moveis_decoracao,11400,52,6,52
cama_mesa_banho,1400,30,10,20
automotivo,400,26,16,16
cama_mesa_banho,1067,27,6,27
moveis_decoracao,6800,53,58,18
utilidades_domesticas,700,19,16,16
beleza_saude,150,21,20,11
moveis_decoracao,2600,36,11,26
esporte_lazer,27200,87,28,46
utilidades_domesticas,1200,20,25,20
utilidades_domesticas,1575,57,9,23
eletronicos,400,25,5,20
automotivo,300,20,5,20
cool_stuff,1200,35,25,25
eletroportateis,1700,20,16,20
fashion_bolsas_e_acessorios,500,16,9,20
construcao_ferramentas_jardim,1000,16,16,12
perfumaria,150,16,12,15
cama_mesa_banho,250,35,10,30
beleza_saude,350,18,10,12
informatica_acessorios,12300,55,29,22
moveis_sala,4325,55,17,54
dvds_blu_ray,200,20,2,15
beleza_saude,1200,30,30,30
eletrodomesticos_2,27250,51,49,70
beleza_saude,200,23,18,23
automotivo,1181,30,17,24
beleza_saude,30000,69,66,50
perfumaria,200,16,17,11
beleza_saude,800,30,15,16
perfumaria,317,21,17,21
cama_mesa_banho,3600,16,50,40
esporte_lazer,5350,55,15,43
cama_mesa_banho,350,50,8,40
beleza_saude,2000,30,13,20
ferramentas_jardim,200,20,20,20
papelaria,6350,38,30,28
bebes,5525,27,19,31
utilidades_domesticas,1050,20,60,20
esporte_lazer,25200,38,4,38
esporte_lazer,3300,31,32,31
beleza_saude,650,23,20,15
perfumaria,1100,35,15,17
cama_mesa_banho,925,20,17,32
brinquedos,600,40,20,29
esporte_lazer,6050,40,30,30
papelaria,250,16,10,16
relogios_presentes,650,16,16,11
pet_shop,485,19,22,19
moveis_decoracao,1000,20,20,11
moveis_decoracao,5850,30,40,30
bebes,314,21,12,20
cama_mesa_banho,2700,33,7,39
esporte_lazer,600,25,15,11
papelaria,500,21,7,15
moveis_cozinha_area_de_servico_jantar_e_jardim,10800,35,65,35
moveis_decoracao,1400,25,16,14
malas_acessorios,21200,77,33,50
esporte_lazer,1140,24,10,13
ferramentas_jardim,600,38,16,25
cama_mesa_banho,5850,50,20,35
automotivo,1300,20,4,13
construcao_ferramentas_jardim,1783,25,22,17
utilidades_domesticas,7500,30,30,30
cama_mesa_banho,1800,38,7,28
cama_mesa_banho,1750,40,5,30
casa_conforto,1300,45,18,45
cama_mesa_banho,800,25,25,25
beleza_saude,650,25,12,19
eletrodomesticos,50,20,13,15
brinquedos,9450,89,53,12
esporte_lazer,400,45,7,20
papelaria,1450,25,55,37
informatica_acessorios,400,25,15,25
moveis_decoracao,1400,29,22,22
instrumentos_musicais,600,16,24,22
utilidades_domesticas,550,30,11,11
brinquedos,1350,33,13,24
utilidades_domesticas,200,18,10,12
utilidades_domesticas,800,21,19,19
informatica_acessorios,1040,33,13,17
cama_mesa_banho,2100,50,20,40
esporte_lazer,250,16,10,11
pet_shop,300,23,19,18
beleza_saude,5300,30,24,38
esporte_lazer,1100,35,16,30
moveis_decoracao,2750,49,10,38
pet_shop,875,26,19,23
utilidades_domesticas,450,28,11,15
beleza_saude,250,17,13,13
automotivo,4125,56,11,32
utilidades_domesticas,550,18,15,15
automotivo,2550,55,8,18
utilidades_domesticas,11489,42,67,42
perfumaria,419,20,17,20
eletroportateis,500,26,25,35
relogios_presentes,233,18,10,15
ferramentas_jardim,267,27,13,17
automotivo,950,33,16,20
esporte_lazer,6400,20,20,20
perfumaria,575,16,22,16
moveis_decoracao,400,53,8,11
brinquedos,1200,21,40,29
ferramentas_jardim,500,20,20,20
moveis_escritorio,6650,23,19,29
papelaria,2850,32,52,19
utilidades_domesticas,1300,29,14,25
market_place,200,25,10,16
alimentos,200,16,16,14
beleza_saude,267,21,8,19
perfumaria,317,25,6,22
beleza_saude,601,16,21,14
telefonia,350,19,4,11
pet_shop,200,16,16,12
casa_construcao,11825,35,31,31
eletrodomesticos,50,27,13,17
esporte_lazer,10800,70,39,21
agro_industria_e_comercio,100,16,5,11
moveis_escritorio,12500,57,54,21
informatica_acessorios,500,20,7,16
cool_stuff,3350,45,25,18
cool_stuff,5150,90,4,42
moveis_decoracao,7000,30,30,30
esporte_lazer,650,20,7,14
cama_mesa_banho,2100,45,10,34
brinquedos,325,27,18,11
automotivo,11300,60,60,18
moveis_decoracao,550,18,35,18
beleza_saude,450,20,7,17
relogios_presentes,480,18,11,14
esporte_lazer,3500,25,8,25
relogios_presentes,300,18,15,19
automotivo,150,23,3,16
papelaria,600,37,6,29
papelaria,1600,60,20,29
beleza_saude,1500,30,10,17
artigos_de_natal,350,16,10,11
moveis_decoracao,900,35,4,30
cama_mesa_banho,550,25,10,25
brinquedos,9700,30,30,30
brinquedos,1000,36,8,28
moveis_decoracao,4050,50,15,40
telefonia,175,19,11,14
utilidades_domesticas,14900,40,25,40
casa_conforto,3000,40,20,40
eletrodomesticos,650,28,10,18
bebes,7100,41,40,40
construcao_ferramentas_construcao,100,20,4,20
eletroportateis,2600,36,13,36
telefonia_fixa,150,16,4,11
cama_mesa_banho,10800,16,10,16
automotivo,3500,57,17,17
moveis_cozinha_area_de_servico_jantar_e_jardim,8050,40,20,60
brinquedos,1250,45,8,26
utilidades_domesticas,1350,37,10,31
casa_conforto,1700,30,20,30
bebidas,1700,21,12,18
brinquedos,1150,28,13,21
utilidades_domesticas,1100,19,22,19
cama_mesa_banho,1650,40,5,30
perfumaria,215,18,11,12
brinquedos,478,23,20,18
utilidades_domesticas,250,34,5,27
esporte_lazer,550,25,25,25
brinquedos,900,41,13,26
beleza_saude,133,16,14,12
brinquedos,2863,53,24,26
beleza_saude,22150,58,94,29
esporte_lazer,10100,80,30,60
moveis_decoracao,8200,40,35,35
casa_construcao,2483,18,14,16
moveis_decoracao,200,16,2,11
automotivo,193,16,11,12
automotivo,500,30,20,20
automotivo,83,19,4,14
moveis_decoracao,600,18,5,34
utilidades_domesticas,1000,37,11,34
moveis_decoracao,1000,25,23,25
cama_mesa_banho,700,37,23,35
utilidades_domesticas,1850,41,20,25
moveis_sala,4025,51,14,52
moveis_decoracao,18800,52,36,60
fraldas_higiene,5100,32,19,29
fashion_bolsas_e_acessorios,850,16,2,11
perfumaria,463,18,10,14
moveis_decoracao,2050,35,10,35
brinquedos,1800,35,20,20
esporte_lazer,700,20,10,15
moveis_decoracao,750,30,30,30
construcao_ferramentas_jardim,8950,44,40,34
moveis_decoracao,410,39,3,28
relogios_presentes,333,28,13,15
moveis_cozinha_area_de_servico_jantar_e_jardim,9800,16,95,50
relogios_presentes,250,16,13,13
fashion_bolsas_e_acessorios,200,16,9,20
utilidades_domesticas,1100,60,12,30
cama_mesa_banho,400,20,10,30
esporte_lazer,30000,19,16,19
fashion_bolsas_e_acessorios,500,30,20,20
market_place,100,27,15,15
brinquedos,500,35,18,25
brinquedos,4317,27,20,28
esporte_lazer,4550,80,30,20
informatica_acessorios,800,17,12,12
moveis_decoracao,16000,63,40,38
telefonia_fixa,331,21,13,17
beleza_saude,383,20,19,14
esporte_lazer,400,30,15,20
brinquedos,600,17,15,22
moveis_sala,7475,54,16,53
beleza_saude,1100,20,10,20
automotivo,30000,66,66,43
moveis_decoracao,1550,84,8,11
moveis_escritorio,13900,55,27,55
utilidades_domesticas,350,22,10,18
livros_interesse_geral,1250,28,5,22
cama_mesa_banho,1575,33,10,21
utilidades_domesticas,850,25,15,36
papelaria,730,18,28,18
relogios_presentes,197,16,11,12
relogios_presentes,292,17,8,12
bebes,850,30,40,50
esporte_lazer,750,16,10,11
cama_mesa_banho,2100,38,7,29
beleza_saude,200,35,5,13
brinquedos,805,28,37,25
ferramentas_jardim,3200,20,10,22
instrumentos_musicais,700,20,20,20
pet_shop,350,23,20,20
automotivo,375,17,5,13
casa_construcao,3150,30,26,27
moveis_decoracao,700,53,8,11
cool_stuff,100,16,16,16
esporte_lazer,600,80,8,15
bebes,7400,57,40,25
moveis_escritorio,9375,55,54,19
telefonia,500,20,15,16
cama_mesa_banho,1300,42,16,32
automotivo,250,24,5,17
informatica_acessorios,300,36,9,11
fashion_bolsas_e_acessorios,200,21,9,14
eletroportateis,450,20,20,25
informatica_acessorios,150,16,5,16
esporte_lazer,6350,51,31,31
cool_stuff,850,20,20,20
construcao_ferramentas_construcao,6900,60,20,40
pet_shop,150,16,3,16
bebes,500,27,3,21
sinalizacao_e_seguranca,1650,30,20,30
automotivo,350,16,16,18
telefonia,300,16,20,11
cama_mesa_banho,2950,40,13,43
bebes,50,16,6,11
brinquedos,2975,28,9,14
beleza_saude,1600,22,14,22
construcao_ferramentas_construcao,500,26,17,17
moveis_decoracao,5150,25,25,20
esporte_lazer,3400,60,15,15
ferramentas_jardim,350,23,8,16
utilidades_domesticas,175,25,8,19
moveis_decoracao,6500,104,6,54
moveis_decoracao,1700,43,5,30
fashion_bolsas_e_acessorios,1000,45,16,45
brinquedos,920,28,29,33
construcao_ferramentas_iluminacao,1300,22,15,18
moveis_decoracao,400,20,16,15
esporte_lazer,250,18,19,18
cama_mesa_banho,2100,55,25,35
informatica_acessorios,200,17,8,11
perfumaria,467,18,12,18
la_cuisine,2700,85,7,40
beleza_saude,167,17,13,17
informatica_acessorios,179,12,9,13
informatica_acessorios,200,38,2,29
beleza_saude,75,16,5,13
utilidades_domesticas,7550,50,15,40
cama_mesa_banho,1550,32,10,28
brinquedos,1650,32,15,32
eletronicos,365,20,10,20
brinquedos,350,36,13,16
cama_mesa_banho,1750,45,15,35
construcao_ferramentas_iluminacao,400,30,15,15
cama_mesa_banho,13475,55,50,50
esporte_lazer,5900,105,8,27
telefonia,408,14,16,15
construcao_ferramentas_jardim,15100,59,32,22
bebes,900,30,40,50
cama_mesa_banho,1580,66,13,45
automotivo,15400,61,61,19
informatica_acessorios,475,18,3,11
construcao_ferramentas_construcao,4850,20,24,21
esporte_lazer,950,55,20,22
telefonia,117,16,5,11
moveis_decoracao,900,35,3,26
esporte_lazer,1800,30,22,22
ferramentas_jardim,30000,47,62,62
malas_acessorios,800,21,50,33
utilidades_domesticas,2600,45,37,16
livros_interesse_geral,250,26,3,36
papelaria,850,40,15,37
brinquedos,8450,30,26,12
esporte_lazer,700,24,15,23
informatica_acessorios,151,17,11,21
moveis_decoracao,1150,60,7,11
artigos_de_natal,150,16,37,11
perfumaria,800,20,15,15
informatica_acessorios,100,16,2,11
utilidades_domesticas,950,17,19,20
cama_mesa_banho,556,30,9,28
eletroportateis,4900,32,39,41
papelaria,267,20,7,13
informatica_acessorios,400,16,6,12
ferramentas_jardim,500,33,10,18
relogios_presentes,600,16,16,11
beleza_saude,2225,37,12,20
telefonia,605,16,14,16
instrumentos_musicais,1750,27,13,25
beleza_saude,325,22,13,17
esporte_lazer,1538,24,22,19
beleza_saude,450,23,18,21
automotivo,3800,60,15,25
instrumentos_musicais,700,16,7,30
cama_mesa_banho,2000,42,10,36
moveis_decoracao,9450,16,80,50
brinquedos,434,27,14,21
automotivo,900,30,15,25
utilidades_domesticas,1100,50,15,20
moveis_decoracao,1150,45,10,45
esporte_lazer,1300,48,6,39
pet_shop,550,20,18,20
brinquedos,1075,23,23,19
informatica_acessorios,169,16,10,12
cama_mesa_banho,550,28,21,23
moveis_escritorio,7817,52,52,17
informatica_acessorios,50,17,9,13
automotivo,1400,21,50,15
moveis_decoracao,800,23,27,23
cama_mesa_banho,1800,55,15,35
ferramentas_jardim,850,22,5,45
malas_acessorios,900,19,51,36
cama_mesa_banho,7800,40,15,35
casa_conforto,5550,45,15,35
utilidades_domesticas,8200,45,2,45
perfumaria,100,16,2,11
beleza_saude,27500,40,46,35
esporte_lazer,87,18,18,18
moveis_decoracao,6400,80,4,55
brinquedos,1600,22,38,32
cama_mesa_banho,750,30,10,25
eletroportateis,1250,35,15,16
cama_mesa_banho,1000,36,4,29
moveis_decoracao,2150,35,15,20
bebes,700,50,30,40
la_cuisine,2450,81,7,40
moveis_decoracao,6300,50,25,30
ferramentas_jardim,1600,28,9,27
perfumaria,532,21,12,17
audio,200,25,15,20
informatica_acessorios,350,20,5,20
esporte_lazer,3000,90,11,16
esporte_lazer,4000,36,31,31
livros_interesse_geral,600,30,4,20
eletronicos,300,16,19,15
esporte_lazer,200,20,10,15
esporte_lazer,250,24,10,15
cool_stuff,400,25,30,16
perfumaria,100,16,14,14
relogios_presentes,1825,28,4,26
industria_comercio_e_negocios,1350,30,20,30
bebes,7150,47,26,35
moveis_decoracao,450,16,16,16
moveis_cozinha_area_de_servico_jantar_e_jardim,6650,61,13,41
malas_acessorios,5300,19,49,34
papelaria,400,21,2,18
moveis_decoracao,2200,40,33,20
beleza_saude,2250,26,26,26
relogios_presentes,250,18,12,12
beleza_saude,360,23,20,21
utilidades_domesticas,10250,35,50,35
brinquedos,1238,34,32,24
pet_shop,6600,45,35,25
fashion_bolsas_e_acessorios,600,20,10,20
automotivo,1850,42,29,31
pet_shop,850,35,25,35
ferramentas_jardim,350,30,10,20
moveis_decoracao,1750,30,30,30
utilidades_domesticas,1383,25,12,20
bebes,1433,39,13,32
cama_mesa_banho,300,27,9,20
papelaria,350,20,6,12
ferramentas_jardim,4300,36,13,20
esporte_lazer,150,18,18,18
sinalizacao_e_seguranca,23950,38,100,38
papelaria,300,51,15,15
esporte_lazer,350,28,25,25
beleza_saude,700,16,18,16
eletrodomesticos_2,10500,63,18,43
moveis_decoracao,1100,40,25,40
eletrodomesticos_2,7150,70,10,60
beleza_saude,925,25,6,16
esporte_lazer,1050,60,15,15
fashion_bolsas_e_acessorios,800,25,16,25
telefonia,450,16,11,15
relogios_presentes,600,16,11,12
construcao_ferramentas_construcao,10050,60,20,50
esporte_lazer,2675,22,42,32
moveis_decoracao,3500,35,20,29
esporte_lazer,17650,60,42,42
automotivo,100,24,2,14
cama_mesa_banho,1850,46,12,43
beleza_saude,1450,20,20,11
pet_shop,7400,60,18,40
malas_acessorios,700,47,10,34
beleza_saude,2500,34,17,22
beleza_saude,2525,18,18,18
papelaria,8600,60,20,29
instrumentos_musicais,100,17,8,13
moveis_decoracao,5000,75,25,25
esporte_lazer,27800,33,15,22
beleza_saude,2200,30,10,17
market_place,310,19,15,15
eletronicos,817,35,8,34
pet_shop,317,19,15,17
relogios_presentes,507,18,11,15
brinquedos,1000,16,25,18
automotivo,333,19,13,17
cama_mesa_banho,2900,35,9,34
brinquedos,1600,30,32,21
esporte_lazer,6317,26,17,44
automotivo,567,19,14,15
eletronicos,725,27,10,16
utilidades_domesticas,13600,56,32,32
bebes,20250,50,76,32
construcao_ferramentas_construcao,1050,18,10,15
utilidades_domesticas,600,28,17,28
esporte_lazer,1026,28,24,24
relogios_presentes,116,16,12,12
pet_shop,17500,74,32,40
cine_foto,1100,55,15,15
eletrodomesticos_2,2300,30,24,30
ferramentas_jardim,1600,18,22,17
informatica_acessorios,1200,35,21,20
ferramentas_jardim,801,45,4,15
cama_mesa_banho,1050,40,15,35
ferramentas_jardim,8400,50,35,45
livros_interesse_geral,1450,16,25,11
beleza_saude,850,20,12,13
casa_conforto,5050,45,15,35
telefonia,250,21,11,14
brinquedos,1091,20,29,24
instrumentos_musicais,5000,50,50,50
moveis_decoracao,550,16,16,16
relogios_presentes,400,16,16,11
pet_shop,900,20,20,20
informatica_acessorios,250,22,2,14
esporte_lazer,400,27,11,19
relogios_presentes,300,16,5,11
cool_stuff,850,27,20,25
moveis_decoracao,10800,64,35,35
utilidades_domesticas,4300,30,30,30
moveis_decoracao,300,30,16,26
bebes,300,16,5,16
informatica_acessorios,900,28,15,27
informatica_acessorios,1033,20,22,25
ferramentas_jardim,900,16,27,35
utilidades_domesticas,500,16,2,11
informatica_acessorios,190,17,13,14
cama_mesa_banho,2350,45,15,35
pc_gamer,800,18,22,22
bebes,700,30,40,50
beleza_saude,2550,17,17,20
utilidades_domesticas,1650,22,45,22
moveis_decoracao,2650,40,7,60
moveis_sala,5700,62,5,45
perfumaria,744,19,14,13
moveis_decoracao,7480,53,48,26
brinquedos,650,40,10,40
automotivo,1475,60,8,33
beleza_saude,200,25,25,11
livros_interesse_geral,850,40,5,30
utilidades_domesticas,1750,20,20,20
pet_shop,800,25,25,30
artigos_de_festas,100,16,6,11
esporte_lazer,244,17,9,12
cama_mesa_banho,15700,16,10,16
fashion_bolsas_e_acessorios,7550,60,15,50
esporte_lazer,9800,105,15,28
automotivo,4550,42,19,32
esporte_lazer,214,18,15,15
casa_conforto,150,16,2,11
eletrodomesticos,50,18,8,13
esporte_lazer,7550,25,25,15
bebes,200,16,10,11
papelaria,400,24,10,17
moveis_sala,7500,61,11,46
moveis_decoracao,1150,45,15,35
papelaria,550,28,12,12
pet_shop,750,40,20,20
beleza_saude,1500,50,15,20
brinquedos,3900,43,16,11
esporte_lazer,4853,28,29,26
esporte_lazer,400,40,6,25
malas_acessorios,750,49,10,33
moveis_decoracao,1100,40,5,30
eletronicos,83,13,9,11
fashion_bolsas_e_acessorios,100,16,10,12
esporte_lazer,300,16,12,14
beleza_saude,850,25,12,19
esporte_lazer,2050,20,20,20
eletronicos,5000,40,22,24
eletroportateis,2500,30,50,30
casa_construcao,800,36,36,20
ferramentas_jardim,850,22,8,25
esporte_lazer,1150,26,31,26
telefonia,125,20,16,16
utilidades_domesticas,700,26,22,21
beleza_saude,2500,31,16,21
papelaria,7700,60,20,29
automotivo,1750,55,27,40
informatica_acessorios,628,18,13,19
cama_mesa_banho,4000,80,33,60
automotivo,150,25,3,13
informatica_acessorios,488,19,12,16
utilidades_domesticas,1650,40,30,30
utilidades_domesticas,13750,36,63,42
utilidades_domesticas,100,16,11,11
informatica_acessorios,2800,30,38,14
informatica_acessorios,400,24,11,20
telefonia,175,16,11,16
brinquedos,200,25,11,11
utilidades_domesticas,17100,49,39,17
eletrodomesticos,1200,50,2,37
eletroportateis,200,16,16,14
cama_mesa_banho,3200,40,12,40
cama_mesa_banho,400,45,5,30
pet_shop,150,18,9,14
beleza_saude,350,19,7,12
moveis_decoracao,725,19,20,19
flores,400,16,16,16
cool_stuff,1350,36,16,24
ferramentas_jardim,200,16,16,12
eletronicos,167,17,16,16
beleza_saude,400,16,25,15
relogios_presentes,350,28,10,18
eletroportateis,3350,30,61,59
ferramentas_jardim,700,18,5,13
malas_acessorios,14450,42,28,67
telefonia,50,16,6,15
livros_tecnicos,1100,25,3,18
pet_shop,1850,26,15,15
utilidades_domesticas,375,18,20,16
esporte_lazer,300,30,20,15
esporte_lazer,800,16,16,16
esporte_lazer,1000,20,15,15
cama_mesa_banho,2450,36,16,36
utilidades_domesticas,1200,17,22,17
ferramentas_jardim,3000,45,13,18
cama_mesa_banho,5550,40,10,30
artigos_de_natal,250,25,16,20
bebes,550,40,4,30
relogios_presentes,155,17,10,14
beleza_saude,650,27,13,17
esporte_lazer,400,36,18,18
automotivo,650,30,30,30
relogios_presentes,400,20,12,15
cama_mesa_banho,950,28,14,14
automotivo,600,16,11,11
beleza_saude,468,23,9,22
utilidades_domesticas,15600,104,10,43
moveis_decoracao,900,25,15,15
livros_tecnicos,1000,24,5,17
informatica_acessorios,726,20,15,13
esporte_lazer,350,25,25,25
eletronicos,200,19,13,17
automotivo,250,30,20,30
cama_mesa_banho,750,40,10,20
cama_mesa_banho,250,24,15,20
informatica_acessorios,2000,20,10,20
bebes,400,20,9,14
instrumentos_musicais,2900,21,10,26
beleza_saude,200,28,11,14
utilidades_domesticas,1350,30,8,22
ferramentas_jardim,300,17,4,11
bebes,50,16,14,14
esporte_lazer,1400,55,15,27
utilidades_domesticas,20000,52,52,35
beleza_saude,638,26,13,22
perfumaria,100,20,11,11
market_place,297,24,13,19
informatica_acessorios,3050,30,10,22
brinquedos,1000,40,18,17
informatica_acessorios,200,35,2,25
esporte_lazer,1100,22,27,22
automotivo,400,30,15,15
bebes,800,32,11,27
utilidades_domesticas,630,16,14,30
utilidades_domesticas,600,16,27,12
beleza_saude,350,40,40,11
utilidades_domesticas,1400,25,35,25
papelaria,900,36,6,28
moveis_decoracao,7050,72,6,72
construcao_ferramentas_iluminacao,9700,20,16,101
pet_shop,1100,20,20,20
construcao_ferramentas_construcao,1350,16,20,16
construcao_ferramentas_construcao,1834,32,26,35
cama_mesa_banho,1150,20,20,20
livros_interesse_geral,650,17,5,22
cool_stuff,625,18,14,16
beleza_saude,473,21,16,13
perfumaria,495,20,13,14
utilidades_domesticas,1434,37,12,32
portateis_casa_forno_e_cafe,9050,45,33,35
utilidades_domesticas,4650,25,25,25
cama_mesa_banho,1275,25,17,35
pet_shop,21750,74,39,40
papelaria,2533,33,38,29
esporte_lazer,200,45,15,20
eletronicos,3170,38,12,31
cama_mesa_banho,2600,46,8,38
perfumaria,450,16,11,11
brinquedos,850,22,42,22
moveis_decoracao,1700,17,27,17
informatica_acessorios,200,20,10,20
brinquedos,1200,33,24,23
utilidades_domesticas,14900,45,75,29
beleza_saude,19000,87,76,16
ferramentas_jardim,250,16,16,12
cama_mesa_banho,3367,36,21,36
esporte_lazer,550,16,5,12
telefonia,325,21,9,18
malas_acessorios,900,46,10,34
eletronicos,167,20,5,13
esporte_lazer,1000,16,16,16
esporte_lazer,1600,23,25,25
instrumentos_musicais,800,30,20,25
papelaria,700,20,20,20
informatica_acessorios,464,19,11,17
moveis_sala,17175,63,22,60
cama_mesa_banho,1363,68,19,48
beleza_saude,825,31,15,25
moveis_cozinha_area_de_servico_jantar_e_jardim,9350,28,33,28
brinquedos,100,23,5,16
moveis_decoracao,1400,55,14,14
beleza_saude,250,21,8,27
esporte_lazer,1000,16,2,11
beleza_saude,3100,30,12,16
automotivo,3300,19,11,16
informatica_acessorios,300,50,5,11
beleza_saude,1450,41,40,13
esporte_lazer,200,16,10,16
pet_shop,200,30,10,17
moveis_decoracao,6850,46,31,35
eletronicos,2250,45,16,32
automotivo,17300,57,20,57
moveis_decoracao,1800,20,30,20
utilidades_domesticas,50,25,25,25
relogios_presentes,400,19,9,12
cama_mesa_banho,2100,15,18,25
esporte_lazer,3900,46,36,26
utilidades_domesticas,200,28,2,11
brinquedos,2750,26,42,38
telefonia,350,20,30,20
informatica_acessorios,100,16,9,12
cama_mesa_banho,370,34,17,28
esporte_lazer,900,24,20,23
automotivo,5250,21,21,21
esporte_lazer,1086,24,24,22
beleza_saude,300,26,11,11
malas_acessorios,1200,32,10,45
beleza_saude,400,19,12,13
informatica_acessorios,340,17,13,13
cama_mesa_banho,20850,50,50,50
utilidades_domesticas,700,28,19,26
cama_mesa_banho,1900,26,26,23
bebes,650,33,16,22
livros_tecnicos,2400,30,5,23
construcao_ferramentas_construcao,9650,44,20,33
telefonia,400,16,11,18
consoles_games,4350,18,33,39
cama_mesa_banho,3225,40,5,30
automotivo,200,26,8,14
papelaria,350,16,6,11
automotivo,8850,56,11,32
brinquedos,800,30,20,20
informatica_acessorios,695,28,14,20
brinquedos,2500,45,15,25
moveis_decoracao,3500,46,7,46
bebes,300,25,8,25
cama_mesa_banho,1550,49,5,39
eletronicos,200,26,7,16
telefonia_fixa,400,17,8,13
construcao_ferramentas_construcao,6600,37,15,44
construcao_ferramentas_seguranca,300,16,11,11
bebes,7200,41,38,63
cama_mesa_banho,3000,35,12,30
telefonia,400,16,8,16
cool_stuff,400,21,16,16
utilidades_domesticas,2200,46,9,32
cama_mesa_banho,1200,37,23,35
brinquedos,1168,34,23,27
moveis_sala,4200,32,32,12
beleza_saude,235,16,14,15
utilidades_domesticas,350,17,28,11
fashion_bolsas_e_acessorios,425,26,40,12
esporte_lazer,5850,25,90,12
esporte_lazer,550,38,28,20
moveis_decoracao,1400,45,5,45
informatica_acessorios,517,22,11,13
informatica_acessorios,120,17,9,11
beleza_saude,300,25,15,15
cama_mesa_banho,900,34,10,28
moveis_quarto,18950,79,11,46
instrumentos_musicais,7350,70,20,30
cama_mesa_banho,1200,37,27,35
automotivo,250,16,10,16
papelaria,950,43,17,24
cama_mesa_banho,800,34,17,22
bebes,2300,33,48,35
moveis_decoracao,400,30,7,30
pet_shop,1775,49,23,40
automotivo,12100,60,60,20
moveis_decoracao,13200,50,55,50
informatica_acessorios,200,20,15,20
ferramentas_jardim,950,22,21,16
utilidades_domesticas,500,35,35,15
beleza_saude,2600,24,24,24
cama_mesa_banho,2550,40,6,30
construcao_ferramentas_construcao,13700,60,20,40
relogios_presentes,525,17,13,15
pet_shop,1150,40,32,20
ferramentas_jardim,600,30,16,16
moveis_sala,4600,30,16,30
esporte_lazer,1037,25,24,20
telefonia,197,17,11,14
esporte_lazer,517,23,22,21
cool_stuff,3600,25,24,24
esporte_lazer,650,23,9,20
utilidades_domesticas,2300,35,24,28
eletronicos,177,20,20,20
ferramentas_jardim,1800,35,13,31
esporte_lazer,1200,20,8,20
utilidades_domesticas,1200,35,19,25
cama_mesa_banho,3450,42,12,40
moveis_decoracao,5900,74,13,52
cama_mesa_banho,1250,36,6,28
moveis_decoracao,650,32,2,22
informatica_acessorios,500,16,28,11
pcs,2700,16,31,38
esporte_lazer,329,18,18,15
bebes,900,45,6,33
utilidades_domesticas,173,16,9,12
beleza_saude,600,19,12,15
cama_mesa_banho,5850,30,30,30
moveis_decoracao,6300,30,45,40
eletronicos,308,20,16,17
beleza_saude,12400,60,75,60
ferramentas_jardim,5800,38,34,27
bebes,1500,46,25,52
moveis_decoracao,700,16,5,20
beleza_saude,1300,25,12,12
informatica_acessorios,529,37,10,13
moveis_decoracao,8900,37,41,37
esporte_lazer,200,16,16,11
automotivo,650,20,20,15
moveis_decoracao,1150,30,30,30
utilidades_domesticas,600,30,15,20
utilidades_domesticas,3973,47,30,31
eletroportateis,5347,30,32,29
artes,1650,46,10,11
esporte_lazer,1648,27,21,21
perfumaria,1800,26,26,35
telefonia,300,18,9,14
brinquedos,7850,23,39,30
informatica_acessorios,500,16,12,16
informatica_acessorios,487,19,12,16
brinquedos,1167,36,20,28
utilidades_domesticas,2100,53,25,20
brinquedos,1400,16,42,26
cool_stuff,3890,52,22,21
relogios_presentes,600,18,13,15
perfumaria,400,22,4,15
moveis_decoracao,900,60,7,14
papelaria,492,32,11,23
instrumentos_musicais,500,25,5,12
beleza_saude,1100,31,20,26
utilidades_domesticas,4750,78,53,12
automotivo,395,19,21,16
informatica_acessorios,350,27,5,20
beleza_saude,567,18,9,13
cama_mesa_banho,12600,50,28,40
construcao_ferramentas_seguranca,300,20,20,20
moveis_decoracao,900,34,8,22
automotivo,3850,47,19,23
beleza_saude,2600,23,23,23
utilidades_domesticas,450,16,12,16
utilidades_domesticas,800,16,16,15
automotivo,1300,19,19,19
utilidades_domesticas,5000,35,28,32
beleza_saude,1400,16,20,16
market_place,50,18,8,18
malas_acessorios,12700,18,105,40
esporte_lazer,24550,19,16,19
esporte_lazer,3100,22,22,22
cama_mesa_banho,200,20,20,20
bebes,2400,35,10,50
moveis_decoracao,750,20,30,20
eletronicos,150,24,7,17
brinquedos,9350,18,22,34
utilidades_domesticas,8300,102,14,34
moveis_cozinha_area_de_servico_jantar_e_jardim,30000,32,95,67
perfumaria,313,17,7,13
beleza_saude,1000,27,14,15
ferramentas_jardim,4250,16,14,11
pet_shop,1100,45,15,30
informatica_acessorios,450,17,2,17
moveis_escritorio,30000,97,40,42
moveis_decoracao,1700,30,15,30
beleza_saude,833,16,12,18
instrumentos_musicais,4900,18,30,29
fashion_bolsas_e_acessorios,200,16,3,17
sinalizacao_e_seguranca,1850,21,35,21
consoles_games,400,19,9,17
automotivo,200,21,14,12
casa_construcao,5150,40,30,30
esporte_lazer,1168,32,23,19
beleza_saude,150,25,10,25
brinquedos,6250,60,20,40
instrumentos_musicais,1350,35,25,35
beleza_saude,500,16,18,15
moveis_decoracao,2700,37,30,20
papelaria,600,30,16,27
malas_acessorios,1200,40,10,32
esporte_lazer,443,26,18,17
utilidades_domesticas,1900,28,20,28
relogios_presentes,417,18,12,14
moveis_decoracao,4300,70,15,15
utilidades_domesticas,10050,37,61,26
automotivo,200,25,10,16
cool_stuff,3050,62,30,26
brinquedos,836,30,38,21
perfumaria,400,20,20,30
telefonia,350,16,3,11
construcao_ferramentas_jardim,2460,34,44,25
automotivo,650,16,28,16
beleza_saude,350,18,11,22
malas_acessorios,20300,50,80,30
utilidades_domesticas,1500,24,5,13
beleza_saude,750,20,18,23
utilidades_domesticas,650,25,25,25
instrumentos_musicais,2423,36,17,22
bebes,3200,55,10,40
fashion_calcados,1150,33,13,20
moveis_decoracao,850,37,8,37
relogios_presentes,316,17,13,14
cool_stuff,425,24,17,21
moveis_decoracao,200,16,88,16
eletronicos,700,22,14,20
bebes,400,40,8,26
utilidades_domesticas,700,27,6,32
moveis_decoracao,1100,45,20,35
telefonia,133,17,5,14
esporte_lazer,100,16,14,14
perfumaria,850,25,7,20
perfumaria,390,20,14,13
papelaria,18150,74,42,35
esporte_lazer,600,33,5,16
esporte_lazer,550,85,15,15
esporte_lazer,2970,48,46,46
construcao_ferramentas_construcao,600,16,5,13
beleza_saude,1600,35,11,17
bebes,1300,28,13,21
eletronicos,350,16,16,11
cama_mesa_banho,6083,51,32,50
automotivo,275,21,54,16
automotivo,7075,56,11,32
utilidades_domesticas,550,27,8,27
telefonia,150,16,6,12
bebes,600,20,9,14
perfumaria,200,20,7,15
casa_construcao,3950,30,35,30
beleza_saude,1200,16,16,15
fashion_esporte,200,27,14,13
eletroportateis,1000,23,12,18
utilidades_domesticas,150,16,14,11
cool_stuff,3100,35,35,35
ferramentas_jardim,3750,27,19,22
beleza_saude,2134,25,22,16
moveis_decoracao,600,68,7,13
pet_shop,513,23,27,21
automotivo,5000,65,25,25
esporte_lazer,250,25,17,19
brinquedos,600,33,3,13
informatica_acessorios,830,29,16,16
moveis_decoracao,450,45,15,35
automotivo,150,18,5,12
utilidades_domesticas,1050,22,26,22
utilidades_domesticas,1600,34,27,23
construcao_ferramentas_jardim,800,25,18,22
malas_acessorios,500,47,10,31
moveis_escritorio,9000,52,51,17
ferramentas_jardim,1450,90,6,18
cama_mesa_banho,1200,38,7,29
brinquedos,1200,32,28,13
cool_stuff,400,60,16,11
pet_shop,700,23,29,11
construcao_ferramentas_seguranca,680,18,15,17
brinquedos,2075,32,28,29
informatica_acessorios,750,16,9,12
beleza_saude,300,16,3,11
relogios_presentes,450,25,10,25
cool_stuff,20600,30,80,51
utilidades_domesticas,27800,80,40,40
esporte_lazer,400,30,15,15
moveis_decoracao,300,20,12,15
cama_mesa_banho,3500,37,23,35
papelaria,600,32,10,20
informatica_acessorios,4350,30,20,20
esporte_lazer,2300,16,4,11
beleza_saude,900,16,12,15
beleza_saude,450,16,5,17
malas_acessorios,850,20,5,20
cama_mesa_banho,850,30,6,26
pet_shop,3900,40,35,40
brinquedos,555,23,24,14
bebes,28750,40,62,22
eletrodomesticos,625,25,9,25
utilidades_domesticas,550,16,25,11
bebes,342,25,12,21
cama_mesa_banho,1550,34,7,32
esporte_lazer,250,20,25,25
esporte_lazer,233,17,15,16
beleza_saude,1200,27,22,39
beleza_saude,755,29,14,23
informatica_acessorios,650,24,10,16
perfumaria,532,19,17,17
brinquedos,1575,37,14,27
construcao_ferramentas_construcao,1550,25,17,25
cool_stuff,1600,42,14,27
malas_acessorios,750,20,50,40
ferramentas_jardim,200,20,10,15
relogios_presentes,543,16,12,14
ferramentas_jardim,450,17,17,17
brinquedos,1800,22,34,40
beleza_saude,150,16,10,15
relogios_presentes,184,18,10,13
malas_acessorios,800,30,15,27
automotivo,1350,35,15,29
automotivo,22100,16,2,11
moveis_escritorio,13388,54,47,28
esporte_lazer,1500,31,32,31
cama_mesa_banho,1000,40,4,30
esporte_lazer,1700,20,9,16
moveis_decoracao,7550,52,18,35
brinquedos,500,16,35,15
relogios_presentes,350,16,12,12
perfumaria,1000,16,16,16
cool_stuff,1500,40,30,20
moveis_cozinha_area_de_servico_jantar_e_jardim,12950,31,81,31
relogios_presentes,500,20,16,20
bebes,11850,65,23,50
automotivo,100,20,4,17
brinquedos,10750,75,30,45
telefonia,250,19,3,11
automotivo,450,36,6,30
ferramentas_jardim,650,19,16,16
cama_mesa_banho,8250,31,71,51
moveis_cozinha_area_de_servico_jantar_e_jardim,200,31,31,31
ferramentas_jardim,600,31,3,14
utilidades_domesticas,1000,30,5,30
brinquedos,200,39,4,27
automotivo,1600,18,8,12
artigos_de_festas,27050,80,45,45
telefonia,350,17,5,19
bebes,371,17,17,12
bebes,800,35,35,35
moveis_decoracao,2200,44,20,36
telefonia,150,16,16,16
utilidades_domesticas,400,30,40,30
cama_mesa_banho,950,35,3,30
bebes,300,30,10,15
informatica_acessorios,475,21,8,14
esporte_lazer,1550,42,6,40
moveis_escritorio,1000,20,12,15
moveis_sala,1100,54,11,11
brinquedos,592,19,13,18
utilidades_domesticas,1850,43,48,48
esporte_lazer,1750,35,31,19
brinquedos,100,20,10,20
ferramentas_jardim,4900,29,19,23
perfumaria,475,20,9,14
beleza_saude,343,27,17,16
esporte_lazer,100,16,15,15
eletrodomesticos_2,25650,101,23,68
moveis_decoracao,1900,20,20,20
papelaria,350,30,20,20
papelaria,1400,25,20,20
moveis_decoracao,100,80,10,60
utilidades_domesticas,4450,16,29,23
moveis_decoracao,600,40,15,40
utilidades_domesticas,800,16,25,16
moveis_decoracao,350,22,5,15
automotivo,275,16,6,11
automotivo,250,32,8,32
relogios_presentes,119,17,10,13
bebes,1200,42,25,15
papelaria,650,32,32,33
moveis_decoracao,300,21,12,12
malas_acessorios,1000,16,50,35
eletrodomesticos_2,2300,22,17,24
moveis_escritorio,16200,63,58,26
moveis_decoracao,300,20,11,12
relogios_presentes,538,23,12,15
construcao_ferramentas_iluminacao,200,16,11,16
beleza_saude,1467,33,21,21
utilidades_domesticas,550,17,27,17
malas_acessorios,500,35,25,25
bebidas,580,26,14,16
beleza_saude,1400,27,12,18
cool_stuff,975,22,24,36
utilidades_domesticas,1450,20,30,20
esporte_lazer,800,30,15,20
moveis_decoracao,3000,35,48,40
moveis_decoracao,417,45,4,37
automotivo,250,16,15,11
utilidades_domesticas,1200,25,12,25
esporte_lazer,250,24,8,16
eletrodomesticos,300,28,13,18
esporte_lazer,1100,23,8,15
moveis_decoracao,1300,40,8,35
fashion_underwear_e_moda_praia,2300,16,5,11
cama_mesa_banho,350,25,2,20
beleza_saude,9800,40,37,32
beleza_saude,550,27,9,18
livros_tecnicos,850,17,2,24
pet_shop,5300,49,32,35
informatica_acessorios,1900,26,10,20
instrumentos_musicais,2200,25,12,16
automotivo,350,30,15,15
utilidades_domesticas,12000,40,30,40
moveis_decoracao,10450,104,14,42
ferramentas_jardim,800,20,10,25
moveis_quarto,5700,93,63,11
perfumaria,300,17,9,20
papelaria,1000,20,30,20
moveis_decoracao,2750,70,5,15
eletroportateis,600,16,35,25
perfumaria,350,19,24,16
utilidades_domesticas,2850,16,33,12
construcao_ferramentas_construcao,550,30,30,30
utilidades_domesticas,650,16,15,12
artigos_de_natal,800,16,16,16
esporte_lazer,1125,32,15,36
informatica_acessorios,250,16,11,11
informatica_acessorios,350,25,11,15
moveis_decoracao,1200,25,23,25
esporte_lazer,2800,30,27,34
cama_mesa_banho,3300,60,18,50
eletronicos,2787,45,40,21
pet_shop,14400,30,50,32
ferramentas_jardim,10700,41,23,40
pet_shop,1200,50,18,50
relogios_presentes,400,16,19,14
market_place,455,18,12,13
utilidades_domesticas,8100,16,20,16
ferramentas_jardim,4300,33,16,33
eletrodomesticos,150,34,13,12
cool_stuff,2050,35,45,19
beleza_saude,900,22,22,15
relogios_presentes,458,18,12,15
brinquedos,1495,29,21,17
brinquedos,850,41,7,28
beleza_saude,600,74,15,15
utilidades_domesticas,700,60,11,11
beleza_saude,300,16,2,11
moveis_decoracao,6300,30,40,30
papelaria,500,20,30,20
esporte_lazer,1200,21,27,21
automotivo,600,28,4,16
cool_stuff,400,18,7,11
informatica_acessorios,850,32,13,11
eletrodomesticos,350,70,13,12
construcao_ferramentas_construcao,1900,21,8,21
telefonia,317,19,8,16
moveis_decoracao,300,17,4,12
brinquedos,1500,30,18,22
esporte_lazer,3050,50,39,12
cama_mesa_banho,3250,36,10,35
fashion_roupa_masculina,550,18,16,23
cama_mesa_banho,4600,36,10,20
artigos_de_natal,1800,35,15,35
utilidades_domesticas,10750,31,61,31
cool_stuff,8150,45,24,39
moveis_decoracao,700,30,30,30
moveis_decoracao,6250,48,22,15
cama_mesa_banho,300,20,2,15
malas_acessorios,733,43,11,35
informatica_acessorios,350,30,10,25
brinquedos,300,25,12,23
esporte_lazer,700,26,16,16
papelaria,1300,16,39,37
relogios_presentes,425,22,14,21
esporte_lazer,26300,80,85,20
moveis_decoracao,1150,30,10,30
consoles_games,600,20,20,20
automotivo,50,16,4,14
brinquedos,800,37,36,11
brinquedos,5400,20,60,50
informatica_acessorios,400,20,15,15
cama_mesa_banho,30000,43,19,35
informatica_acessorios,11500,30,14,48
informatica_acessorios,700,20,50,18
beleza_saude,333,29,6,17
eletronicos,5875,19,17,18
brinquedos,7800,20,62,35
fashion_bolsas_e_acessorios,300,16,10,19
informatica_acessorios,300,27,10,16
construcao_ferramentas_construcao,5250,16,16,16
informatica_acessorios,250,16,2,11
beleza_saude,150,18,8,13
cama_mesa_banho,1754,44,14,33
utilidades_domesticas,900,45,25,20
utilidades_domesticas,3100,30,40,30
cool_stuff,3075,23,23,29
moveis_decoracao,1050,34,6,28
instrumentos_musicais,700,18,6,13
cama_mesa_banho,16800,45,15,35
moveis_quarto,10200,41,56,26
automotivo,2700,46,16,25
brinquedos,1500,28,22,18
automotivo,100,25,15,25
cool_stuff,11100,52,44,27
perfumaria,200,18,10,23
ferramentas_jardim,10700,30,30,30
moveis_escritorio,17400,63,58,26
esporte_lazer,550,80,20,13
utilidades_domesticas,900,19,14,16
portateis_cozinha_e_preparadores_de_alimentos,7350,40,30,23
agro_industria_e_comercio,9700,47,70,27
brinquedos,550,17,15,22
utilidades_domesticas,550,60,10,15
informatica_acessorios,300,36,2,27
moveis_decoracao,650,30,19,30
esporte_lazer,1400,65,10,16
utilidades_domesticas,1400,20,14,20
fashion_bolsas_e_acessorios,150,16,7,11
eletronicos,900,35,16,20
instrumentos_musicais,1100,30,20,20
cool_stuff,1850,34,5,34
automotivo,150,16,8,11
construcao_ferramentas_construcao,283,17,10,15
brinquedos,20800,80,36,36
telefonia_fixa,6050,40,30,30
moveis_decoracao,500,16,30,30
livros_interesse_geral,800,22,8,16
utilidades_domesticas,5150,30,30,30
relogios_presentes,550,20,12,15
utilidades_domesticas,345,13,14,15
papelaria,5850,39,19,40
automotivo,2000,25,6,23
pet_shop,1250,50,4,26
eletronicos,400,18,12,14
ferramentas_jardim,400,20,20,20
cama_mesa_banho,175,23,6,13
ferramentas_jardim,600,16,35,25
esporte_lazer,1350,41,10,35
relogios_presentes,740,18,12,15
relogios_presentes,700,17,13,15
cama_mesa_banho,950,46,6,36
cama_mesa_banho,2300,42,12,36
utilidades_domesticas,1250,16,35,22
portateis_casa_forno_e_cafe,1600,18,30,24
utilidades_domesticas,1138,35,28,24
cama_mesa_banho,2500,46,17,35
utilidades_domesticas,383,17,13,14
pet_shop,2600,33,30,44
utilidades_domesticas,200,16,30,11
ferramentas_jardim,4200,50,28,28
beleza_saude,500,20,8,20
moveis_decoracao,1200,40,10,34
moveis_decoracao,7150,35,35,35
moveis_decoracao,1000,40,15,35
bebes,7950,27,44,40
beleza_saude,250,16,7,12
automotivo,850,20,15,20
relogios_presentes,250,16,9,12
automotivo,2900,30,20,30
beleza_saude,417,16,15,14
moveis_decoracao,750,29,25,25
relogios_presentes,2200,24,5,25
ferramentas_jardim,900,30,40,25
beleza_saude,1300,25,13,20
esporte_lazer,1300,31,33,31
ferramentas_jardim,4900,34,18,31
utilidades_domesticas,1190,38,20,22
beleza_saude,200,26,18,11
automotivo,1200,60,8,33
automotivo,350,35,5,35
cama_mesa_banho,850,36,4,29
informatica_acessorios,200,14,5,14
esporte_lazer,500,24,22,22
utilidades_domesticas,950,23,26,20
construcao_ferramentas_seguranca,700,20,20,20
relogios_presentes,1150,105,13,13
automotivo,11175,27,16,17
moveis_decoracao,9050,35,30,35
esporte_lazer,700,22,17,12
construcao_ferramentas_construcao,3000,25,6,25
bebes,2100,31,43,21
instrumentos_musicais,10700,40,40,40
cama_mesa_banho,683,57,4,28
perfumaria,133,16,16,13
informatica_acessorios,817,30,15,15
moveis_decoracao,12900,40,45,40
consoles_games,300,19,2,16
cama_mesa_banho,1500,45,25,35
brinquedos,1000,36,19,17
beleza_saude,320,26,28,16
ferramentas_jardim,1500,20,22,22
beleza_saude,583,20,6,11
esporte_lazer,700,24,19,23
bebes,5962,35,57,52
construcao_ferramentas_construcao,100,17,5,13
beleza_saude,2350,16,10,20
brinquedos,350,17,15,12
utilidades_domesticas,1600,25,16,16
papelaria,100,18,6,13
casa_construcao,750,16,29,16
market_place,700,20,8,14
telefonia,90,19,3,11
perfumaria,382,20,12,13
cama_mesa_banho,30000,45,15,35
moveis_decoracao,650,16,15,13
beleza_saude,100,19,11,23
informatica_acessorios,350,28,10,37
ferramentas_jardim,1300,40,10,15
eletronicos,8550,78,9,23
bebes,13800,60,32,43
moveis_decoracao,800,37,40,27
fashion_bolsas_e_acessorios,440,31,31,20
malas_acessorios,700,43,16,27
moveis_decoracao,6800,90,4,50
telefonia,400,18,16,16
casa_construcao,450,18,19,13
cama_mesa_banho,4950,56,12,40
ferramentas_jardim,5950,35,26,24
automotivo,2150,30,25,30
eletrodomesticos_2,3225,24,24,23
automotivo,650,26,9,24
papelaria,1000,20,45,35
papelaria,900,25,6,25
pet_shop,7050,50,21,21
artigos_de_festas,3100,27,27,27
utilidades_domesticas,4100,63,25,23
casa_construcao,1000,30,20,30
moveis_decoracao,400,16,22,18
malas_acessorios,750,25,3,20
beleza_saude,500,16,15,15
eletrodomesticos,1250,50,2,37
relogios_presentes,200,16,12,12
papelaria,500,42,14,30
construcao_ferramentas_construcao,250,20,10,15
cama_mesa_banho,3000,30,20,25
relogios_presentes,333,17,13,15
utilidades_domesticas,450,20,11,11
instrumentos_musicais,100,16,16,16
beleza_saude,800,42,8,11
esporte_lazer,150,16,8,11
informatica_acessorios,350,36,5,15
informatica_acessorios,1250,17,25,17
automotivo,250,25,15,25
ferramentas_jardim,250,22,9,15
esporte_lazer,550,18,12,14
beleza_saude,250,18,8,18
utilidades_domesticas,23100,33,70,44
cool_stuff,658,17,15,15
bebes,7900,45,25,45
eletrodomesticos,750,22,35,25
beleza_saude,3700,29,17,15
esporte_lazer,200,16,15,16
esporte_lazer,200,30,5,30
ferramentas_jardim,1700,28,13,15
cama_mesa_banho,13500,55,25,35
bebes,450,26,7,22
livros_interesse_geral,700,35,6,30
esporte_lazer,150,16,16,16
beleza_saude,1050,17,14,16
brinquedos,1567,49,23,45
livros_interesse_geral,8170,17,17,20
automotivo,7350,40,24,48
ferramentas_jardim,350,18,23,18
instrumentos_musicais,1400,30,30,30
relogios_presentes,832,21,12,15
esporte_lazer,30000,86,66,36
cool_stuff,150,16,13,21
utilidades_domesticas,5100,50,20,30
moveis_decoracao,900,53,8,11
automotivo,900,40,24,33
utilidades_domesticas,400,20,15,16
industria_comercio_e_negocios,4350,16,103,25
perfumaria,551,19,19,17
beleza_saude,7525,35,32,35
perfumaria,550,16,11,11
telefonia,200,16,7,13
esporte_lazer,2050,33,30,30
utilidades_domesticas,2050,38,7,26
perfumaria,5850,27,20,35
utilidades_domesticas,9400,59,43,43
esporte_lazer,1200,50,20,50
alimentos,750,16,12,15
ferramentas_jardim,4200,19,38,18
esporte_lazer,24450,105,50,20
moveis_sala,9850,47,26,46
utilidades_domesticas,340,30,6,11
brinquedos,350,17,10,12
papelaria,5700,38,30,28
instrumentos_musicais,250,16,11,16
market_place,450,30,16,25
utilidades_domesticas,600,18,19,18
consoles_games,100,18,7,17
esporte_lazer,1800,31,36,31
moveis_quarto,16500,58,18,42
beleza_saude,500,16,16,16
esporte_lazer,3500,102,10,22
ferramentas_jardim,800,19,32,19
esporte_lazer,1400,22,27,22
moveis_escritorio,7625,52,41,69
informatica_acessorios,300,18,8,16
automotivo,650,25,25,15
automotivo,900,38,7,12
informatica_acessorios,75,16,16,16
utilidades_domesticas,1350,26,5,32
brinquedos,1360,35,29,24
relogios_presentes,375,21,10,12
utilidades_domesticas,790,17,14,20
esporte_lazer,214,17,18,18
cama_mesa_banho,1150,33,9,38
casa_construcao,6550,38,28,28
brinquedos,5000,72,34,20
pet_shop,18800,55,45,35
moveis_escritorio,2100,16,26,26
papelaria,5700,25,55,45
informatica_acessorios,600,16,15,15
consoles_games,150,24,5,24
livros_tecnicos,700,26,3,19
esporte_lazer,300,16,12,12
utilidades_domesticas,390,24,20,24
moveis_decoracao,1250,30,30,30
ferramentas_jardim,300,16,16,11
brinquedos,633,36,6,26
sinalizacao_e_seguranca,11100,100,73,13
bebes,7034,55,66,33
cama_mesa_banho,1500,16,50,40
esporte_lazer,3400,32,18,18
esporte_lazer,26700,105,70,20
beleza_saude,250,19,7,12
esporte_lazer,1967,44,18,47
cama_mesa_banho,1500,45,3,37
pet_shop,300,16,3,11
construcao_ferramentas_construcao,1150,26,42,26
malas_acessorios,700,45,10,33
climatizacao,250,16,8,16
papelaria,900,37,6,29
construcao_ferramentas_construcao,1010,38,33,28
cool_stuff,1950,42,25,15
brinquedos,5400,49,22,30
utilidades_domesticas,800,20,30,20
automotivo,2300,37,11,16
relogios_presentes,450,17,14,15
telefonia,350,18,6,14
moveis_decoracao,1600,54,8,11
informatica_acessorios,50,20,20,18
artigos_de_festas,2500,25,25,25
livros_interesse_geral,100,22,2,22
esporte_lazer,3900,46,16,36
fashion_roupa_masculina,250,17,7,20
automotivo,7200,61,8,61
livros_tecnicos,500,17,24,11
alimentos_bebidas,4550,30,15,26
pcs,3000,30,6,42
ferramentas_jardim,600,16,31,18
telefonia_fixa,50,19,3,11
informatica_acessorios,6800,50,25,18
utilidades_domesticas,3657,43,44,34
brinquedos,650,35,15,25
relogios_presentes,420,15,9,13
beleza_saude,3100,16,33,17
esporte_lazer,185,18,12,18
malas_acessorios,850,50,9,36
utilidades_domesticas,4050,22,37,37
fashion_bolsas_e_acessorios,200,16,10,12
automotivo,7125,56,11,32
cama_mesa_banho,7474,54,29,40
utilidades_domesticas,731,16,15,13
esporte_lazer,1800,70,12,17
cool_stuff,700,21,18,23
esporte_lazer,1450,50,20,30
utilidades_domesticas,550,17,15,15
utilidades_domesticas,450,18,8,13
moveis_decoracao,1850,90,12,12
esporte_lazer,137,18,5,13
automotivo,925,65,8,30
automotivo,1350,40,6,28
utilidades_domesticas,7900,45,20,45
ferramentas_jardim,600,20,16,16
beleza_saude,235,19,14,17
cama_mesa_banho,900,40,10,50
informatica_acessorios,850,18,15,12
cama_mesa_banho,500,70,8,60
utilidades_domesticas,550,16,10,12
eletrodomesticos,300,21,12,12
beleza_saude,3000,30,12,16
papelaria,317,22,14,22
brinquedos,808,30,14,30
cool_stuff,2800,49,39,17
moveis_decoracao,27800,40,50,70
informatica_acessorios,717,30,12,18
cama_mesa_banho,2750,30,20,26
esporte_lazer,300,16,15,11
brinquedos,165,19,12,17
brinquedos,3600,52,22,47
cool_stuff,750,20,8,13
beleza_saude,300,22,3,15
eletroportateis,350,30,12,12
perfumaria,500,16,19,16
cama_mesa_banho,2100,40,10,33
beleza_saude,2400,19,28,17
moveis_decoracao,2200,105,3,70
utilidades_domesticas,3100,48,38,11
perfumaria,107,21,10,12
pet_shop,1650,45,8,40
esporte_lazer,350,24,4,12
informatica_acessorios,185,16,9,13
eletronicos,161,19,8,17
alimentos_bebidas,1575,20,18,18
automotivo,1650,45,45,25
consoles_games,350,17,16,20
papelaria,700,27,7,22
eletronicos,23500,60,30,60
beleza_saude,1900,17,48,16
moveis_decoracao,12600,45,35,45
esporte_lazer,1600,30,30,30
beleza_saude,2625,16,32,24
fashion_roupa_masculina,400,16,2,11
cama_mesa_banho,2050,34,8,32
eletrodomesticos_2,6100,60,8,48
brinquedos,700,23,16,20
utilidades_domesticas,650,38,16,38
moveis_decoracao,21500,76,60,31
papelaria,2100,20,50,40
utilidades_domesticas,500,16,10,11
beleza_saude,700,21,14,11
utilidades_domesticas,200,30,5,20
automotivo,10300,40,40,30
casa_construcao,12250,20,30,20
beleza_saude,1250,21,16,31
papelaria,1000,18,17,25
eletroportateis,1800,30,15,15
esporte_lazer,1050,43,19,13
bebes,600,25,5,26
market_place,200,27,15,15
ferramentas_jardim,2000,37,25,37
utilidades_domesticas,250,17,10,14
cds_dvds_musicais,550,35,15,25
cama_mesa_banho,500,25,5,15
moveis_decoracao,1900,35,45,35
beleza_saude,1900,25,20,20
utilidades_domesticas,3050,30,30,30
beleza_saude,850,16,25,17
automotivo,3950,53,43,11
papelaria,10950,60,20,29
moveis_escritorio,8925,53,74,18
construcao_ferramentas_construcao,500,20,30,15
beleza_saude,775,21,23,16
alimentos_bebidas,700,25,25,25
informatica_acessorios,600,20,6,18
brinquedos,3550,45,28,27
pet_shop,22600,93,81,18
eletronicos,150,17,7,17
telefonia,230,17,14,13
instrumentos_musicais,190,28,7,13
automotivo,100,18,10,18
moveis_colchao_e_estofado,1950,41,21,21
brinquedos,1050,40,13,29
informatica_acessorios,750,36,11,20
ferramentas_jardim,5900,46,20,46
moveis_decoracao,100,53,16,16
utilidades_domesticas,550,25,4,18
informatica_acessorios,1350,30,16,20
beleza_saude,2900,21,16,31
esporte_lazer,518,21,28,22
moveis_quarto,10700,93,63,11
cama_mesa_banho,1100,21,29,17
utilidades_domesticas,1100,35,10,11
fashion_bolsas_e_acessorios,18100,30,70,49
utilidades_domesticas,1105,34,47,14
beleza_saude,500,31,11,23
cama_mesa_banho,13400,45,15,35
brinquedos,225,26,15,25
pet_shop,467,19,15,18
moveis_decoracao,4400,30,30,30
relogios_presentes,350,16,15,15
moveis_escritorio,19783,49,54,52
moveis_decoracao,900,50,11,11
moveis_sala,7833,41,52,29
brinquedos,550,40,20,17
eletrodomesticos,21400,75,20,68
ferramentas_jardim,12900,39,28,25
bebes,200,16,5,15
construcao_ferramentas_construcao,400,16,16,16
construcao_ferramentas_seguranca,400,20,5,20
cama_mesa_banho,1000,37,23,35
esporte_lazer,1450,26,17,17
esporte_lazer,386,19,15,12
informatica_acessorios,700,18,9,16
cama_mesa_banho,2726,24,28,28
bebes,100,18,9,14
cama_mesa_banho,450,42,10,29
beleza_saude,200,19,7,12
instrumentos_musicais,500,19,16,16
moveis_escritorio,14050,58,20,58
informatica_acessorios,150,16,5,14
esporte_lazer,200,23,7,14
brinquedos,200,25,11,14
utilidades_domesticas,1900,35,44,35
cama_mesa_banho,2100,30,15,30
construcao_ferramentas_construcao,10200,44,15,33
moveis_decoracao,3600,38,15,23
construcao_ferramentas_construcao,450,19,6,30
automotivo,100,16,16,12
fashion_bolsas_e_acessorios,5000,22,53,35
ferramentas_jardim,600,20,10,20
moveis_decoracao,4500,55,30,25
beleza_saude,175,16,13,14
ferramentas_jardim,9500,35,8,35
cama_mesa_banho,16550,85,15,55
esporte_lazer,1013,23,26,15
informatica_acessorios,700,30,15,15
cool_stuff,4700,42,25,15
brinquedos,1400,45,15,40
bebes,3450,30,30,12
informatica_acessorios,267,16,16,16
cama_mesa_banho,635,22,11,22
climatizacao,10500,53,21,36
artes,500,20,7,16
perfumaria,700,20,20,30
construcao_ferramentas_construcao,2750,25,8,25
livros_interesse_geral,400,23,2,16
pet_shop,250,27,9,26
moveis_decoracao,400,30,20,20
bebes,250,25,25,25
cama_mesa_banho,1050,41,13,13
pet_shop,467,22,34,21
cool_stuff,500,43,30,33
esporte_lazer,800,21,25,21
esporte_lazer,1000,40,20,20
utilidades_domesticas,9100,30,30,30
moveis_decoracao,1400,100,7,15
automotivo,254,18,12,9
informatica_acessorios,150,16,4,13
construcao_ferramentas_jardim,25750,30,30,30
construcao_ferramentas_construcao,17800,48,23,48
brinquedos,293,17,15,14
livros_interesse_geral,300,26,4,36
esporte_lazer,400,33,21,27
cama_mesa_banho,6975,54,39,54
artigos_de_natal,1450,42,14,22
pet_shop,400,35,15,25
fashion_roupa_masculina,1050,40,6,35
informatica_acessorios,3695,41,27,33
cama_mesa_banho,951,22,15,22
cool_stuff,3585,26,44,25
beleza_saude,500,24,6,12
esporte_lazer,300,16,16,11
brinquedos,900,40,10,28
cama_mesa_banho,1550,20,20,20
utilidades_domesticas,100,16,2,11
cama_mesa_banho,1600,43,5,30
market_place,925,28,10,27
instrumentos_musicais,18950,16,26,28
cama_mesa_banho,3800,35,15,25
cama_mesa_banho,2000,31,9,31
bebes,500,47,10,36
beleza_saude,1500,27,9,18
esporte_lazer,970,20,19,18
cool_stuff,1200,32,15,15
ferramentas_jardim,500,25,16,16
telefonia,325,18,25,21
moveis_sala,8700,80,13,50
eletronicos,4400,44,20,30
alimentos_bebidas,1300,16,36,13
esporte_lazer,500,17,5,13
telefonia,250,18,18,12
eletroportateis,2300,25,7,60
automotivo,100,16,3,12
esporte_lazer,250,20,15,15
informatica_acessorios,400,20,30,20
cama_mesa_banho,600,50,10,60
relogios_presentes,250,19,14,19
esporte_lazer,113,18,5,15
bebes,700,21,10,15
esporte_lazer,300,32,11,17
cama_mesa_banho,2000,28,10,26
moveis_decoracao,1750,20,60,20
esporte_lazer,260,18,11,14
moveis_decoracao,80,20,4,30
moveis_cozinha_area_de_servico_jantar_e_jardim,1400,31,31,31
moveis_decoracao,1050,30,20,30
moveis_decoracao,5200,60,40,45
instrumentos_musicais,350,16,5,16
alimentos,500,17,12,17
esporte_lazer,7750,103,17,28
beleza_saude,1150,35,15,15
brinquedos,4480,46,29,35
beleza_saude,317,17,11,12
sinalizacao_e_seguranca,1800,18,25,19
eletronicos,4600,18,16,14
esporte_lazer,100,16,12,11
relogios_presentes,200,18,6,17
instrumentos_musicais,1650,30,20,15
perfumaria,475,20,14,18
automotivo,1750,28,15,13
ferramentas_jardim,3500,42,28,42
cama_mesa_banho,4550,38,25,25
moveis_decoracao,1100,36,4,30
telefonia,300,23,16,17
cama_mesa_banho,4200,31,43,21
eletronicos,3000,40,12,20
livros_tecnicos,2050,28,5,21
moveis_decoracao,12850,36,56,56
casa_construcao,2600,40,13,25
brinquedos,700,31,5,25
bebes,218,18,19,17
utilidades_domesticas,1425,27,19,17
automotivo,650,16,9,12
eletrodomesticos_2,750,20,13,21
brinquedos,700,41,13,26
esporte_lazer,152,19,11,11
esporte_lazer,1044,23,23,22
automotivo,950,25,10,15
bebes,343,21,14,15
esporte_lazer,1050,23,10,20
eletrodomesticos,100,19,8,13
esporte_lazer,900,18,16,15
moveis_decoracao,6600,45,35,45
bebes,200,30,20,30
utilidades_domesticas,400,20,28,18
esporte_lazer,417,17,15,13
bebes,8450,76,21,21
beleza_saude,100,16,3,15
cama_mesa_banho,1175,29,7,28
informatica_acessorios,525,19,10,17
papelaria,3750,60,2,15
cama_mesa_banho,1000,50,30,40
informatica_acessorios,200,30,8,11
bebes,550,26,18,21
perfumaria,536,21,11,15
cama_mesa_banho,400,27,7,27
esporte_lazer,600,40,10,11
perfumaria,1000,33,16,20
esporte_lazer,442,19,16,17
eletrodomesticos,125,23,8,13
brinquedos,450,29,16,11
moveis_quarto,100,16,5,14
automotivo,20450,61,61,37
malas_acessorios,4200,55,25,37
livros_interesse_geral,475,14,16,15
perfumaria,500,16,16,20
brinquedos,22750,32,82,52
beleza_saude,1175,22,13,18
moveis_decoracao,9400,35,45,45
esporte_lazer,450,25,15,20
beleza_saude,5350,30,10,17
esporte_lazer,200,16,7,11
moveis_escritorio,8750,52,51,17
fashion_roupa_infanto_juvenil,500,36,10,26
moveis_escritorio,8200,52,52,17
moveis_decoracao,1400,50,15,30
esporte_lazer,675,25,30,28
brinquedos,3825,86,14,22
beleza_saude,1250,22,12,16
cool_stuff,925,20,41,15
cama_mesa_banho,1500,43,5,30
automotivo,950,22,8,14
automotivo,300,16,16,12
beleza_saude,475,20,10,12
automotivo,8775,43,14,20
cama_mesa_banho,9800,65,20,45
cama_mesa_banho,13500,55,25,45
moveis_sala,2800,83,5,23
esporte_lazer,300,20,14,20
automotivo,7275,64,5,39
esporte_lazer,200,16,6,22
fashion_bolsas_e_acessorios,100,19,3,11
fashion_bolsas_e_acessorios,1100,42,42,14
cama_mesa_banho,900,39,19,18
esporte_lazer,1400,26,9,16
telefonia,200,20,5,25
telefonia,100,18,3,12
utilidades_domesticas,1815,23,23,16
beleza_saude,1000,27,10,19
beleza_saude,600,24,18,14
moveis_decoracao,1950,35,10,35
cama_mesa_banho,2050,43,11,35
perfumaria,486,23,13,19
ferramentas_jardim,250,16,14,11
cama_mesa_banho,26550,58,50,49
esporte_lazer,5500,90,15,25
cama_mesa_banho,300,20,10,15
utilidades_domesticas,2000,75,7,50
ferramentas_jardim,1900,18,22,20
moveis_escritorio,9813,45,64,39
bebes,1454,24,22,20
moveis_decoracao,5950,40,35,35
brinquedos,800,34,22,25
moveis_decoracao,800,33,8,24
cama_mesa_banho,500,30,5,20
moveis_decoracao,17250,55,30,55
eletronicos,1200,30,30,30
relogios_presentes,433,18,12,14
moveis_decoracao,950,40,5,30
malas_acessorios,550,31,12,22
beleza_saude,1567,22,16,17
eletronicos,150,20,13,18
bebes,400,23,4,23
automotivo,16100,61,61,18
moveis_decoracao,1300,37,5,28
automotivo,100,16,6,16
moveis_decoracao,5600,30,30,30
moveis_decoracao,750,25,25,25
relogios_presentes,2400,23,7,15
cama_mesa_banho,1600,16,50,40
utilidades_domesticas,12050,22,65,40
eletrodomesticos,400,20,30,11
brinquedos,250,20,11,20
utilidades_domesticas,525,18,8,14
utilidades_domesticas,350,17,16,17
informatica_acessorios,617,34,15,15
climatizacao,3575,39,33,29
livros_interesse_geral,1768,19,14,19
bebes,188,20,6,13
ferramentas_jardim,4600,25,8,25
pet_shop,250,16,4,11
esporte_lazer,1025,40,17,36
papelaria,7050,30,20,17
pet_shop,12800,45,50,34
cool_stuff,18500,63,63,55
esporte_lazer,1300,30,30,35
automotivo,15900,65,25,45
esporte_lazer,4325,40,25,33
construcao_ferramentas_construcao,5450,23,24,23
cama_mesa_banho,1450,35,15,25
relogios_presentes,650,18,14,16
moveis_sala,12325,54,64,18
beleza_saude,1100,16,20,16
construcao_ferramentas_jardim,500,17,17,16
informatica_acessorios,900,20,15,20
utilidades_domesticas,300,35,13,22
automotivo,100,17,11,12
brinquedos,640,23,24,39
industria_comercio_e_negocios,4550,40,20,40
informatica_acessorios,285,17,10,13
consoles_games,50,16,2,13
moveis_decoracao,2900,44,15,44
casa_construcao,300,16,11,11
cama_mesa_banho,1050,35,15,25
cama_mesa_banho,18600,58,40,49
eletroportateis,1300,33,24,24
moveis_decoracao,2550,36,21,36
relogios_presentes,225,16,17,16
moveis_decoracao,200,20,30,25
automotivo,150,20,6,17
utilidades_domesticas,1050,30,12,30
automotivo,3500,65,25,25
esporte_lazer,2700,60,15,15
telefonia_fixa,255,16,12,13
portateis_cozinha_e_preparadores_de_alimentos,750,20,20,20
automotivo,1675,25,15,20
ferramentas_jardim,1650,25,25,20
telefonia,200,18,4,14
pet_shop,150,19,10,15
eletroportateis,650,16,35,25
beleza_saude,355,22,14,17
fashion_bolsas_e_acessorios,700,20,50,40
cool_stuff,500,16,12,22
cool_stuff,773,37,24,19
utilidades_domesticas,1800,25,40,25
utilidades_domesticas,3700,32,22,46
relogios_presentes,1300,32,7,32
informatica_acessorios,247,29,7,21
brinquedos,517,21,23,21
fashion_roupa_feminina,600,60,60,15
moveis_decoracao,1800,40,8,35
eletrodomesticos,12300,35,46,35
construcao_ferramentas_seguranca,520,19,13,16
utilidades_domesticas,350,16,16,16
utilidades_domesticas,575,16,18,12
beleza_saude,3100,19,16,19
livros_interesse_geral,250,25,6,20
esporte_lazer,900,16,15,15
telefonia,250,17,6,17
telefonia,200,24,21,21
bebes,1300,42,25,15
esporte_lazer,14100,71,53,23
informatica_acessorios,600,20,10,11
brinquedos,850,25,40,15
beleza_saude,800,18,16,16
informatica_acessorios,703,31,19,14
eletronicos,150,22,13,17
automotivo,500,17,21,11
informatica_acessorios,550,34,14,14
informatica_acessorios,1725,29,31,16
cama_mesa_banho,850,30,4,20
cama_mesa_banho,1950,45,15,35
ferramentas_jardim,2100,26,26,24
pet_shop,550,24,30,16
malas_acessorios,4900,38,55,22
portateis_casa_forno_e_cafe,150,16,11,11
pet_shop,9550,60,20,46
beleza_saude,2450,20,12,28
beleza_saude,367,16,15,14
cama_mesa_banho,6900,31,51,26
cool_stuff,900,16,8,13
informatica_acessorios,820,23,16,15
brinquedos,2450,55,21,30
moveis_decoracao,16515,42,77,42
ferramentas_jardim,16900,40,55,40
pet_shop,1900,50,30,33
consoles_games,283,20,10,16
brinquedos,1125,46,37,23
perfumaria,150,16,5,12
perfumaria,450,20,16,21
bebes,200,30,9,30
esporte_lazer,850,45,8,25
esporte_lazer,500,34,12,19
bebes,266,23,14,20
automotivo,6950,47,19,23
construcao_ferramentas_ferramentas,700,25,25,25
ferramentas_jardim,200,22,10,14
eletronicos,313,17,14,15
moveis_decoracao,160,32,2,32
moveis_sala,5900,50,36,20
cama_mesa_banho,12000,60,30,70
esporte_lazer,250,26,16,16
moveis_decoracao,950,20,35,20
moveis_sala,4725,58,15,53
moveis_decoracao,18600,56,48,38
papelaria,980,32,21,21
bebes,250,30,20,30
bebes,2200,40,35,20
pet_shop,550,25,25,25
automotivo,7150,65,10,65
telefonia,375,16,8,14
bebes,600,28,4,37
moveis_decoracao,800,100,5,20
beleza_saude,3550,20,20,23
beleza_saude,340,28,21,17
cama_mesa_banho,875,25,18,40
cama_mesa_banho,1300,40,40,40
moveis_escritorio,12550,57,54,21
brinquedos,300,16,11,14
construcao_ferramentas_jardim,300,30,10,20
perfumaria,100,21,4,15
brinquedos,300,27,9,18
automotivo,200,25,42,25
cama_mesa_banho,1350,50,5,50
beleza_saude,1550,20,7,20
instrumentos_musicais,3000,105,16,40
moveis_decoracao,1000,35,10,35
informatica_acessorios,450,23,6,17
esporte_lazer,650,20,30,20
ferramentas_jardim,2093,58,51,17
eletrodomesticos,417,22,25,27
cool_stuff,600,25,8,22
cama_mesa_banho,250,26,10,26
cama_mesa_banho,1290,22,22,29
automotivo,8150,60,15,25
cool_stuff,10800,44,21,38
automotivo,100,16,7,16
consoles_games,150,26,5,24
relogios_presentes,425,18,20,16
relogios_presentes,550,38,12,38
moveis_decoracao,2300,40,10,37
utilidades_domesticas,650,16,20,30
beleza_saude,7600,30,31,38
utilidades_domesticas,400,18,19,14
fashion_bolsas_e_acessorios,200,17,9,11
market_place,100,16,9,11
cama_mesa_banho,4800,43,15,39
cool_stuff,650,20,20,21
automotivo,575,29,5,24
cama_mesa_banho,3900,36,10,35
consoles_games,389,20,16,16
ferramentas_jardim,575,16,13,14
moveis_cozinha_area_de_servico_jantar_e_jardim,8200,65,10,50
cama_mesa_banho,2560,16,2,11
bebidas,1867,25,31,21
pet_shop,1150,22,25,22
moveis_sala,8400,74,5,46
beleza_saude,300,16,9,11
cool_stuff,1050,37,22,26
esporte_lazer,2150,60,15,15
eletroportateis,1800,46,15,13
perfumaria,150,20,5,20
automotivo,19200,34,86,40
cama_mesa_banho,7550,21,47,41
beleza_saude,500,20,16,19
climatizacao,9300,38,36,35
cama_mesa_banho,300,40,15,35
moveis_decoracao,1450,32,12,30
utilidades_domesticas,3800,39,6,30
relogios_presentes,750,18,10,13
utilidades_domesticas,400,17,14,13
cama_mesa_banho,14200,16,10,16
esporte_lazer,150,25,30,20
utilidades_domesticas,1950,16,105,14
bebes,6950,41,40,40
bebes,2300,24,26,36
perfumaria,100,22,7,16
moveis_sala,30000,50,60,65
moveis_decoracao,3450,38,28,28
beleza_saude,1000,30,15,30
perfumaria,425,18,12,15
automotivo,2000,30,25,30
perfumaria,350,16,17,12
papelaria,250,23,11,13
papelaria,400,26,16,21
informatica_acessorios,167,16,12,13
beleza_saude,1250,28,6,28
cool_stuff,100,16,7,11
livros_interesse_geral,900,23,3,16
construcao_ferramentas_construcao,600,16,12,16
moveis_decoracao,6833,52,52,17
relogios_presentes,350,16,13,14
papelaria,500,16,16,16
relogios_presentes,425,19,13,16
relogios_presentes,336,16,13,11
cama_mesa_banho,700,43,8,33
brinquedos,2800,48,27,18
cama_mesa_banho,2600,34,7,32
automotivo,300,17,4,12
eletronicos,550,19,12,16
cool_stuff,1285,30,20,26
bebes,380,18,26,18
construcao_ferramentas_construcao,750,18,30,11
informatica_acessorios,217,16,16,11
relogios_presentes,700,16,27,17
moveis_decoracao,1350,30,25,25
cama_mesa_banho,16500,70,30,70
casa_construcao,775,28,33,20
cama_mesa_banho,19200,58,40,50
moveis_escritorio,10050,100,45,20
perfumaria,450,16,17,16
informatica_acessorios,800,33,11,14
utilidades_domesticas,1500,66,6,39
informatica_acessorios,1300,16,16,40
beleza_saude,2050,18,8,20
cool_stuff,1735,39,23,25
moveis_decoracao,300,17,9,11
informatica_acessorios,85,15,10,15
informatica_acessorios,533,25,3,12
informatica_acessorios,6250,15,15,20
perfumaria,400,19,19,16
relogios_presentes,2000,42,10,37
construcao_ferramentas_seguranca,1080,24,27,20
telefonia,260,19,7,13
market_place,250,16,4,12
cama_mesa_banho,600,16,22,11
malas_acessorios,9800,42,70,25
utilidades_domesticas,300,19,12,12
eletronicos,490,18,11,13
fashion_bolsas_e_acessorios,100,20,20,20
cool_stuff,2225,30,33,28
esporte_lazer,400,20,34,44
relogios_presentes,140,17,9,11
esporte_lazer,250,20,34,44
eletronicos,150,24,9,18
utilidades_domesticas,600,23,23,20
pet_shop,400,35,22,28
brinquedos,753,26,14,17
cama_mesa_banho,3050,20,30,30
cool_stuff,200,16,16,16
automotivo,26000,60,60,17
instrumentos_musicais,650,70,12,25
papelaria,1000,20,15,31
construcao_ferramentas_construcao,21400,33,36,33
moveis_escritorio,16800,58,28,58
telefonia,400,17,5,12
perfumaria,90,16,9,18
brinquedos,2394,31,17,24
beleza_saude,825,18,9,12
cool_stuff,942,29,26,13
bebes,172,19,7,13
brinquedos,250,17,15,12
brinquedos,500,23,10,17
esporte_lazer,1300,29,23,23
cama_mesa_banho,1650,36,14,42
moveis_cozinha_area_de_servico_jantar_e_jardim,12800,33,33,65
bebes,400,20,10,17
esporte_lazer,200,16,6,12
cool_stuff,10225,19,11,11
utilidades_domesticas,4750,61,12,38
cama_mesa_banho,2800,35,12,30
papelaria,6050,60,20,17
moveis_decoracao,750,33,8,25
eletrodomesticos,300,27,12,17
beleza_saude,1250,16,12,12
cool_stuff,1000,22,12,24
pet_shop,1250,69,3,45
pet_shop,8750,50,8,45
utilidades_domesticas,5150,20,30,30
ferramentas_jardim,50,69,5,30
moveis_decoracao,1100,45,15,35
utilidades_domesticas,700,17,9,17
utilidades_domesticas,700,20,15,20
esporte_lazer,3200,25,11,11
automotivo,600,18,5,12
utilidades_domesticas,800,40,15,25
moveis_sala,6850,61,11,46
construcao_ferramentas_iluminacao,200,16,16,16
utilidades_domesticas,550,30,10,25
utilidades_domesticas,150,25,24,25
papelaria,800,23,7,16
cool_stuff,325,19,2,19
agro_industria_e_comercio,10200,48,73,27
moveis_decoracao,9617,55,55,19
automotivo,300,20,20,20
cama_mesa_banho,400,50,8,34
esporte_lazer,900,20,20,15
papelaria,1350,38,30,28
utilidades_domesticas,11550,45,28,45
automotivo,1650,17,7,12
fashion_underwear_e_moda_praia,375,19,9,27
automotivo,500,16,20,20
beleza_saude,1087,29,29,22
moveis_decoracao,300,24,4,12
beleza_saude,900,16,25,13
papelaria,1100,24,4,24
perfumaria,500,16,22,11
informatica_acessorios,800,17,10,23
pet_shop,1300,25,25,35
beleza_saude,950,20,10,40
moveis_decoracao,2900,40,8,40
utilidades_domesticas,2700,30,20,30
papelaria,1050,21,15,15
ferramentas_jardim,6950,50,16,30
moveis_decoracao,1100,69,11,11
automotivo,1675,35,8,23
ferramentas_jardim,1042,20,24,20
utilidades_domesticas,300,21,10,18
utilidades_domesticas,800,38,20,16
alimentos,150,16,9,11
relogios_presentes,550,18,13,16
market_place,375,16,13,15
relogios_presentes,500,17,17,17
papelaria,200,26,14,14
esporte_lazer,650,18,10,14
esporte_lazer,2200,31,6,42
sinalizacao_e_seguranca,408,23,4,20
bebes,1500,42,7,31
brinquedos,6000,54,31,31
moveis_decoracao,800,42,2,32
industria_comercio_e_negocios,2100,35,20,35
telefonia,662,21,13,27
perfumaria,267,17,14,14
moveis_decoracao,4350,27,17,46
beleza_saude,473,22,18,21
perfumaria,150,24,13,17
livros_interesse_geral,550,24,3,18
pet_shop,167,25,8,13
cama_mesa_banho,1350,36,8,29
relogios_presentes,2000,16,2,11
utilidades_domesticas,200,30,5,30
papelaria,5550,30,45,30
cama_mesa_banho,1100,25,20,20
automotivo,29600,56,15,36
ferramentas_jardim,345,19,16,23
telefonia,300,18,11,15
alimentos_bebidas,3400,30,15,26
eletronicos,550,17,17,17
cama_mesa_banho,504,22,11,21
brinquedos,567,22,14,23
relogios_presentes,1900,49,10,28
informatica_acessorios,315,19,12,16
utilidades_domesticas,17900,42,58,33
moveis_sala,4700,20,4,60
livros_interesse_geral,1100,16,25,11
automotivo,30000,50,50,50
construcao_ferramentas_ferramentas,550,18,10,11
bebes,100,42,25,15
moveis_decoracao,700,60,11,11
eletroportateis,7650,40,25,40
informatica_acessorios,4663,32,17,12
construcao_ferramentas_seguranca,6867,41,18,41
esporte_lazer,325,21,18,18
fashion_bolsas_e_acessorios,11800,16,9,11
papelaria,1100,28,13,25
eletrodomesticos,1400,65,8,38
fashion_bolsas_e_acessorios,1025,51,42,12
informatica_acessorios,775,30,13,15
bebes,14950,77,20,53
ferramentas_jardim,1300,19,32,13
eletrodomesticos_2,14733,32,51,33
utilidades_domesticas,22450,43,68,41
cool_stuff,2000,23,14,16
esporte_lazer,394,22,15,20
beleza_saude,475,36,18,21
utilidades_domesticas,5800,25,95,25
esporte_lazer,8350,20,5,15
beleza_saude,900,25,12,38
papelaria,300,16,6,16
cama_mesa_banho,1500,39,14,26
bebes,8900,32,49,34
telefonia,500,25,7,25
cama_mesa_banho,1000,40,8,35
esporte_lazer,130,16,19,15
esporte_lazer,375,29,15,15
esporte_lazer,983,28,15,29
beleza_saude,1377,21,17,16
esporte_lazer,350,20,12,14
moveis_decoracao,1500,42,9,32
beleza_saude,100,18,18,18
cama_mesa_banho,550,16,30,20
automotivo,2550,56,11,32
informatica_acessorios,280,17,15,16
brinquedos,350,30,30,30
pet_shop,350,16,7,16
informatica_acessorios,278,16,9,11
cama_mesa_banho,700,50,6,40
automotivo,350,30,12,20
moveis_decoracao,2600,45,12,40
esporte_lazer,300,26,8,16
relogios_presentes,500,17,15,15
eletronicos,850,17,5,14
market_place,2100,19,27,38
utilidades_domesticas,500,16,25,12
cama_mesa_banho,3120,56,26,53
utilidades_domesticas,1600,30,35,30
beleza_saude,750,40,11,20
bebes,600,26,22,14
cama_mesa_banho,1700,45,14,34
beleza_saude,650,40,10,25
moveis_decoracao,2750,65,8,45
cama_mesa_banho,700,35,7,27
esporte_lazer,767,16,16,17
utilidades_domesticas,300,16,16,16
utilidades_domesticas,1400,20,26,20
ferramentas_jardim,2100,26,7,26
informatica_acessorios,675,20,20,20
esporte_lazer,2900,22,28,42
beleza_saude,4025,16,14,15
brinquedos,1300,46,7,26
esporte_lazer,4175,31,33,27
beleza_saude,400,16,21,11
pet_shop,1150,20,35,30
casa_conforto,575,48,11,29
moveis_decoracao,3550,45,10,36
malas_acessorios,3800,50,25,40
cool_stuff,4100,30,40,30
bebes,6350,47,24,33
pet_shop,600,21,18,20
cool_stuff,800,36,24,16
brinquedos,500,20,10,20
brinquedos,20900,50,20,30
moveis_escritorio,7133,52,52,17
beleza_saude,6850,51,39,43
ferramentas_jardim,200,16,12,20
moveis_decoracao,550,22,28,22
utilidades_domesticas,600,21,21,16
perfumaria,650,20,8,20
esporte_lazer,150,18,12,16
bebes,8500,45,25,45
bebes,11750,70,22,50
bebes,7700,63,47,18
artigos_de_natal,450,16,15,11
utilidades_domesticas,600,16,30,11
eletronicos,1050,16,12,26
esporte_lazer,2100,40,25,28
esporte_lazer,6250,30,25,25
beleza_saude,625,28,19,16
moveis_decoracao,13200,40,60,40
informatica_acessorios,400,25,20,20
relogios_presentes,250,16,16,11
audio,300,27,5,20
sinalizacao_e_seguranca,450,60,30,22
esporte_lazer,2150,31,36,31
beleza_saude,875,28,21,25
utilidades_domesticas,8161,50,34,36
utilidades_domesticas,400,24,10,15
relogios_presentes,425,18,11,11
pet_shop,550,20,40,20
utilidades_domesticas,11250,60,20,50
telefonia,115,19,5,11
telefonia,200,19,7,13
cool_stuff,1758,35,25,25
papelaria,600,37,12,31
papelaria,1067,16,11,14
bebes,300,20,5,11
esporte_lazer,700,20,12,16
utilidades_domesticas,345,17,20,19
cama_mesa_banho,2500,55,25,35
eletronicos,250,17,5,12
beleza_saude,1200,20,15,15
cama_mesa_banho,600,22,13,16
informatica_acessorios,800,34,12,16
beleza_saude,500,21,4,16
moveis_decoracao,268,20,16,13
construcao_ferramentas_jardim,190,21,7,15
cool_stuff,1400,16,86,60
informatica_acessorios,2717,26,18,17
relogios_presentes,250,18,12,17
esporte_lazer,400,24,11,18
utilidades_domesticas,2800,50,35,15
pet_shop,2192,38,21,24
utilidades_domesticas,5438,30,39,25
papelaria,7700,28,55,37
papelaria,900,16,6,11
utilidades_domesticas,6750,33,35,34
esporte_lazer,23650,45,70,45
cama_mesa_banho,1500,50,5,50
esporte_lazer,800,42,8,26
cama_mesa_banho,7350,31,71,51
brinquedos,1007,33,27,22
automotivo,200,18,10,12
malas_acessorios,8050,16,98,33
beleza_saude,919,17,19,15
beleza_saude,1500,20,10,20
beleza_saude,1238,27,21,20
cama_mesa_banho,900,44,2,36
cama_mesa_banho,1850,40,5,30
fashion_bolsas_e_acessorios,1000,40,8,40
utilidades_domesticas,17200,32,37,32
construcao_ferramentas_jardim,3250,30,16,40
utilidades_domesticas,100,21,9,13
esporte_lazer,900,20,8,20
eletroportateis,11500,77,25,33
esporte_lazer,3500,60,20,30
beleza_saude,350,18,15,18
telefonia,500,18,7,11
moveis_escritorio,30000,74,63,26
perfumaria,350,16,5,11
utilidades_domesticas,650,45,13,30
automotivo,2800,65,27,54
moveis_decoracao,6650,52,6,52
beleza_saude,150,18,9,12
fashion_bolsas_e_acessorios,300,33,8,11
cama_mesa_banho,1083,28,6,20
cama_mesa_banho,3850,40,12,38
casa_construcao,550,19,19,16
pet_shop,200,16,70,16
perfumaria,424,19,13,14
relogios_presentes,300,16,10,11
pet_shop,1700,57,22,47
cine_foto,150,16,5,12
utilidades_domesticas,500,20,16,20
malas_acessorios,550,16,44,35
cama_mesa_banho,2267,35,14,33
alimentos_bebidas,250,20,11,15
relogios_presentes,617,26,14,18
beleza_saude,500,30,12,16
moveis_decoracao,367,50,3,35
moveis_decoracao,1350,35,10,35
moveis_decoracao,20600,58,42,50
esporte_lazer,900,25,40,30
cama_mesa_banho,1300,19,17,23
esporte_lazer,500,50,10,30
esporte_lazer,22800,60,35,65
eletroportateis,250,26,15,35
beleza_saude,1500,30,12,28
malas_acessorios,1400,33,10,49
construcao_ferramentas_construcao,894,26,19,24
cama_mesa_banho,1350,48,9,38
brinquedos,1270,31,16,32
beleza_saude,786,28,11,17
brinquedos,405,28,15,20
perfumaria,350,16,5,15
automotivo,250,16,16,12
utilidades_domesticas,300,25,10,23
eletrodomesticos,950,62,17,25
utilidades_domesticas,1800,23,14,23
instrumentos_musicais,200,22,10,15
utilidades_domesticas,2200,89,5,20
brinquedos,250,16,19,19
cool_stuff,1100,50,40,30
moveis_decoracao,1500,26,6,20
automotivo,358,16,6,17
moveis_decoracao,3300,28,29,35
cama_mesa_banho,2837,36,8,37
consoles_games,300,17,2,14
informatica_acessorios,825,30,15,15
beleza_saude,250,30,12,16
telefonia,575,20,20,20
cama_mesa_banho,3750,70,16,50
consoles_games,200,25,9,21
automotivo,850,20,9,14
cama_mesa_banho,3200,45,15,35
construcao_ferramentas_construcao,2750,64,10,40
telefonia,200,16,4,13
utilidades_domesticas,1050,35,18,35
fashion_roupa_masculina,700,16,2,20
esporte_lazer,1050,30,15,20
ferramentas_jardim,3763,49,45,34
moveis_decoracao,1500,43,9,43
perfumaria,500,20,13,20
beleza_saude,1501,28,24,21
cool_stuff,4475,44,24,31
brinquedos,300,16,6,11
relogios_presentes,350,16,10,11
esporte_lazer,385,25,20,20
cool_stuff,25000,27,23,105
moveis_decoracao,2450,40,7,60
ferramentas_jardim,550,19,14,10
telefonia,2200,16,51,17
brinquedos,345,19,16,18
casa_conforto,5350,40,20,40
cama_mesa_banho,1800,35,20,25
agro_industria_e_comercio,500,17,11,11
moveis_decoracao,550,70,7,11
relogios_presentes,375,18,12,12
beleza_saude,1850,24,36,23
cama_mesa_banho,1100,28,6,20
beleza_saude,800,16,16,16
papelaria,250,20,25,11
brinquedos,450,25,11,13
beleza_saude,850,27,9,18
relogios_presentes,275,15,19,16
moveis_decoracao,2750,60,15,30
esporte_lazer,1200,19,19,16
moveis_decoracao,7600,100,7,65
utilidades_domesticas,1650,69,10,40
moveis_cozinha_area_de_servico_jantar_e_jardim,9200,75,30,76
moveis_decoracao,1600,50,20,40
moveis_decoracao,1900,65,12,12
automotivo,4800,55,20,20
construcao_ferramentas_construcao,1400,16,16,53
perfumaria,8250,38,18,22
cama_mesa_banho,1400,34,12,40
relogios_presentes,438,18,10,14
eletronicos,400,23,2,13
consoles_games,180,21,6,17
esporte_lazer,983,24,26,22
utilidades_domesticas,2400,34,31,24
relogios_presentes,500,16,11,17
perfumaria,453,21,11,14
cama_mesa_banho,20600,61,52,44
informatica_acessorios,240,20,16,15
informatica_acessorios,400,30,11,20
beleza_saude,1025,31,20,20
beleza_saude,1550,24,38,24
esporte_lazer,350,22,5,12
brinquedos,19600,45,50,45
sinalizacao_e_seguranca,27100,38,100,38
eletrodomesticos,800,16,45,35
bebes,2000,50,25,40
esporte_lazer,1000,35,10,20
utilidades_domesticas,2550,58,43,25
automotivo,1525,68,9,36
automotivo,150,25,7,16
informatica_acessorios,517,16,12,15
cama_mesa_banho,1825,44,14,34
papelaria,1000,25,55,45
esporte_lazer,400,30,10,15
bebes,250,70,5,35
moveis_escritorio,20300,57,55,22
beleza_saude,525,20,6,11
informatica_acessorios,5323,22,24,39
moveis_decoracao,450,18,16,16
ferramentas_jardim,1200,52,8,11
esporte_lazer,3050,28,24,11
automotivo,1800,52,5,52
esporte_lazer,900,60,7,58
automotivo,1100,25,20,20
cama_mesa_banho,550,34,23,43
esporte_lazer,200,16,15,15
cama_mesa_banho,583,28,2,23
brinquedos,1050,16,13,12
utilidades_domesticas,1000,38,39,38
utilidades_domesticas,1225,20,17,15
automotivo,850,41,45,11
papelaria,21800,55,50,40
moveis_decoracao,400,40,10,30
pet_shop,500,20,40,12
eletronicos,200,22,11,16
beleza_saude,1000,19,28,17
moveis_escritorio,3950,18,23,27
cama_mesa_banho,1950,40,6,35
utilidades_domesticas,300,30,11,20
cool_stuff,6000,52,44,27
construcao_ferramentas_iluminacao,400,20,20,20
informatica_acessorios,350,22,11,17
flores,800,30,15,20
esporte_lazer,500,49,12,27
esporte_lazer,900,27,12,49
telefonia_fixa,508,16,17,17
artigos_de_natal,55,30,2,21
automotivo,1550,23,12,16
cool_stuff,150,17,8,17
construcao_ferramentas_construcao,450,28,4,13
utilidades_domesticas,1300,38,27,16
beleza_saude,100,19,11,11
cool_stuff,1650,30,4,30
beleza_saude,1400,42,12,11
utilidades_domesticas,550,16,32,11
artigos_de_festas,4650,33,18,33
automotivo,237,19,7,15
esporte_lazer,200,18,18,18
construcao_ferramentas_construcao,2300,37,15,37
moveis_decoracao,700,25,2,17
brinquedos,6133,44,35,48
utilidades_domesticas,3300,36,15,29
relogios_presentes,444,20,14,16
relogios_presentes,300,20,15,20
esporte_lazer,6150,30,40,40
esporte_lazer,700,26,14,24
cama_mesa_banho,1400,42,9,36
cama_mesa_banho,4000,45,14,42
casa_construcao,800,16,29,16
brinquedos,1100,20,55,35
relogios_presentes,550,17,14,15
beleza_saude,4000,24,24,16
esporte_lazer,20950,70,41,54
papelaria,1100,50,12,25
automotivo,5400,50,40,40
esporte_lazer,2650,20,10,25
brinquedos,3850,52,7,55
moveis_decoracao,3000,50,14,44
automotivo,12550,50,30,50
cool_stuff,400,47,3,37
bebes,500,36,7,25
cama_mesa_banho,9900,50,30,40
utilidades_domesticas,1400,27,21,21
casa_construcao,200,22,7,20
fashion_bolsas_e_acessorios,400,16,10,12
bebes,10400,33,30,44
moveis_decoracao,700,26,8,22
perfumaria,400,16,22,16
brinquedos,600,17,12,12
eletrodomesticos,2667,28,37,33
construcao_ferramentas_seguranca,300,20,4,18
esporte_lazer,550,18,18,18
telefonia,250,19,4,11
construcao_ferramentas_construcao,23300,65,58,37
esporte_lazer,3800,34,22,22
bebes,5650,60,20,50
brinquedos,1300,16,34,52
beleza_saude,3100,20,20,16
esporte_lazer,200,17,12,15
brinquedos,550,28,6,15
moveis_decoracao,1200,60,22,16
esporte_lazer,400,22,12,17
moveis_decoracao,3500,55,5,40
perfumaria,7650,60,50,16
ferramentas_jardim,1488,28,24,22
papelaria,800,32,44,13
cama_mesa_banho,1900,38,10,33
alimentos_bebidas,350,21,10,15
esporte_lazer,150,20,8,16
ferramentas_jardim,6300,37,15,37
perfumaria,85,17,7,13
moveis_decoracao,300,27,13,16
automotivo,200,20,6,13
instrumentos_musicais,7550,37,23,38
papelaria,150,17,6,11
perfumaria,1000,18,10,20
ferramentas_jardim,6000,44,28,25
beleza_saude,1583,22,15,14
relogios_presentes,200,16,11,12
utilidades_domesticas,350,19,20,19
telefonia,99,21,3,14
sinalizacao_e_seguranca,300,31,4,15
moveis_decoracao,1400,30,11,21
eletronicos,1450,48,5,12
esporte_lazer,4100,16,10,16
alimentos_bebidas,300,16,2,12
utilidades_domesticas,150,18,9,16
bebes,200,70,15,50
pet_shop,700,30,10,20
beleza_saude,175,16,10,18
pet_shop,2000,50,20,40
beleza_saude,1525,25,16,18
fashion_bolsas_e_acessorios,100,20,4,13
beleza_saude,130,16,11,13
utilidades_domesticas,9950,47,20,60
telefonia,270,16,14,11
brinquedos,1750,35,20,35
beleza_saude,1267,20,19,14
perfumaria,100,16,5,11
beleza_saude,1300,16,16,16
informatica_acessorios,1400,22,9,16
cama_mesa_banho,1200,28,5,20
eletronicos,167,16,3,11
beleza_saude,2400,17,32,11
livros_interesse_geral,1200,30,4,20
cama_mesa_banho,1400,45,8,35
moveis_decoracao,1100,30,30,30
telefonia,600,23,6,15
alimentos,225,21,9,14
cama_mesa_banho,300,16,10,11
esporte_lazer,350,21,26,21
esporte_lazer,2050,28,22,20
moveis_decoracao,2003,37,27,24
eletronicos,1150,20,5,18
cama_mesa_banho,1550,35,10,45
beleza_saude,2400,55,40,50
esporte_lazer,4800,20,40,30
perfumaria,555,24,8,15
cama_mesa_banho,2676,42,16,36
relogios_presentes,600,19,8,14
moveis_decoracao,1850,34,34,11
construcao_ferramentas_seguranca,1500,20,20,20
perfumaria,426,18,14,14
esporte_lazer,7050,20,15,82
esporte_lazer,1067,24,23,23
esporte_lazer,350,22,15,22
moveis_decoracao,3050,40,15,35
esporte_lazer,1150,90,10,15
informatica_acessorios,900,16,6,11
brinquedos,400,20,25,20
beleza_saude,178,18,11,17
pet_shop,150,27,9,27
utilidades_domesticas,16950,43,68,41
moveis_escritorio,14050,58,28,58
eletronicos,550,30,20,30
moveis_decoracao,1600,38,18,21
cama_mesa_banho,1750,35,15,25
beleza_saude,725,21,23,16
esporte_lazer,500,31,10,35
utilidades_domesticas,825,26,15,22
moveis_decoracao,1400,65,15,15
beleza_saude,610,18,9,17
fashion_bolsas_e_acessorios,200,20,20,25
cool_stuff,1850,42,25,15
moveis_decoracao,5950,40,30,40
cool_stuff,800,19,11,12
bebidas,322,18,22,13
beleza_saude,30000,58,55,44
construcao_ferramentas_construcao,2900,43,14,17
cama_mesa_banho,600,30,10,25
beleza_saude,50,20,10,15
informatica_acessorios,120,31,10,15
telefonia,105,19,5,13
fashion_bolsas_e_acessorios,300,35,8,35
alimentos_bebidas,50,16,3,11
esporte_lazer,1200,20,12,12
ferramentas_jardim,12500,30,30,25
beleza_saude,2300,23,23,33
automotivo,5200,41,19,41
beleza_saude,1000,60,16,11
construcao_ferramentas_iluminacao,150,20,10,20
brinquedos,700,16,34,34
beleza_saude,1128,20,15,17
eletroportateis,300,35,10,20
papelaria,1700,35,45,16
consoles_games,100,17,18,15
cool_stuff,1850,29,12,56
beleza_saude,1283,30,16,22
esporte_lazer,2700,30,26,21
moveis_decoracao,200,21,16,21
eletronicos,10800,100,20,70
cama_mesa_banho,1300,46,7,51
construcao_ferramentas_construcao,2050,21,8,21
cama_mesa_banho,600,30,10,20
moveis_decoracao,6400,90,4,55
moveis_decoracao,1700,38,7,28
informatica_acessorios,350,20,20,20
automotivo,9950,40,20,30
relogios_presentes,300,18,13,16
casa_construcao,6500,30,35,30
beleza_saude,4300,16,16,16
utilidades_domesticas,700,16,14,14
malas_acessorios,1450,32,52,19
esporte_lazer,12250,25,30,15
utilidades_domesticas,950,41,7,22
cama_mesa_banho,600,60,8,50
cama_mesa_banho,350,50,8,34
brinquedos,500,25,25,15
papelaria,950,16,10,50
automotivo,6500,20,20,20
esporte_lazer,200,17,11,15
bebes,10745,47,58,43
informatica_acessorios,175,16,2,11
relogios_presentes,333,16,12,13
instrumentos_musicais,500,40,8,23
ferramentas_jardim,12700,46,40,46
audio,200,16,3,14
bebes,1000,25,10,30
beleza_saude,1050,16,25,13
casa_construcao,866,21,18,21
automotivo,600,66,10,11
automotivo,6025,56,11,32
beleza_saude,1275,18,19,15
pet_shop,9200,37,30,39
brinquedos,300,18,18,18
utilidades_domesticas,1050,25,25,35
climatizacao,4975,45,51,35
fashion_calcados,900,35,12,20
informatica_acessorios,840,25,18,17
cama_mesa_banho,550,40,21,20
construcao_ferramentas_construcao,2530,19,17,17
moveis_decoracao,650,33,33,11
automotivo,7700,56,11,32
cama_mesa_banho,13000,50,20,50
perfumaria,1100,16,20,16
casa_conforto,1075,30,30,14
beleza_saude,300,16,25,15
perfumaria,1000,20,20,20
relogios_presentes,900,30,10,30
utilidades_domesticas,1950,43,10,33
beleza_saude,450,16,30,11
instrumentos_musicais,25000,70,75,36
bebes,345,31,8,12
utilidades_domesticas,5050,36,33,26
construcao_ferramentas_construcao,350,16,9,12
utilidades_domesticas,1350,40,19,24
casa_conforto,7100,50,30,40
construcao_ferramentas_seguranca,500,29,18,28
papelaria,600,45,2,35
moveis_decoracao,9600,55,17,45
moveis_escritorio,10850,58,20,56
malas_acessorios,1350,32,10,45
papelaria,500,16,10,25
perfumaria,400,23,10,20
cama_mesa_banho,840,22,15,22
utilidades_domesticas,1100,17,39,32
construcao_ferramentas_construcao,3800,27,7,27
cama_mesa_banho,5900,30,30,39
agro_industria_e_comercio,6820,54,54,35
construcao_ferramentas_construcao,2750,23,8,23
casa_construcao,1500,35,20,20
ferramentas_jardim,1200,30,30,30
cama_mesa_banho,700,50,11,40
papelaria,250,18,6,11
relogios_presentes,3200,16,2,11
esporte_lazer,1400,20,30,30
relogios_presentes,650,16,11,11
perfumaria,213,16,12,11
moveis_decoracao,30000,50,50,50
utilidades_domesticas,900,16,33,14
construcao_ferramentas_construcao,750,16,12,11
automotivo,250,16,9,16
moveis_sala,400,32,29,15
cama_mesa_banho,1940,48,8,39
beleza_saude,375,19,14,12
informatica_acessorios,125,20,14,15
esporte_lazer,750,30,25,25
beleza_saude,600,16,16,15
cama_mesa_banho,400,25,15,25
perfumaria,200,16,16,13
esporte_lazer,3900,20,78,55
brinquedos,5250,51,15,52
beleza_saude,838,28,14,21
moveis_decoracao,4150,36,36,36
esporte_lazer,450,20,20,20
automotivo,4075,53,5,56
moveis_decoracao,5700,85,10,40
esporte_lazer,28450,105,65,25
telefonia,400,18,13,18
bebes,500,28,10,25
automotivo,350,19,19,14
livros_interesse_geral,1000,11,15,20
utilidades_domesticas,2150,41,20,27
utilidades_domesticas,1300,22,36,22
utilidades_domesticas,775,44,3,34
automotivo,150,25,5,20
moveis_decoracao,1250,20,12,12
perfumaria,650,43,16,27
utilidades_domesticas,400,36,2,46
cama_mesa_banho,567,53,4,40
cool_stuff,400,30,30,40
automotivo,950,37,29,28
bebes,575,16,18,17
brinquedos,900,30,25,20
informatica_acessorios,250,16,15,14
brinquedos,3890,36,28,36
cama_mesa_banho,350,70,8,60
utilidades_domesticas,375,18,9,12
instrumentos_musicais,1925,21,18,15
casa_construcao,1850,28,35,15
beleza_saude,100,16,16,16
utilidades_domesticas,8650,80,15,33
consoles_games,100,16,12,12
livros_tecnicos,400,33,6,22
beleza_saude,3598,41,18,51
relogios_presentes,600,18,12,13
moveis_decoracao,1175,34,20,22
papelaria,700,20,50,40
malas_acessorios,4000,35,20,50
cama_mesa_banho,500,20,20,20
brinquedos,6800,20,25,16
moveis_decoracao,400,20,5,11
automotivo,250,30,30,30
bebes,350,27,35,32
beleza_saude,255,17,13,15
sinalizacao_e_seguranca,3000,30,30,30
automotivo,100,22,22,16
moveis_decoracao,11600,65,40,40
esporte_lazer,30000,42,105,47
informatica_acessorios,800,30,16,16
relogios_presentes,200,18,14,17
papelaria,5900,38,35,28
beleza_saude,67,17,15,14
alimentos_bebidas,600,24,8,23
utilidades_domesticas,3750,41,26,20
esporte_lazer,2500,25,20,35
cool_stuff,15300,98,32,28
automotivo,800,35,20,20
eletrodomesticos,425,27,12,12
papelaria,1900,35,45,15
eletronicos,1100,89,15,35
moveis_decoracao,10600,41,66,41
construcao_ferramentas_seguranca,2300,30,30,30
esporte_lazer,15000,91,14,91
beleza_saude,575,23,15,16
pet_shop,625,23,17,19
automotivo,6400,63,11,63
industria_comercio_e_negocios,3050,35,20,35
moveis_sala,7100,36,18,20
fashion_bolsas_e_acessorios,21100,31,79,56
bebes,1100,30,30,30
moveis_decoracao,300,22,6,15
cool_stuff,700,26,16,34
esporte_lazer,350,25,25,20
informatica_acessorios,150,25,2,20
cool_stuff,300,16,16,16
livros_interesse_geral,1500,18,26,14
ferramentas_jardim,30000,60,50,50
esporte_lazer,1600,21,18,18
esporte_lazer,22800,65,50,42
utilidades_domesticas,300,35,5,11
telefonia_fixa,2250,23,6,23
beleza_saude,150,20,14,17
cama_mesa_banho,800,95,8,70
relogios_presentes,700,30,15,30
beleza_saude,450,34,11,17
pet_shop,850,40,20,30
automotivo,5350,65,25,25
ferramentas_jardim,50,37,8,25
fashion_calcados,550,20,15,35
esporte_lazer,300,35,4,25
cama_mesa_banho,1950,16,10,16
bebes,12733,36,61,36
esporte_lazer,2186,29,23,25
esporte_lazer,1950,24,17,17
esporte_lazer,353,25,23,25
malas_acessorios,635,28,19,16
esporte_lazer,450,28,13,24
beleza_saude,325,28,13,12
brinquedos,1582,31,31,35
utilidades_domesticas,2450,72,47,13
esporte_lazer,200,25,5,25
utilidades_domesticas,1250,30,30,30
climatizacao,450,27,13,17
moveis_decoracao,800,20,11,14
moveis_escritorio,20900,23,55,58
papelaria,500,46,10,32
moveis_decoracao,650,50,7,33
moveis_decoracao,5300,30,36,30
pet_shop,900,46,8,11
eletronicos,350,17,3,12
moveis_decoracao,16300,30,30,30
casa_conforto,500,18,12,18
esporte_lazer,1400,31,36,31
cama_mesa_banho,4867,70,16,50
brinquedos,250,23,7,50
utilidades_domesticas,4050,22,51,22
papelaria,300,25,15,20
bebes,3000,37,20,43
automotivo,11800,61,61,19
industria_comercio_e_negocios,3100,30,20,30
musica,9750,27,31,16
beleza_saude,1200,25,11,15
brinquedos,250,45,15,35
cool_stuff,592,23,14,14
moveis_decoracao,400,40,40,15
consoles_games,225,16,9,12
moveis_escritorio,11000,47,66,39
beleza_saude,750,25,13,14
utilidades_domesticas,6850,30,30,30
moveis_cozinha_area_de_servico_jantar_e_jardim,11200,38,60,38
esporte_lazer,200,25,5,12
brinquedos,500,19,11,20
esporte_lazer,300,25,12,20
brinquedos,158,21,16,12
cama_mesa_banho,3117,44,14,34
brinquedos,14327,58,60,54
utilidades_domesticas,4550,30,28,28
cool_stuff,2300,30,20,30
moveis_decoracao,400,22,6,15
alimentos,350,19,19,12
brinquedos,22350,80,51,56
eletrodomesticos,600,20,13,15
cama_mesa_banho,6250,60,10,40
beleza_saude,1450,21,50,21
brinquedos,7950,52,34,18
alimentos_bebidas,1750,32,16,18
utilidades_domesticas,14100,38,34,34
cama_mesa_banho,7600,30,30,30
fashion_bolsas_e_acessorios,288,52,27,20
papelaria,800,38,8,30
moveis_decoracao,22000,16,45,50
perfumaria,133,20,10,16
papelaria,1250,32,30,32
informatica_acessorios,3313,18,20,15
cama_mesa_banho,10965,52,24,52
utilidades_domesticas,1600,37,14,31
esporte_lazer,1050,21,27,21
eletrodomesticos,1800,30,30,30
esporte_lazer,4000,31,32,31
cama_mesa_banho,1250,35,7,28
moveis_decoracao,1750,50,13,40
cama_mesa_banho,550,30,6,22
pet_shop,1900,30,20,40
beleza_saude,1050,25,11,15
moveis_decoracao,550,20,35,20
automotivo,6125,53,9,53
moveis_decoracao,500,24,24,16
beleza_saude,2225,33,20,17
utilidades_domesticas,4100,32,75,32
esporte_lazer,187,18,16,16
esporte_lazer,290,20,18,16
brinquedos,300,17,13,16
pet_shop,200,40,7,32
casa_conforto,7150,50,20,40
cama_mesa_banho,2550,53,23,48
cama_mesa_banho,5600,57,16,45
malas_acessorios,20900,50,50,50
alimentos_bebidas,300,24,8,23
moveis_decoracao,3500,20,20,20
esporte_lazer,3000,22,31,22
cama_mesa_banho,300,66,6,49
fashion_calcados,1400,22,15,33
brinquedos,6000,58,27,33
utilidades_domesticas,3000,22,51,22
beleza_saude,3600,48,22,11
moveis_decoracao,125,16,16,16
moveis_decoracao,1450,44,18,34
automotivo,200,16,4,11
informatica_acessorios,550,28,10,26
cama_mesa_banho,3500,47,21,41
moveis_decoracao,1200,65,3,45
papelaria,5050,38,30,28
papelaria,300,18,4,16
artes,200,16,5,11
cama_mesa_banho,1500,47,21,41
relogios_presentes,540,16,11,11
eletrodomesticos,500,55,40,46
construcao_ferramentas_construcao,2800,16,2,11
moveis_sala,10800,56,16,55
moveis_decoracao,1300,100,7,15
market_place,1725,31,8,33
moveis_cozinha_area_de_servico_jantar_e_jardim,25000,98,14,40
esporte_lazer,1275,62,16,16
eletroportateis,340,28,11,15
ferramentas_jardim,250,16,10,11
automotivo,5450,40,16,30
informatica_acessorios,600,36,9,13
beleza_saude,1500,30,12,27
brinquedos,1500,54,14,16
construcao_ferramentas_construcao,450,38,12,14
beleza_saude,2700,18,24,16
eletronicos,110,18,8,13
ferramentas_jardim,6050,32,24,32
automotivo,1000,40,25,40
cama_mesa_banho,1215,37,7,29
eletronicos,200,20,9,15
esporte_lazer,383,20,9,14
moveis_decoracao,600,16,2,11
moveis_decoracao,700,25,25,11
relogios_presentes,190,23,16,18
construcao_ferramentas_construcao,1700,16,32,34
pet_shop,5350,49,18,34
moveis_sala,4300,50,15,46
pet_shop,1000,30,15,20
brinquedos,500,19,35,27
moveis_decoracao,900,84,6,20
pet_shop,138,21,10,16
beleza_saude,1000,30,30,16
brinquedos,800,20,16,16
agro_industria_e_comercio,22050,40,42,36
climatizacao,6170,36,49,37
perfumaria,450,25,10,18
brinquedos,1100,65,9,20
brinquedos,2079,30,27,24
automotivo,800,35,10,35
artes_e_artesanato,325,27,10,14
pet_shop,1250,30,10,18
bebes,3117,37,31,43
construcao_ferramentas_construcao,150,22,10,15
malas_acessorios,10200,42,38,41
cama_mesa_banho,475,16,13,18
brinquedos,6400,45,25,32
moveis_decoracao,550,18,5,18
moveis_decoracao,1550,31,11,26
eletronicos,300,16,6,14
beleza_saude,350,22,18,21
beleza_saude,353,36,6,16
ferramentas_jardim,8800,33,28,20
telefonia,150,19,6,11
utilidades_domesticas,550,16,22,11
beleza_saude,400,20,8,14
moveis_decoracao,12300,56,28,40
brinquedos,1600,40,11,35
cama_mesa_banho,19800,58,40,50
relogios_presentes,725,26,6,27
brinquedos,695,30,33,27
utilidades_domesticas,200,25,10,12
relogios_presentes,750,18,10,15
casa_construcao,650,20,30,20
construcao_ferramentas_iluminacao,500,17,27,17
instrumentos_musicais,7500,55,18,45
cama_mesa_banho,1100,33,15,42
automotivo,2646,19,24,12
cama_mesa_banho,2450,45,14,34
cool_stuff,2200,62,7,35
cool_stuff,300,17,17,20
telefonia_fixa,900,18,20,17
telefonia_fixa,300,17,8,13
cool_stuff,900,40,17,18
utilidades_domesticas,1025,20,11,11
automotivo,4600,20,9,17
esporte_lazer,214,18,9,15
market_place,300,16,14,14
perfumaria,433,16,12,14
brinquedos,5300,70,12,40
esporte_lazer,3700,30,18,18
moveis_decoracao,200,40,10,16
utilidades_domesticas,3250,50,10,60
esporte_lazer,650,30,16,16
cama_mesa_banho,20100,45,15,25
eletronicos,4150,23,23,23
utilidades_domesticas,3450,32,25,26
esporte_lazer,600,20,10,15
esporte_lazer,400,20,5,15
bebes,750,21,23,35
livros_interesse_geral,300,16,22,15
cama_mesa_banho,750,24,15,18
beleza_saude,425,28,15,28
esporte_lazer,350,26,12,17
cama_mesa_banho,400,26,2,20
ferramentas_jardim,2900,58,26,28
beleza_saude,775,18,15,13
bebes,1500,42,25,15
moveis_decoracao,2100,50,12,40
bebes,400,29,36,15
bebes,7350,40,25,30
papelaria,450,20,18,15
esporte_lazer,100,20,10,15
moveis_decoracao,600,32,2,20
informatica_acessorios,425,17,23,12
moveis_decoracao,1367,39,15,29
perfumaria,200,20,15,16
moveis_decoracao,2850,30,30,30
utilidades_domesticas,500,21,10,17
utilidades_domesticas,300,30,2,16
moveis_decoracao,150,16,2,11
cama_mesa_banho,1000,35,5,20
cool_stuff,1185,26,26,33
eletroportateis,8050,35,46,35
moveis_sala,3100,30,11,30
cama_mesa_banho,3000,35,15,35
brinquedos,887,30,22,20
automotivo,250,16,16,16
livros_interesse_geral,880,28,6,17
esporte_lazer,750,36,20,26
relogios_presentes,900,30,10,25
beleza_saude,250,19,14,11
cama_mesa_banho,1000,30,4,40
cama_mesa_banho,2700,37,23,35
cama_mesa_banho,25200,58,40,50
brinquedos,467,21,22,13
cama_mesa_banho,1025,35,10,18
sinalizacao_e_seguranca,13750,65,65,22
papelaria,290,18,4,14
cool_stuff,650,36,16,11
cama_mesa_banho,900,29,8,34
beleza_saude,250,17,19,15
fashion_bolsas_e_acessorios,100,17,5,19
bebes,5400,25,45,45
eletronicos,150,24,8,13
informatica_acessorios,188,16,16,12
relogios_presentes,317,17,8,14
bebidas,300,16,10,11
malas_acessorios,175,16,10,16
beleza_saude,400,17,38,30
malas_acessorios,1200,40,22,30
automotivo,2363,26,10,26
utilidades_domesticas,2850,50,3,30
telefonia,400,23,7,15
esporte_lazer,1454,23,26,23
cama_mesa_banho,1600,28,10,26
cama_mesa_banho,1950,37,8,35
beleza_saude,19150,87,76,16
relogios_presentes,450,23,16,21
ferramentas_jardim,2500,20,10,20
moveis_sala,24400,50,50,45
moveis_decoracao,450,30,10,25
automotivo,400,24,4,17
esporte_lazer,2500,27,12,22
industria_comercio_e_negocios,7750,36,51,18
automotivo,50,16,5,16
esporte_lazer,1200,82,16,14
esporte_lazer,497,19,12,13
eletrodomesticos_2,2900,30,30,30
bebes,500,25,9,18
construcao_ferramentas_jardim,250,17,7,12
ferramentas_jardim,800,30,10,30
telefonia,100,24,10,24
utilidades_domesticas,493,20,16,16
utilidades_domesticas,350,30,20,20
papelaria,1600,18,2,20
fashion_calcados,500,30,20,30
livros_tecnicos,600,29,2,23
instrumentos_musicais,250,16,6,11
moveis_decoracao,200,18,6,22
ferramentas_jardim,1800,25,35,22
construcao_ferramentas_construcao,9700,44,15,33
brinquedos,7500,100,8,56
brinquedos,450,16,11,16
moveis_decoracao,500,16,10,22
beleza_saude,200,25,9,14
consoles_games,150,21,3,18
informatica_acessorios,250,18,9,16
casa_construcao,700,22,18,22
informatica_acessorios,750,25,11,15
perfumaria,227,17,8,12
industria_comercio_e_negocios,4917,33,23,33
pet_shop,5775,25,25,25
moveis_decoracao,7600,85,10,23
instrumentos_musicais,6250,99,28,36
moveis_decoracao,5400,68,7,68
beleza_saude,566,37,12,29
bebes,150,16,7,11
beleza_saude,650,25,15,15
informatica_acessorios,193,16,16,13
automotivo,600,26,16,18
eletroportateis,275,23,18,28
fashion_underwear_e_moda_praia,250,17,9,27
informatica_acessorios,600,35,5,15
ferramentas_jardim,900,16,7,21
moveis_decoracao,1000,30,4,20
informatica_acessorios,433,21,15,11
artigos_de_festas,2100,30,35,30
brinquedos,1700,40,8,30
informatica_acessorios,233,15,11,14
brinquedos,6750,55,15,16
pet_shop,100,16,16,16
brinquedos,1800,42,20,40
ferramentas_jardim,6500,29,21,11
telefonia,600,16,2,11
bebes,14150,52,63,31
beleza_saude,667,30,14,16
moveis_decoracao,14500,40,60,40
esporte_lazer,300,18,11,16
cama_mesa_banho,1840,48,8,39
informatica_acessorios,245,19,14,14
pet_shop,150,16,17,17
industria_comercio_e_negocios,5000,45,27,36
eletroportateis,350,16,35,25
esporte_lazer,875,19,19,19
construcao_ferramentas_construcao,1100,20,20,20
beleza_saude,1563,22,17,18
livros_interesse_geral,243,16,15,16
moveis_cozinha_area_de_servico_jantar_e_jardim,9200,31,31,31
bebes,9800,65,60,15
esporte_lazer,200,18,16,11
telefonia,100,16,4,11
cama_mesa_banho,700,45,10,35
utilidades_domesticas,50,20,5,20
beleza_saude,258,18,16,14
beleza_saude,1286,20,13,17
moveis_decoracao,700,21,28,21
cama_mesa_banho,1100,31,8,21
livros_interesse_geral,1600,25,7,18
beleza_saude,2525,26,16,31
cool_stuff,900,20,20,20
cool_stuff,2000,20,46,13
esporte_lazer,2300,40,6,46
cool_stuff,2100,44,16,42
fashion_calcados,700,36,18,27
cool_stuff,6050,50,40,18
relogios_presentes,17175,23,13,12
beleza_saude,736,16,12,14
climatizacao,4800,53,21,36
cool_stuff,3288,25,45,25
eletronicos,100,19,5,13
bebes,6300,60,20,50
utilidades_domesticas,4200,38,38,38
cama_mesa_banho,1600,46,3,34
alimentos,229,18,10,16
utilidades_domesticas,600,17,7,12
ferramentas_jardim,500,16,21,11
utilidades_domesticas,1900,100,3,15
automotivo,650,40,5,40
informatica_acessorios,150,16,6,14
utilidades_domesticas,700,16,15,12
cama_mesa_banho,1200,40,10,30
brinquedos,800,36,31,26
utilidades_domesticas,650,16,17,11
beleza_saude,1400,16,15,15
moveis_decoracao,1550,37,10,29
cama_mesa_banho,2250,38,8,38
perfumaria,325,21,14,15
esporte_lazer,125,18,5,14
cama_mesa_banho,1000,70,10,11
moveis_decoracao,750,36,21,36
moveis_decoracao,1800,80,10,15
consoles_games,200,26,7,16
papelaria,100,16,2,11
esporte_lazer,1800,25,30,40
brinquedos,289,17,15,17
cama_mesa_banho,350,16,16,16
construcao_ferramentas_construcao,100,16,7,12
esporte_lazer,433,23,12,17
brinquedos,450,21,36,11
eletroportateis,2150,20,25,32
bebes,16550,72,25,55
papelaria,450,16,20,20
cine_foto,200,16,8,11
cool_stuff,133,16,9,13
beleza_saude,6050,50,50,35
beleza_saude,150,17,9,12
brinquedos,1700,40,20,40
brinquedos,200,16,9,11
brinquedos,2900,20,11,11
moveis_decoracao,2300,42,17,32
bebes,260,24,19,20
industria_comercio_e_negocios,250,16,11,16
esporte_lazer,3400,85,6,23
automotivo,25150,63,63,38
beleza_saude,968,31,8,11
utilidades_domesticas,8200,35,40,35
perfumaria,505,19,11,14
perfumaria,160,17,10,14
beleza_saude,350,19,11,15
moveis_decoracao,2050,25,85,15
automotivo,950,50,10,30
moveis_decoracao,250,23,28,23
esporte_lazer,117,16,14,16
automotivo,220,16,10,13
consoles_games,130,18,3,15
esporte_lazer,300,16,18,11
brinquedos,800,28,6,20
brinquedos,1050,24,29,23
informatica_acessorios,88,16,16,12
beleza_saude,250,17,11,15
cama_mesa_banho,2200,55,25,35
perfumaria,8086,19,13,13
brinquedos,5100,29,15,40
moveis_decoracao,400,30,4,20
cama_mesa_banho,1300,16,10,16
fashion_underwear_e_moda_praia,400,20,5,20
market_place,800,23,5,16
utilidades_domesticas,1250,30,14,28
beleza_saude,450,16,12,13
bebes,300,20,20,11
construcao_ferramentas_construcao,11850,50,38,50
beleza_saude,1400,18,27,11
eletrodomesticos,1600,60,8,36
beleza_saude,150,43,13,14
brinquedos,1150,16,27,23
cama_mesa_banho,5350,40,20,40
eletrodomesticos,1200,28,8,13
brinquedos,300,16,20,20
utilidades_domesticas,475,20,20,20
beleza_saude,2200,36,27,19
informatica_acessorios,4300,18,15,25
utilidades_domesticas,8950,40,30,40
construcao_ferramentas_iluminacao,1050,25,20,20
livros_interesse_geral,475,26,5,18
moveis_decoracao,1400,50,30,30
beleza_saude,700,21,7,12
utilidades_domesticas,2150,47,23,27
utilidades_domesticas,9850,31,61,31
cama_mesa_banho,800,65,10,45
automotivo,50,35,4,26
utilidades_domesticas,400,18,18,14
brinquedos,350,20,10,20
moveis_decoracao,2200,36,21,36
utilidades_domesticas,3500,35,24,25
esporte_lazer,700,18,18,18
perfumaria,429,20,12,14
malas_acessorios,3100,62,20,40
cama_mesa_banho,600,38,7,30
ferramentas_jardim,4600,45,13,34
moveis_cozinha_area_de_servico_jantar_e_jardim,6850,47,23,37
beleza_saude,100,16,9,11
automotivo,800,18,13,16
beleza_saude,275,18,14,13
beleza_saude,185,16,14,12
automotivo,500,50,25,35
construcao_ferramentas_construcao,433,22,22,17
brinquedos,150,16,13,18
esporte_lazer,2300,26,22,22
artes_e_artesanato,500,21,7,14
pet_shop,600,25,20,20
cama_mesa_banho,15650,58,50,40
utilidades_domesticas,1700,30,30,30
moveis_escritorio,2400,54,10,33
relogios_presentes,483,17,11,13
bebes,250,16,6,13
informatica_acessorios,1500,30,12,14
informatica_acessorios,207,17,12,13
cama_mesa_banho,5300,20,45,35
beleza_saude,4550,30,10,17
moveis_decoracao,1900,23,50,20
cama_mesa_banho,700,45,15,35
informatica_acessorios,9300,105,12,55
pet_shop,250,16,20,16
cama_mesa_banho,1050,50,5,50
cama_mesa_banho,5833,36,6,21
utilidades_domesticas,200,22,13,23
informatica_acessorios,140,16,13,12
artes,1200,39,12,12
papelaria,6250,32,36,32
ferramentas_jardim,16150,62,12,50
esporte_lazer,200,24,7,15
bebidas,700,18,12,12
esporte_lazer,550,50,5,30
bebes,1250,60,20,50
perfumaria,125,17,12,14
casa_conforto,1000,30,20,30
eletronicos,11450,105,11,70
automotivo,16700,78,4,47
esporte_lazer,150,30,18,18
brinquedos,1000,40,6,33
construcao_ferramentas_construcao,550,25,15,25
brinquedos,3625,29,38,26
brinquedos,700,30,10,20
bebes,500,60,3,24
perfumaria,450,18,8,18
construcao_ferramentas_seguranca,767,23,10,16
pet_shop,600,35,22,28
esporte_lazer,450,30,30,30
eletrodomesticos,10850,35,46,35
utilidades_domesticas,350,30,11,20
papelaria,1047,29,26,19
esporte_lazer,350,17,17,17
malas_acessorios,1400,30,10,32
brinquedos,600,27,12,20
construcao_ferramentas_construcao,3750,40,16,25
esporte_lazer,600,35,25,35
moveis_decoracao,6700,28,40,28
esporte_lazer,1350,21,26,24
eletrodomesticos,275,28,13,18
cool_stuff,650,16,7,12
beleza_saude,276,24,19,19
bebes,1900,30,15,30
moveis_decoracao,1000,35,10,25
papelaria,8600,46,7,46
esporte_lazer,14550,20,25,13
perfumaria,400,19,13,19
cama_mesa_banho,1100,46,14,40
ferramentas_jardim,150,16,15,15
informatica_acessorios,450,25,10,15
cama_mesa_banho,27500,60,52,52
eletrodomesticos,5050,29,37,25
brinquedos,950,39,5,29
cama_mesa_banho,7760,25,32,59
moveis_escritorio,10075,53,51,18
brinquedos,1200,50,38,11
brinquedos,600,25,12,18
esporte_lazer,400,21,11,11
eletrodomesticos,400,20,13,12
construcao_ferramentas_construcao,900,20,20,20
eletronicos,500,25,10,18
ferramentas_jardim,450,18,12,13
utilidades_domesticas,30000,75,58,65
telefonia,421,23,14,17
automotivo,300,20,16,19
automotivo,6150,78,4,47
cool_stuff,1750,20,8,14
flores,200,16,11,11
beleza_saude,2600,18,26,11
informatica_acessorios,450,20,5,12
papelaria,900,50,2,20
cool_stuff,700,25,20,15
esporte_lazer,950,94,15,15
beleza_saude,1275,20,20,20
sinalizacao_e_seguranca,750,27,8,22
moveis_cozinha_area_de_servico_jantar_e_jardim,14350,39,61,39
beleza_saude,1600,58,60,16
moveis_decoracao,700,26,8,17
livros_interesse_geral,600,40,4,30
consoles_games,11200,40,40,40
beleza_saude,400,18,18,17
esporte_lazer,800,105,6,20
utilidades_domesticas,700,16,38,33
automotivo,4950,40,25,30
moveis_decoracao,1250,22,22,22
audio,400,18,8,14
utilidades_domesticas,800,26,21,21
eletroportateis,1200,16,16,16
cama_mesa_banho,9050,16,10,16
utilidades_domesticas,500,20,10,18
informatica_acessorios,175,17,9,15
consoles_games,675,25,14,25
esporte_lazer,700,24,28,28
informatica_acessorios,400,20,25,25
moveis_decoracao,7850,52,18,35
perfumaria,1300,27,21,11
livros_tecnicos,750,31,3,27
telefonia,400,20,8,12
utilidades_domesticas,4800,22,63,22
construcao_ferramentas_construcao,13350,30,29,34
esporte_lazer,1700,17,29,22
moveis_decoracao,1000,31,11,26
artigos_de_natal,600,16,19,14
beleza_saude,1280,21,16,16
pet_shop,300,25,6,20
automotivo,800,17,21,11
relogios_presentes,246,18,11,13
cama_mesa_banho,7900,20,40,40
automotivo,200,30,20,20
fashion_bolsas_e_acessorios,200,20,20,20
sinalizacao_e_seguranca,200,18,15,15
beleza_saude,700,20,6,16
utilidades_domesticas,1800,55,10,38
moveis_escritorio,14900,48,22,32
brinquedos,800,20,35,20
utilidades_domesticas,275,27,15,27
esporte_lazer,8100,31,9,11
pet_shop,1750,40,16,30
relogios_presentes,115,17,9,11
instrumentos_musicais,500,30,15,30
cama_mesa_banho,725,30,13,20
relogios_presentes,300,19,13,20
informatica_acessorios,2475,56,7,52
eletrodomesticos,1800,66,7,38
moveis_decoracao,9950,40,30,40
brinquedos,19250,55,50,38
moveis_decoracao,2500,28,20,25
casa_conforto_2,3750,41,10,33
brinquedos,415,25,27,18
papelaria,700,17,12,17
moveis_decoracao,3000,40,8,35
moveis_decoracao,30000,60,60,60
cama_mesa_banho,1400,34,14,34
beleza_saude,350,20,12,15
alimentos_bebidas,1300,19,12,12
relogios_presentes,150,11,16,6
automotivo,667,21,17,17
papelaria,2400,30,5,21
moveis_decoracao,1150,35,35,35
relogios_presentes,1000,20,20,20
beleza_saude,650,16,22,24
cool_stuff,2050,70,15,25
beleza_saude,2200,26,17,19
informatica_acessorios,375,19,12,14
cama_mesa_banho,6500,57,16,45
automotivo,1900,45,20,45
esporte_lazer,3214,27,27,17
utilidades_domesticas,300,16,2,11
brinquedos,725,50,5,50
moveis_decoracao,700,22,5,22
beleza_saude,2350,30,12,12
automotivo,100,16,10,16
esporte_lazer,350,16,8,12
esporte_lazer,600,22,6,17
market_place,1000,31,6,33
construcao_ferramentas_construcao,6250,16,2,11
utilidades_domesticas,6500,40,30,30
esporte_lazer,425,31,10,35
papelaria,150,16,10,16
moveis_decoracao,2500,60,12,20
beleza_saude,863,22,18,14
moveis_decoracao,30000,65,45,65
beleza_saude,1000,30,10,17
esporte_lazer,530,67,37,15
esporte_lazer,3325,32,31,28
perfumaria,200,16,8,11
brinquedos,1850,36,36,37
esporte_lazer,233,16,11,13
moveis_decoracao,1200,23,18,43
cama_mesa_banho,9325,50,18,28
malas_acessorios,600,20,5,20
beleza_saude,2300,25,15,14
eletrodomesticos_2,300,16,16,16
ferramentas_jardim,475,18,4,14
cama_mesa_banho,5300,30,20,25
artes,3400,19,19,19
eletronicos,100,23,6,16
automotivo,3700,35,15,30
pet_shop,5550,30,30,30
fraldas_higiene,250,20,20,20
esporte_lazer,950,16,7,12
esporte_lazer,1250,30,30,35
beleza_saude,100,16,5,15
utilidades_domesticas,1250,29,12,26
telefonia,75,18,6,13
malas_acessorios,6825,42,42,39
beleza_saude,950,25,25,15
beleza_saude,2300,30,10,20
utilidades_domesticas,1200,21,21,21
esporte_lazer,450,16,10,16
bebes,600,26,23,11
climatizacao,150,22,14,31
esporte_lazer,250,22,13,17
telefonia_fixa,100,16,4,13
esporte_lazer,1800,22,18,18
beleza_saude,550,20,9,16
construcao_ferramentas_jardim,250,16,16,12
climatizacao,7333,51,46,31
informatica_acessorios,200,41,3,30
construcao_ferramentas_ferramentas,100,22,5,17
instrumentos_musicais,1850,54,16,11
utilidades_domesticas,4500,68,53,11
automotivo,450,18,6,12
instrumentos_musicais,1650,30,30,30
consoles_games,600,17,5,14
papelaria,7300,25,12,20
brinquedos,300,16,7,11
esporte_lazer,750,38,15,33
eletroportateis,20800,75,40,40
moveis_decoracao,1750,34,16,25
climatizacao,5700,55,16,26
eletrodomesticos,1150,33,7,33
cama_mesa_banho,1250,20,30,30
instrumentos_musicais,300,16,6,12
utilidades_domesticas,5800,42,28,33
automotivo,400,26,8,16
bebes,200,17,27,18
bebes,16300,44,70,32
automotivo,200,20,10,20
moveis_decoracao,450,16,40,30
beleza_saude,700,16,100,11
moveis_escritorio,12400,58,28,58
moveis_decoracao,20000,93,9,43
moveis_decoracao,1000,29,13,13
relogios_presentes,500,20,10,17
automotivo,2900,33,25,60
automotivo,3500,30,30,30
brinquedos,1950,24,35,26
informatica_acessorios,3407,28,22,23
eletrodomesticos_2,14250,72,27,43
cool_stuff,500,39,8,29
utilidades_domesticas,13900,42,44,43
eletroportateis,1950,31,23,23
pet_shop,3800,45,30,35
beleza_saude,413,18,11,13
esporte_lazer,7000,32,37,32
esporte_lazer,5750,36,44,24
automotivo,350,24,4,16
livros_interesse_geral,300,16,23,23
eletronicos,1050,18,13,10
construcao_ferramentas_iluminacao,1800,36,10,36
brinquedos,10925,50,31,48
cama_mesa_banho,2100,35,20,30
pet_shop,200,16,26,11
telefonia,350,20,20,13
esporte_lazer,1200,30,20,20
relogios_presentes,642,20,13,16
agro_industria_e_comercio,9900,29,49,36
informatica_acessorios,5977,38,21,29
malas_acessorios,3500,40,55,25
market_place,1600,24,4,17
utilidades_domesticas,700,16,11,19
fashion_bolsas_e_acessorios,350,17,4,13
esporte_lazer,750,16,6,16
esporte_lazer,1125,16,15,16
automotivo,750,20,10,16
livros_interesse_geral,350,35,4,25
utilidades_domesticas,600,25,10,25
ferramentas_jardim,600,27,8,21
cool_stuff,1400,20,30,20
moveis_decoracao,700,62,15,15
beleza_saude,1300,16,20,20
relogios_presentes,1725,21,4,27
climatizacao,550,18,11,18
beleza_saude,75,21,6,12
moveis_quarto,8250,69,8,36
relogios_presentes,475,21,14,19
beleza_saude,1600,21,21,21
cool_stuff,4900,78,2,62
esporte_lazer,2933,40,7,24
cool_stuff,2238,38,31,29
cama_mesa_banho,750,36,11,36
moveis_decoracao,10100,46,28,46
livros_interesse_geral,400,26,9,17
automotivo,1100,16,16,16
construcao_ferramentas_construcao,11400,50,15,40
automotivo,200,16,9,15
beleza_saude,1450,25,29,15
perfumaria,100,16,14,11
informatica_acessorios,400,16,19,15
beleza_saude,700,19,33,21
moveis_decoracao,700,16,16,16
cama_mesa_banho,1500,37,10,37
moveis_decoracao,5050,35,10,35
beleza_saude,800,30,15,15
industria_comercio_e_negocios,16750,17,32,32
papelaria,2000,32,52,19
ferramentas_jardim,200,16,4,14
audio,250,16,2,11
moveis_decoracao,2800,40,8,40
cama_mesa_banho,850,18,10,18
esporte_lazer,2438,28,31,24
moveis_decoracao,2100,35,20,30
papelaria,600,29,3,25
brinquedos,3150,30,50,30
beleza_saude,6100,74,58,14
utilidades_domesticas,450,30,30,30
eletrodomesticos,1550,65,7,38
relogios_presentes,150,16,2,20
eletronicos,2100,28,18,18
utilidades_domesticas,7900,42,50,23
automotivo,700,25,25,25
livros_importados,200,33,2,23
beleza_saude,100,11,11,11
bebes,300,31,10,11
eletronicos,500,16,5,11
informatica_acessorios,117,16,16,11
eletroportateis,12100,35,45,35
automotivo,1400,102,29,29
ferramentas_jardim,800,16,3,19
cama_mesa_banho,800,32,13,20
cama_mesa_banho,900,38,7,29
utilidades_domesticas,18525,55,57,39
ferramentas_jardim,600,22,28,24
esporte_lazer,50,25,25,25
brinquedos,6270,58,29,31
automotivo,19100,40,40,40
moveis_decoracao,800,30,35,30
informatica_acessorios,994,25,18,25
telefonia_fixa,65,19,3,11
moveis_sala,4950,47,12,45
moveis_decoracao,3550,34,18,34
cama_mesa_banho,1350,45,10,15
dvds_blu_ray,1500,30,20,20
utilidades_domesticas,550,19,18,17
instrumentos_musicais,750,16,16,16
fashion_calcados,1300,20,9,21
ferramentas_jardim,1450,59,23,29
brinquedos,1600,35,17,35
fashion_bolsas_e_acessorios,700,43,27,16
eletroportateis,3767,34,36,28
automotivo,24300,61,61,37
informatica_acessorios,700,35,20,20
consoles_games,200,20,5,20
consoles_games,260,18,12,18
instrumentos_musicais,8225,40,19,36
telefonia,200,18,5,13
moveis_sala,6450,55,15,46
bebes,22200,79,23,52
beleza_saude,1000,24,13,15
bebes,14267,43,83,43
utilidades_domesticas,1000,24,24,24
climatizacao,3573,50,58,32
fashion_bolsas_e_acessorios,1000,42,42,14
moveis_decoracao,400,23,10,22
moveis_decoracao,1050,45,15,35
eletrodomesticos,100,16,16,11
cama_mesa_banho,4825,51,16,36
brinquedos,525,31,8,31
cama_mesa_banho,3950,40,12,38
ferramentas_jardim,283,25,15,16
pet_shop,100,30,30,20
alimentos_bebidas,10500,35,30,27
relogios_presentes,1200,31,5,31
moveis_decoracao,350,50,3,25
cama_mesa_banho,1100,30,10,20
moveis_escritorio,10500,53,73,18
perfumaria,800,20,14,13
cama_mesa_banho,967,36,7,31
informatica_acessorios,400,30,6,20
informatica_acessorios,225,18,18,11
utilidades_domesticas,850,30,15,20
telefonia,50,19,5,11
cool_stuff,5575,60,22,47
moveis_decoracao,500,27,35,22
cama_mesa_banho,400,90,6,12
moveis_escritorio,12700,57,54,21
construcao_ferramentas_iluminacao,3750,50,50,50
relogios_presentes,213,14,9,13
moveis_decoracao,200,25,40,25
cama_mesa_banho,3837,48,15,37
beleza_saude,200,16,16,11
moveis_decoracao,550,68,7,13
brinquedos,7517,48,34,43
ferramentas_jardim,2600,20,17,30
fashion_bolsas_e_acessorios,50,16,2,11
eletronicos,733,29,7,16
perfumaria,436,22,14,18
brinquedos,50,16,7,12
telefonia_fixa,400,16,2,11
instrumentos_musicais,900,17,5,17
informatica_acessorios,2000,25,15,15
esporte_lazer,150,16,10,11
brinquedos,6000,95,16,38
bebes,900,18,32,18
beleza_saude,1338,22,12,14
papelaria,6350,48,24,33
automotivo,2150,28,28,38
utilidades_domesticas,450,30,30,17
cama_mesa_banho,500,33,3,23
informatica_acessorios,400,30,16,16
ferramentas_jardim,850,90,20,20
cool_stuff,1000,33,44,19
eletronicos,200,23,5,14
construcao_ferramentas_seguranca,150,20,20,20
climatizacao,4100,53,21,36
moveis_decoracao,800,32,2,20
ferramentas_jardim,4200,23,13,23
beleza_saude,300,38,19,22
moveis_decoracao,1200,40,5,30
utilidades_domesticas,1500,32,30,24
automotivo,750,35,10,35
esporte_lazer,2800,28,23,23
fashion_bolsas_e_acessorios,1250,30,30,30
cama_mesa_banho,800,16,20,28
cool_stuff,450,32,7,32
esporte_lazer,3276,24,25,24
automotivo,500,68,16,32
instrumentos_musicais,3000,105,15,40
moveis_escritorio,15900,40,90,40
esporte_lazer,500,20,7,20
bebes,150,20,4,15
cama_mesa_banho,995,48,8,39
moveis_decoracao,1800,43,14,12
esporte_lazer,233,19,6,14
beleza_saude,600,34,23,12
moveis_decoracao,550,40,5,30
livros_tecnicos,350,25,6,20
cama_mesa_banho,1600,45,3,37
moveis_decoracao,1000,20,40,20
musica,100,20,2,15
market_place,4300,36,31,27
esporte_lazer,300,16,5,16
esporte_lazer,400,38,8,19
bebes,1900,40,15,40
construcao_ferramentas_construcao,1000,27,7,12
cama_mesa_banho,1150,40,8,32
utilidades_domesticas,250,20,8,25
pet_shop,12150,52,32,36
eletronicos,2500,98,8,35
moveis_decoracao,450,28,8,18
esporte_lazer,250,20,14,16
eletroportateis,2900,67,14,28
eletronicos,100,24,8,16
utilidades_domesticas,15100,51,39,35
utilidades_domesticas,1850,20,12,16
instrumentos_musicais,400,30,10,20
fashion_bolsas_e_acessorios,600,31,12,31
beleza_saude,483,19,12,13
livros_importados,300,25,2,30
automotivo,325,18,13,13
moveis_decoracao,1150,30,5,20
automotivo,1800,30,30,30
audio,425,17,11,14
beleza_saude,150,16,22,24
artigos_de_natal,200,16,12,11
utilidades_domesticas,1100,27,28,21
papelaria,250,20,15,11
ferramentas_jardim,400,29,2,11
beleza_saude,155,20,14,19
telefonia,50,17,4,12
esporte_lazer,1350,26,31,26
ferramentas_jardim,1663,36,14,27
utilidades_domesticas,200,25,10,15
cama_mesa_banho,400,35,5,24
instrumentos_musicais,950,20,3,20
relogios_presentes,445,18,23,18
malas_acessorios,16100,35,65,44
utilidades_domesticas,300,30,7,30
automotivo,700,16,7,11
moveis_decoracao,500,46,19,15
automotivo,1200,16,9,31
cama_mesa_banho,8400,50,25,25
esporte_lazer,1400,16,2,11
consoles_games,600,20,11,17
esporte_lazer,250,16,3,11
automotivo,200,27,8,14
esporte_lazer,50,16,3,11
brinquedos,375,30,9,18
fashion_bolsas_e_acessorios,500,43,16,27
beleza_saude,593,30,13,16
cool_stuff,200,22,23,16
climatizacao,15200,53,44,14
informatica_acessorios,525,19,11,20
fashion_roupa_masculina,600,30,30,16
papelaria,6100,38,30,28
pet_shop,500,21,35,13
pet_shop,650,30,20,30
esporte_lazer,700,16,16,16
moveis_decoracao,1150,18,27,13
relogios_presentes,225,19,8,12
beleza_saude,350,29,20,24
livros_tecnicos,650,28,4,20
utilidades_domesticas,5534,73,16,45
moveis_decoracao,11400,45,45,45
relogios_presentes,900,48,16,35
eletronicos,311,16,11,12
brinquedos,1100,20,40,13
papelaria,500,30,16,20
informatica_acessorios,798,25,13,23
informatica_acessorios,400,17,7,15
automotivo,400,24,20,19
automotivo,1900,34,40,19
esporte_lazer,481,19,18,19
cama_mesa_banho,100,16,10,16
beleza_saude,3600,25,25,25
esporte_lazer,500,22,4,26
relogios_presentes,530,20,13,16
climatizacao,1050,18,7,8
informatica_acessorios,300,16,10,12
pet_shop,165,16,11,12
beleza_saude,1017,18,16,16
beleza_saude,800,28,12,18
cama_mesa_banho,2800,35,6,40
bebes,600,30,40,50
informatica_acessorios,573,35,13,11
moveis_decoracao,1200,32,6,28
automotivo,450,48,8,14
brinquedos,990,32,37,18
cama_mesa_banho,900,25,15,20
telefonia,325,19,8,22
esporte_lazer,2500,48,38,20
perfumaria,450,19,7,12
automotivo,250,30,11,20
bebes,1200,75,15,50
construcao_ferramentas_construcao,700,17,11,11
automotivo,151,19,16,16
brinquedos,6550,53,28,38
cama_mesa_banho,1900,40,6,29
utilidades_domesticas,800,16,13,12
utilidades_domesticas,1900,40,14,35
esporte_lazer,1300,27,12,49
tablets_impressao_imagem,150,60,11,11
beleza_saude,650,14,11,12
relogios_presentes,338,14,9,13
fashion_bolsas_e_acessorios,1300,42,42,14
perfumaria,200,17,9,19
telefonia_fixa,150,16,4,20
brinquedos,500,16,9,12
eletroportateis,22600,55,40,40
eletroportateis,400,20,11,12
automotivo,4875,56,11,32
cama_mesa_banho,6750,47,21,41
bebes,13150,76,14,56
esporte_lazer,5200,23,23,11
utilidades_domesticas,3200,42,12,17
esporte_lazer,600,30,30,30
utilidades_domesticas,300,16,8,11
beleza_saude,317,18,10,12
instrumentos_musicais,3600,18,30,29
beleza_saude,350,32,4,11
telefonia,200,16,21,11
construcao_ferramentas_jardim,150,16,3,12
pet_shop,350,27,9,26
moveis_decoracao,500,50,3,25
moveis_decoracao,19700,45,35,45
informatica_acessorios,850,23,12,12
ferramentas_jardim,300,17,7,12
cama_mesa_banho,1550,35,8,35
consoles_games,300,20,20,19
eletronicos,200,21,6,14
ferramentas_jardim,2350,34,12,30
beleza_saude,2500,16,19,15
fashion_roupa_masculina,275,28,23,35
informatica_acessorios,813,33,15,14
cama_mesa_banho,13700,65,35,45
cama_mesa_banho,500,44,11,14
informatica_acessorios,1025,30,15,15
informatica_acessorios,350,50,5,20
moveis_decoracao,7050,88,29,29
beleza_saude,2300,35,13,13
relogios_presentes,279,16,12,13
bebidas,2500,28,15,15
construcao_ferramentas_seguranca,219,17,8,12
malas_acessorios,4100,30,35,40
utilidades_domesticas,367,24,24,24
esporte_lazer,950,20,10,20
brinquedos,1380,38,36,19
esporte_lazer,200,20,5,15
moveis_decoracao,850,16,19,15
eletronicos,300,16,2,11
brinquedos,6350,55,20,25
moveis_decoracao,400,30,30,20
esporte_lazer,1064,30,26,21
utilidades_domesticas,850,21,34,34
bebidas,900,20,15,15
bebes,300,40,12,12
bebidas,5500,40,27,30
cama_mesa_banho,2750,70,20,25
beleza_saude,1900,16,16,16
esporte_lazer,26100,52,40,42
cama_mesa_banho,450,35,4,28
moveis_decoracao,5300,30,30,30
automotivo,6742,34,22,24
esporte_lazer,800,20,20,20
esporte_lazer,725,22,14,14
fashion_bolsas_e_acessorios,50,17,4,12
beleza_saude,500,16,30,11
cama_mesa_banho,3800,46,12,43
informatica_acessorios,3975,29,17,17
casa_construcao,3350,38,20,20
livros_tecnicos,5150,100,10,20
casa_construcao,750,16,15,15
utilidades_domesticas,1050,24,28,39
relogios_presentes,450,23,12,20
utilidades_domesticas,650,16,10,11
cama_mesa_banho,950,19,12,19
cool_stuff,800,26,22,33
utilidades_domesticas,2650,39,17,39
casa_construcao,1050,16,27,16
relogios_presentes,485,18,12,15
utilidades_domesticas,13050,40,40,40
automotivo,50,20,4,14
ferramentas_jardim,625,23,10,14
cama_mesa_banho,5500,45,25,40
perfumaria,950,16,21,11
moveis_decoracao,600,25,11,14
consoles_games,1225,26,8,14
bebes,50,31,2,27
moveis_decoracao,10550,104,14,42
moveis_decoracao,250,60,7,11
cama_mesa_banho,8917,36,27,50
construcao_ferramentas_construcao,4800,38,12,26
ferramentas_jardim,6800,44,28,29
esporte_lazer,1300,20,11,11
utilidades_domesticas,3600,19,34,28
utilidades_domesticas,200,16,4,11
utilidades_domesticas,2200,54,25,25
moveis_decoracao,2200,34,8,44
livros_interesse_geral,1400,17,25,11
beleza_saude,90,19,11,12
utilidades_domesticas,4400,25,7,25
cama_mesa_banho,633,32,17,29
automotivo,5375,81,16,36
relogios_presentes,220,16,11,12
moveis_decoracao,700,42,2,32
brinquedos,250,20,15,15
utilidades_domesticas,200,38,21,14
cama_mesa_banho,975,13,20,28
eletronicos,200,38,24,17
ferramentas_jardim,546,16,15,15
relogios_presentes,375,18,8,13
moveis_decoracao,850,30,4,20
utilidades_domesticas,600,16,25,12
esporte_lazer,250,20,8,11
esporte_lazer,525,17,18,18
moveis_escritorio,2200,50,8,32
eletronicos,293,16,7,11
beleza_saude,800,16,17,15
automotivo,2700,28,7,20
moveis_colchao_e_estofado,18250,25,25,25
cama_mesa_banho,3647,41,21,37
cama_mesa_banho,1750,50,20,50
esporte_lazer,2100,20,20,20
informatica_acessorios,300,20,15,20
industria_comercio_e_negocios,200,16,11,16
esporte_lazer,180,17,11,14
ferramentas_jardim,10700,32,63,32
cama_mesa_banho,1050,21,29,29
moveis_decoracao,1400,11,11,52
instrumentos_musicais,250,25,9,20
papelaria,600,16,39,37
beleza_saude,800,40,40,40
construcao_ferramentas_jardim,1400,16,28,15
cool_stuff,275,41,20,23
cama_mesa_banho,300,16,7,15
bebes,1600,60,35,35
utilidades_domesticas,3950,42,14,22
fashion_roupa_masculina,750,25,5,17
relogios_presentes,567,17,9,13
cama_mesa_banho,1117,45,12,45
beleza_saude,2225,36,11,19
moveis_decoracao,1000,35,9,25
brinquedos,2300,20,62,35
moveis_decoracao,200,24,2,12
automotivo,200,16,18,11
esporte_lazer,2456,53,14,16
climatizacao,2400,16,40,15
esporte_lazer,1300,51,9,20
automotivo,758,36,15,17
automotivo,500,32,16,16
cine_foto,5500,25,32,47
bebes,900,42,25,15
informatica_acessorios,180,17,10,13
cama_mesa_banho,1150,29,8,28
bebes,13800,60,32,42
cama_mesa_banho,1021,35,5,32
bebes,200,30,5,20
automotivo,3850,45,20,45
beleza_saude,1200,25,14,16
brinquedos,1953,17,41,44
malas_acessorios,2000,32,52,19
automotivo,29150,56,15,36
fashion_bolsas_e_acessorios,70,18,18,12
cool_stuff,8100,36,47,32
utilidades_domesticas,600,18,4,12
cool_stuff,700,55,15,45
utilidades_domesticas,450,16,28,12
perfumaria,475,19,15,16
cool_stuff,225,20,10,16
beleza_saude,114,19,16,17
construcao_ferramentas_construcao,2700,16,2,11
brinquedos,200,30,12,12
livros_interesse_geral,350,21,2,14
informatica_acessorios,850,45,10,20
consoles_games,400,26,15,35
instrumentos_musicais,4150,20,20,20
eletrodomesticos,525,25,14,16
ferramentas_jardim,675,31,14,14
casa_construcao,7800,16,68,48
cama_mesa_banho,2150,37,10,37
musica,82,12,15,15
esporte_lazer,203,26,10,18
cool_stuff,11250,29,98,33
esporte_lazer,350,43,30,32
cama_mesa_banho,1633,32,5,29
esporte_lazer,790,31,28,26
beleza_saude,1450,18,18,16
informatica_acessorios,160,19,11,14
esporte_lazer,200,21,26,21
informatica_acessorios,150,17,8,12
consoles_games,150,25,2,17
livros_tecnicos,500,100,20,11
alimentos,1183,33,7,29
sinalizacao_e_seguranca,1000,66,5,30
moveis_decoracao,8150,52,18,35
brinquedos,700,45,15,35
utilidades_domesticas,2850,30,30,30
bebes,800,39,16,40
esporte_lazer,400,24,20,17
papelaria,1600,35,50,20
bebes,201,25,8,18
esporte_lazer,2150,42,10,22
dvds_blu_ray,650,20,7,14
informatica_acessorios,6100,50,25,40
casa_conforto,8500,45,15,35
alimentos,500,16,16,16
eletrodomesticos,190,18,8,13
ferramentas_jardim,200,16,6,11
utilidades_domesticas,650,22,41,31
beleza_saude,289,16,33,14
esporte_lazer,600,16,14,14
esporte_lazer,653,30,14,16
utilidades_domesticas,600,16,6,20
construcao_ferramentas_iluminacao,250,16,17,17
esporte_lazer,400,17,4,15
telefonia,200,30,5,12
esporte_lazer,450,23,15,15
esporte_lazer,2700,56,28,33
ferramentas_jardim,1300,85,7,29
informatica_acessorios,150,20,4,18
relogios_presentes,300,19,9,15
market_place,400,19,5,20
informatica_acessorios,100,17,9,14
eletrodomesticos_2,5400,26,55,26
moveis_decoracao,2000,34,8,28
bebidas,175,23,21,21
moveis_decoracao,650,30,20,30
moveis_decoracao,1300,50,25,25
esporte_lazer,450,42,10,25
moveis_escritorio,7850,52,51,17
informatica_acessorios,12700,50,39,40
beleza_saude,425,24,16,14
brinquedos,600,33,11,21
perfumaria,125,16,4,11
brinquedos,4384,39,35,34
informatica_acessorios,425,18,10,18
perfumaria,2200,33,27,24
esporte_lazer,1500,60,15,15
brinquedos,450,17,16,16
esporte_lazer,1900,70,14,17
automotivo,1100,85,20,20
cama_mesa_banho,3300,50,19,35
beleza_saude,700,21,11,15
esporte_lazer,1800,90,5,30
informatica_acessorios,250,30,20,32
brinquedos,325,20,23,20
cama_mesa_banho,738,38,8,24
brinquedos,1150,38,23,27
utilidades_domesticas,400,30,20,30
malas_acessorios,150,16,10,12
informatica_acessorios,459,26,18,16
construcao_ferramentas_construcao,200,20,6,20
esporte_lazer,1046,27,27,23
brinquedos,700,16,50,30
telefonia,300,21,11,13
brinquedos,1200,35,20,28
beleza_saude,1200,28,10,18
casa_construcao,611,17,14,16
brinquedos,5543,39,34,37
brinquedos,187,21,16,17
moveis_decoracao,6450,62,10,62
relogios_presentes,1113,30,7,28
pet_shop,500,20,35,20
perfumaria,367,16,15,15
utilidades_domesticas,12150,104,35,30
cama_mesa_banho,1000,20,16,20
beleza_saude,1200,16,19,15
moveis_quarto,9800,86,8,40
cama_mesa_banho,200,16,3,26
bebes,100,16,5,16
moveis_decoracao,2850,105,3,70
cama_mesa_banho,1800,40,8,30
fashion_bolsas_e_acessorios,200,16,11,12
beleza_saude,200,16,12,11
utilidades_domesticas,2250,45,21,26
eletronicos,200,28,5,11
flores,800,16,16,16
beleza_saude,750,38,12,25
relogios_presentes,800,18,18,18
consoles_games,100,40,2,24
perfumaria,1800,35,26,26
automotivo,11200,78,4,47
relogios_presentes,185,16,7,12
utilidades_domesticas,350,16,10,15
malas_acessorios,100,35,10,20
moveis_decoracao,600,28,20,50
construcao_ferramentas_construcao,7400,38,16,38
artes,490,33,5,17
automotivo,20050,80,40,40
beleza_saude,287,16,16,14
telefonia,311,20,11,14
cama_mesa_banho,2800,47,21,41
automotivo,400,17,23,12
esporte_lazer,363,18,14,17
automotivo,12500,47,46,20
ferramentas_jardim,2000,45,18,12
informatica_acessorios,233,21,16,16
moveis_decoracao,1950,50,8,34
brinquedos,750,58,8,25
malas_acessorios,700,46,10,32
telefonia,350,20,11,13
moveis_escritorio,11450,58,20,58
esporte_lazer,3150,60,9,23
cama_mesa_banho,2200,38,8,30
informatica_acessorios,300,60,11,20
cama_mesa_banho,1100,18,25,33
ferramentas_jardim,750,21,20,21
instrumentos_musicais,30000,60,60,60
automotivo,150,25,10,16
beleza_saude,2400,19,16,16
esporte_lazer,275,21,7,18
informatica_acessorios,633,26,14,14
beleza_saude,525,17,17,17
construcao_ferramentas_construcao,100,20,5,20
esporte_lazer,442,20,19,17
cool_stuff,800,33,15,30
moveis_escritorio,13950,63,26,43
esporte_lazer,450,18,8,11
relogios_presentes,200,20,12,14
fashion_esporte,100,16,12,12
moveis_escritorio,16150,63,62,24
ferramentas_jardim,3400,30,20,20
automotivo,200,18,3,14
construcao_ferramentas_seguranca,600,16,10,13
automotivo,2550,35,20,20
papelaria,568,22,23,20
moveis_decoracao,750,30,30,11
brinquedos,275,17,14,12
papelaria,462,18,13,14
construcao_ferramentas_construcao,7850,50,3,50
cool_stuff,400,32,19,39
brinquedos,2050,42,25,35
utilidades_domesticas,7900,25,60,25
cool_stuff,355,22,16,12
bebidas,4300,50,20,20
audio,1742,17,11,17
informatica_acessorios,900,16,16,11
malas_acessorios,17550,73,20,47
automotivo,2400,31,31,29
esporte_lazer,2600,16,16,16
eletronicos,1167,18,17,23
cama_mesa_banho,6150,52,16,44
informatica_acessorios,825,30,14,13
utilidades_domesticas,10450,30,15,25
esporte_lazer,1550,33,15,16
papelaria,2000,25,55,40
ferramentas_jardim,15300,35,10,35
automotivo,800,45,5,15
relogios_presentes,450,20,20,20
casa_construcao,2550,38,28,28
cool_stuff,15200,60,50,39
moveis_escritorio,9183,52,52,18
telefonia,150,18,8,14
eletrodomesticos_2,4100,22,37,22
automotivo,900,25,25,25
moveis_decoracao,1150,31,11,26
beleza_saude,225,18,15,12
moveis_decoracao,11100,37,41,37
beleza_saude,638,19,13,16
utilidades_domesticas,8950,28,41,49
cool_stuff,525,23,9,18
ferramentas_jardim,6000,30,22,14
eletronicos,347,18,12,13
esporte_lazer,400,20,6,15
cool_stuff,1300,25,10,26
cama_mesa_banho,1900,20,20,45
moveis_decoracao,3050,37,30,20
construcao_ferramentas_construcao,4000,24,8,24
utilidades_domesticas,1750,35,5,25
perfumaria,225,21,12,18
moveis_decoracao,6150,51,16,38
utilidades_domesticas,9500,60,17,55
informatica_acessorios,850,32,10,16
cama_mesa_banho,1550,44,14,34
cama_mesa_banho,1100,35,20,20
moveis_decoracao,300,19,10,16
papelaria,800,50,10,40
moveis_decoracao,500,20,35,20
brinquedos,600,30,20,15
relogios_presentes,350,20,12,14
utilidades_domesticas,129,29,20,16
moveis_decoracao,1325,35,11,20
informatica_acessorios,3100,43,35,35
moveis_sala,950,21,8,12
livros_tecnicos,2450,29,5,21
instrumentos_musicais,5300,48,15,40
moveis_decoracao,917,56,7,40
utilidades_domesticas,275,16,13,14
beleza_saude,500,17,14,15
artes,500,25,8,15
cool_stuff,450,36,6,26
moveis_decoracao,5600,100,7,80
esporte_lazer,113,20,9,12
moveis_escritorio,12000,52,51,17
moveis_decoracao,5000,30,31,30
beleza_saude,1375,16,26,17
beleza_saude,4000,25,27,29
utilidades_domesticas,5750,20,30,15
moveis_decoracao,5600,40,20,40
utilidades_domesticas,1828,24,24,22
cool_stuff,100,20,10,15
cool_stuff,7100,70,2,23
moveis_decoracao,5600,28,66,28
bebes,1750,32,30,30
brinquedos,6500,55,20,25
esporte_lazer,150,25,2,22
perfumaria,553,20,12,16
automotivo,680,21,19,20
cama_mesa_banho,1850,44,18,34
automotivo,3000,35,20,30
beleza_saude,2400,35,42,14
moveis_decoracao,800,63,6,11
malas_acessorios,650,46,10,33
informatica_acessorios,300,36,5,15
moveis_cozinha_area_de_servico_jantar_e_jardim,10400,16,68,32
moveis_decoracao,500,16,30,16
beleza_saude,2150,35,11,23
papelaria,517,23,21,23
esporte_lazer,1500,55,5,16
informatica_acessorios,100,16,5,14
moveis_decoracao,1800,55,5,100
bebes,14200,60,33,43
esporte_lazer,3350,16,16,16
perfumaria,325,22,14,23
utilidades_domesticas,1850,19,20,16
cama_mesa_banho,600,50,12,14
eletrodomesticos,250,20,13,15
papelaria,700,46,10,32
automotivo,200,20,10,11
telefonia,343,19,6,16
brinquedos,400,25,11,16
cama_mesa_banho,22300,45,40,55
eletronicos,625,27,17,25
fashion_roupa_masculina,750,20,7,20
cama_mesa_banho,1800,35,20,30
pcs,5660,54,18,47
moveis_decoracao,2100,86,4,11
cama_mesa_banho,1800,50,34,14
beleza_saude,300,16,25,11
automotivo,6325,56,11,32
informatica_acessorios,783,27,19,28
artes_e_artesanato,550,19,12,17
esporte_lazer,140,19,12,14
bebes,350,28,21,12
ferramentas_jardim,1850,37,22,40
automotivo,1050,26,40,20
automotivo,5225,58,17,23
beleza_saude,700,20,12,14
automotivo,600,24,18,18
automotivo,200,16,7,16
esporte_lazer,929,24,22,22
ferramentas_jardim,250,16,25,16
moveis_decoracao,600,18,21,20
cama_mesa_banho,1200,40,15,29
moveis_decoracao,2700,20,34,34
automotivo,192,16,13,13
utilidades_domesticas,13450,54,35,45
sinalizacao_e_seguranca,18700,36,105,36
perfumaria,650,17,17,12
papelaria,750,101,15,15
moveis_decoracao,3950,35,35,35
telefonia,300,18,17,17
cama_mesa_banho,1567,32,5,29
instrumentos_musicais,5050,70,40,40
eletrodomesticos,250,25,8,30
utilidades_domesticas,900,26,20,25
automotivo,7150,26,5,20
cama_mesa_banho,4100,34,12,43
eletronicos,13950,100,20,70
beleza_saude,21350,68,74,24
moveis_escritorio,29700,65,32,82
brinquedos,900,16,21,37
brinquedos,550,26,12,17
moveis_decoracao,2000,30,20,30
cool_stuff,217,20,10,15
automotivo,350,17,21,11
beleza_saude,583,30,15,16
utilidades_domesticas,6050,40,20,45
utilidades_domesticas,850,28,12,22
ferramentas_jardim,1700,24,18,18
consoles_games,817,22,22,25
moveis_decoracao,5950,39,19,48
beleza_saude,1000,28,7,18
esporte_lazer,450,25,30,20
moveis_decoracao,600,30,3,19
papelaria,200,27,7,22
moveis_decoracao,12400,40,50,30
beleza_saude,803,17,15,19
relogios_presentes,290,19,13,13
esporte_lazer,900,22,15,22
fashion_underwear_e_moda_praia,150,42,4,14
beleza_saude,1900,47,70,11
automotivo,500,20,10,20
esporte_lazer,300,16,25,11
beleza_saude,248,19,12,16
cool_stuff,500,25,30,20
pet_shop,75,23,8,15
brinquedos,150,16,9,14
moveis_decoracao,600,26,8,22
papelaria,500,30,42,20
alimentos_bebidas,300,30,15,15
livros_interesse_geral,625,28,7,19
bebes,13250,62,47,32
fashion_bolsas_e_acessorios,200,17,3,12
bebes,2750,16,2,11
automotivo,50,16,7,11
cama_mesa_banho,5950,50,18,28
beleza_saude,100,16,11,12
cool_stuff,600,16,23,11
pet_shop,1600,50,30,33
moveis_decoracao,550,16,5,20
brinquedos,800,39,7,26
informatica_acessorios,500,40,18,30
cama_mesa_banho,1400,35,5,20
bebes,1600,25,9,18
eletronicos,5450,16,65,25
utilidades_domesticas,1100,37,13,37
eletronicos,200,22,11,18
instrumentos_musicais,1150,26,13,22
automotivo,6975,56,11,32
moveis_decoracao,1900,49,32,11
cool_stuff,850,33,44,19
relogios_presentes,350,17,12,12
papelaria,800,16,10,15
cama_mesa_banho,1500,40,5,29
beleza_saude,350,30,12,16
informatica_acessorios,1400,65,11,11
construcao_ferramentas_construcao,200,21,7,14
esporte_lazer,500,80,8,15
moveis_decoracao,1600,30,30,30
pet_shop,300,20,10,20
cama_mesa_banho,875,34,23,42
cama_mesa_banho,575,26,3,26
moveis_decoracao,225,21,5,14
eletrodomesticos_2,400,18,12,12
automotivo,1050,34,10,34
automotivo,2100,95,25,20
cama_mesa_banho,2300,39,6,29
brinquedos,250,35,6,11
cama_mesa_banho,2200,39,6,26
livros_interesse_geral,300,25,2,18
livros_interesse_geral,1050,30,4,20
eletroportateis,6950,40,30,40
eletroportateis,300,20,10,20
ferramentas_jardim,900,22,21,16
esporte_lazer,900,48,19,35
eletronicos,500,16,5,20
brinquedos,263,18,16,16
cool_stuff,350,20,30,40
eletronicos,625,31,17,23
ferramentas_jardim,1400,30,19,11
moveis_decoracao,3000,46,11,29
automotivo,1800,45,20,45
moveis_decoracao,6050,30,40,30
moveis_decoracao,5850,50,30,30
beleza_saude,850,18,10,12
automotivo,2550,100,16,19
automotivo,16300,50,30,50
informatica_acessorios,400,16,2,11
moveis_cozinha_area_de_servico_jantar_e_jardim,14300,81,15,37
esporte_lazer,4463,44,35,32
telefonia,250,40,10,11
eletrodomesticos_2,10000,55,44,61
pet_shop,6950,44,27,35
relogios_presentes,342,18,12,16
moveis_decoracao,3300,28,38,11
moveis_sala,3973,61,28,61
consoles_games,400,16,21,14
beleza_saude,870,19,17,15
utilidades_domesticas,1100,25,12,35
esporte_lazer,203,20,14,14
cama_mesa_banho,2000,36,8,27
utilidades_domesticas,1950,102,8,11
utilidades_domesticas,400,20,10,30
moveis_decoracao,1450,30,35,30
automotivo,4037,47,29,32
cama_mesa_banho,450,28,2,23
fashion_bolsas_e_acessorios,50,17,17,11
automotivo,2940,48,19,16
livros_importados,300,33,2,23
cama_mesa_banho,1000,70,6,40
beleza_saude,300,22,12,17
brinquedos,6800,102,5,83
artigos_de_festas,2950,33,18,33
cama_mesa_banho,1700,40,6,30
beleza_saude,850,20,18,23
brinquedos,2000,30,45,25
bebes,128,20,23,17
automotivo,11200,40,30,40
perfumaria,150,23,10,14
cama_mesa_banho,2300,45,15,35
livros_tecnicos,1900,28,5,22
brinquedos,250,17,14,12
automotivo,300,21,4,11
pet_shop,150,16,16,16
esporte_lazer,280,34,13,13
moveis_decoracao,6100,70,45,45
cama_mesa_banho,1100,25,5,25
informatica_acessorios,383,19,20,17
livros_tecnicos,600,23,2,16
pet_shop,1100,21,17,30
beleza_saude,1150,30,30,30
eletroportateis,525,32,18,17
perfumaria,350,18,18,18
utilidades_domesticas,450,40,15,13
construcao_ferramentas_construcao,750,16,27,35
utilidades_domesticas,1050,33,20,26
automotivo,1500,60,8,33
informatica_acessorios,1623,32,15,39
telefonia,125,18,6,11
informatica_acessorios,167,21,10,12
relogios_presentes,5700,50,5,20
pet_shop,450,30,20,30
alimentos,1333,34,8,30
moveis_decoracao,700,25,8,25
brinquedos,367,21,15,21
moveis_decoracao,180,16,30,30
esporte_lazer,4000,85,13,23
brinquedos,200,18,11,13
beleza_saude,1000,36,18,27
utilidades_domesticas,217,22,25,24
telefonia,1075,18,8,12
utilidades_domesticas,200,20,10,12
esporte_lazer,850,30,7,30
agro_industria_e_comercio,200,16,2,20
automotivo,1500,30,25,30
moveis_decoracao,1250,30,19,19
cool_stuff,1011,24,23,22
utilidades_domesticas,1250,21,21,15
esporte_lazer,2250,30,15,15
utilidades_domesticas,6370,45,28,40
esporte_lazer,9850,105,35,50
informatica_acessorios,2000,26,28,25
esporte_lazer,770,15,10,11
cama_mesa_banho,1200,29,15,15
esporte_lazer,3850,20,22,22
eletronicos,150,20,30,20
moveis_decoracao,2100,30,24,25
moveis_decoracao,2300,45,25,20
moveis_decoracao,8400,52,18,35
ferramentas_jardim,350,16,19,11
esporte_lazer,6700,32,20,20
relogios_presentes,550,18,14,15
bebes,1150,27,6,26
automotivo,350,16,11,11
telefonia,250,16,5,11
beleza_saude,3400,25,30,25
sinalizacao_e_seguranca,2750,60,10,16
construcao_ferramentas_construcao,680,20,12,15
utilidades_domesticas,350,18,8,11
moveis_decoracao,2800,43,5,30
esporte_lazer,900,32,17,25
pet_shop,500,21,18,20
bebes,3200,31,43,21
esporte_lazer,11150,28,4,28
cama_mesa_banho,500,35,8,30
esporte_lazer,433,24,9,17
beleza_saude,1250,32,11,15
utilidades_domesticas,2500,45,10,33
cama_mesa_banho,1250,25,25,25
papelaria,600,28,10,44
alimentos_bebidas,6775,30,30,26
perfumaria,200,20,20,30
eletronicos,175,22,13,17
esporte_lazer,250,21,18,18
moveis_decoracao,1400,30,5,20
informatica_acessorios,315,17,9,17
livros_interesse_geral,500,30,5,20
telefonia,100,20,10,15
cama_mesa_banho,1750,38,10,38
bebes,1720,33,36,27
eletrodomesticos_2,30000,59,68,52
brinquedos,250,16,10,11
cama_mesa_banho,1400,40,5,30
cool_stuff,10300,52,44,27
moveis_escritorio,2750,16,31,36
automotivo,150,22,3,15
perfumaria,117,18,10,14
beleza_saude,775,18,19,15
instrumentos_musicais,350,20,8,20
esporte_lazer,150,20,3,12
moveis_escritorio,5200,45,54,15
construcao_ferramentas_seguranca,1200,20,20,20
relogios_presentes,132,17,10,13
moveis_decoracao,1200,30,16,16
telefonia,450,21,11,14
alimentos_bebidas,400,16,8,14
utilidades_domesticas,8250,25,62,25
bebes,332,16,16,15
cama_mesa_banho,5650,40,15,23
cama_mesa_banho,1700,42,10,36
sinalizacao_e_seguranca,1200,30,30,12
utilidades_domesticas,4400,24,28,39
papelaria,500,20,50,40
eletronicos,150,16,4,11
ferramentas_jardim,250,36,3,12
cama_mesa_banho,1750,43,8,33
utilidades_domesticas,850,22,50,22
automotivo,1900,30,28,30
pet_shop,8350,50,20,40
beleza_saude,1300,18,21,27
relogios_presentes,2400,22,18,22
esporte_lazer,650,41,5,41
papelaria,350,38,33,26
beleza_saude,1000,40,16,30
esporte_lazer,1199,25,23,22
brinquedos,300,17,8,15
moveis_decoracao,2350,105,3,70
beleza_saude,1100,25,14,13
moveis_decoracao,6933,36,40,36
brinquedos,2233,29,23,29
eletronicos,150,22,12,14
fashion_bolsas_e_acessorios,8400,62,20,40
automotivo,550,50,10,15
brinquedos,700,19,35,27
ferramentas_jardim,9050,39,12,42
moveis_sala,9700,27,15,92
brinquedos,499,34,21,33
cama_mesa_banho,2300,35,10,30
fashion_bolsas_e_acessorios,300,22,8,15
papelaria,700,22,7,15
pet_shop,7450,65,17,38
informatica_acessorios,1175,35,21,16
perfumaria,150,24,17,17
pet_shop,1200,55,3,42
bebes,300,30,8,12
construcao_ferramentas_construcao,175,35,14,16
beleza_saude,5275,28,40,25
esporte_lazer,200,20,6,16
ferramentas_jardim,800,40,15,40
brinquedos,700,30,5,30
moveis_decoracao,200,16,2,16
papelaria,1050,25,25,25
moveis_decoracao,1600,38,7,28
beleza_saude,375,19,14,18
brinquedos,2800,41,12,57
eletroportateis,463,23,18,16
beleza_saude,400,20,12,12
moveis_decoracao,417,24,21,22
beleza_saude,2650,19,26,17
cama_mesa_banho,3000,35,15,25
informatica_acessorios,850,17,12,12
brinquedos,750,25,13,31
beleza_saude,400,30,11,20
perfumaria,550,23,8,15
moveis_decoracao,15500,30,30,30
moveis_decoracao,9900,100,7,85
relogios_presentes,2050,50,5,20
utilidades_domesticas,650,96,10,16
fashion_roupa_feminina,700,20,12,20
beleza_saude,1200,28,5,18
beleza_saude,400,40,7,20
brinquedos,600,16,28,14
informatica_acessorios,900,37,15,17
esporte_lazer,950,20,20,20
moveis_decoracao,1800,42,11,35
cama_mesa_banho,6000,50,20,40
cama_mesa_banho,1300,38,8,28
beleza_saude,2050,20,20,27
cama_mesa_banho,1500,40,9,30
sinalizacao_e_seguranca,26950,38,100,38
eletrodomesticos,1250,38,7,63
utilidades_domesticas,600,26,16,15
market_place,800,25,37,36
cool_stuff,950,35,8,29
cine_foto,1900,30,13,30
pet_shop,900,24,20,24
malas_acessorios,950,16,50,35
beleza_saude,933,28,15,25
relogios_presentes,439,18,11,13
ferramentas_jardim,7700,46,20,46
malas_acessorios,15700,45,65,25
sinalizacao_e_seguranca,10150,45,30,45
bebes,26250,50,40,60
cama_mesa_banho,750,30,7,23
beleza_saude,2017,28,30,27
perfumaria,250,16,11,20
telefonia,200,20,10,25
automotivo,1075,53,8,25
moveis_decoracao,900,42,3,32
relogios_presentes,350,21,12,15
automotivo,5000,45,10,45
beleza_saude,650,17,14,12
relogios_presentes,190,16,11,12
esporte_lazer,1500,26,17,17
papelaria,200,16,3,12
construcao_ferramentas_construcao,530,16,7,18
eletroportateis,12600,28,35,50
beleza_saude,1400,30,25,15
perfumaria,150,23,14,16
telefonia_fixa,700,16,2,11
esporte_lazer,450,35,10,11
cama_mesa_banho,1500,34,6,41
construcao_ferramentas_construcao,550,25,15,15
construcao_ferramentas_construcao,275,21,12,17
pet_shop,200,30,30,20
eletrodomesticos,400,16,10,18
cama_mesa_banho,425,21,16,16
relogios_presentes,322,16,11,15
moveis_decoracao,16617,101,8,57
relogios_presentes,521,18,12,14
moveis_decoracao,4200,60,20,14
esporte_lazer,1100,16,16,16
automotivo,2250,20,4,20
livros_interesse_geral,200,23,3,23
fashion_bolsas_e_acessorios,300,16,13,11
casa_conforto,5650,40,20,40
brinquedos,200,16,4,11
moveis_cozinha_area_de_servico_jantar_e_jardim,12550,25,100,30
cool_stuff,300,18,7,12
esporte_lazer,1000,16,6,16
moveis_escritorio,30000,84,52,56
brinquedos,3900,45,33,26
utilidades_domesticas,400,25,16,20
beleza_saude,1400,31,24,31
bebes,668,21,25,21
ferramentas_jardim,625,23,18,20
cama_mesa_banho,327,22,11,19
brinquedos,5650,64,35,15
construcao_ferramentas_construcao,29600,46,13,46
consoles_games,400,20,7,17
eletrodomesticos,550,41,4,31
perfumaria,550,16,16,11
cama_mesa_banho,1750,42,11,36
moveis_decoracao,1350,36,5,30
cama_mesa_banho,2700,44,19,34
esporte_lazer,4600,32,37,21
construcao_ferramentas_construcao,450,25,10,20
brinquedos,300,25,30,15
cama_mesa_banho,1200,36,14,36
esporte_lazer,750,25,25,25
perfumaria,350,16,2,11
papelaria,9550,30,35,55
papelaria,350,19,8,14
pcs,12900,52,27,52
utilidades_domesticas,500,30,30,30
cama_mesa_banho,1850,16,10,16
esporte_lazer,10450,54,32,36
livros_interesse_geral,450,30,3,20
instrumentos_musicais,150,17,3,12
market_place,1950,60,15,45
consoles_games,350,18,18,21
beleza_saude,200,16,5,15
ferramentas_jardim,817,21,23,19
livros_tecnicos,400,17,24,20
moveis_decoracao,800,20,40,20
moveis_decoracao,900,30,20,20
brinquedos,350,30,15,20
telefonia,340,22,13,16
esporte_lazer,173,17,12,14
cama_mesa_banho,400,27,7,17
ferramentas_jardim,7600,56,54,12
cama_mesa_banho,2000,38,20,25
beleza_saude,123,18,9,15
beleza_saude,3650,23,23,23
eletronicos,645,19,10,19
bebidas,650,19,19,19
informatica_acessorios,300,41,2,29
brinquedos,19150,45,50,45
eletronicos,100,16,8,11
agro_industria_e_comercio,150,18,8,13
brinquedos,2100,22,50,32
industria_comercio_e_negocios,7000,40,30,40
construcao_ferramentas_ferramentas,1520,22,20,11
informatica_acessorios,100,20,20,20
cama_mesa_banho,1600,42,11,36
beleza_saude,300,60,16,11
beleza_saude,450,16,18,16
perfumaria,500,18,17,14
eletronicos,700,20,6,16
casa_construcao,21100,55,25,55
papelaria,600,16,44,29
ferramentas_jardim,700,19,24,12
beleza_saude,250,16,15,15
esporte_lazer,1900,40,18,22
ferramentas_jardim,3600,50,32,37
cama_mesa_banho,20100,45,15,35
eletroportateis,550,46,3,21
casa_construcao,1475,25,25,25
ferramentas_jardim,2200,25,9,16
moveis_decoracao,200,60,11,11
papelaria,1075,21,15,15
cama_mesa_banho,4700,53,32,43
perfumaria,3250,24,15,17
informatica_acessorios,775,16,15,15
cama_mesa_banho,1550,46,3,34
eletrodomesticos,1550,46,11,12
instrumentos_musicais,5150,48,24,26
relogios_presentes,650,16,11,12
papelaria,1500,60,7,11
moveis_decoracao,1400,16,50,16
utilidades_domesticas,12050,40,40,45
pet_shop,150,16,16,11
esporte_lazer,2083,28,23,21
sinalizacao_e_seguranca,100,20,15,15
moveis_decoracao,14550,30,75,30
eletronicos,675,23,8,19
ferramentas_jardim,250,21,15,19
perfumaria,400,25,8,14
moveis_decoracao,800,18,26,18
telefonia,100,17,10,17
brinquedos,1400,16,27,37
informatica_acessorios,1800,30,10,21
climatizacao,100,20,10,12
esporte_lazer,175,21,7,17
beleza_saude,185,23,24,22
cama_mesa_banho,1250,38,10,38
beleza_saude,750,22,23,22
beleza_saude,2500,22,22,22
brinquedos,183,19,21,13
esporte_lazer,350,16,16,16
cama_mesa_banho,16050,70,50,45
moveis_decoracao,1750,35,23,35
beleza_saude,200,30,4,12
informatica_acessorios,2050,20,10,20
moveis_decoracao,4700,37,41,36
cama_mesa_banho,150,16,5,17
esporte_lazer,250,17,7,12
brinquedos,2200,41,26,41
utilidades_domesticas,700,47,27,32
moveis_decoracao,700,27,6,32
esporte_lazer,600,31,15,23
moveis_decoracao,800,17,27,17
ferramentas_jardim,200,16,3,13
bebes,500,21,4,26
utilidades_domesticas,3950,16,27,46
automotivo,300,16,6,15
relogios_presentes,200,28,10,18
utilidades_domesticas,7600,49,40,40
construcao_ferramentas_jardim,1517,23,18,13
esporte_lazer,600,16,10,11
brinquedos,650,30,10,20
utilidades_domesticas,13950,40,70,40
papelaria,8450,35,60,40
bebes,20900,65,35,55
utilidades_domesticas,500,18,7,18
brinquedos,500,25,10,15
automotivo,2600,20,40,40
moveis_decoracao,2050,40,11,34
beleza_saude,350,26,17,20
esporte_lazer,1140,22,22,19
utilidades_domesticas,350,16,10,13
utilidades_domesticas,600,25,10,11
bebes,500,18,80,15
cool_stuff,1000,20,10,15
beleza_saude,1225,33,13,30
alimentos_bebidas,800,17,17,17
brinquedos,400,19,9,18
perfumaria,50,30,10,20
brinquedos,1400,55,5,24
malas_acessorios,550,45,15,35
brinquedos,875,45,19,42
informatica_acessorios,575,25,25,25
moveis_decoracao,1038,24,17,23
informatica_acessorios,400,35,8,20
beleza_saude,210,17,9,12
perfumaria,343,18,14,15
bebes,20850,65,37,52
beleza_saude,2550,35,30,13
brinquedos,800,20,50,40
cama_mesa_banho,1500,37,23,35
papelaria,600,22,8,15
market_place,1150,35,25,25
brinquedos,420,23,25,16
ferramentas_jardim,18400,30,105,25
instrumentos_musicais,300,104,4,20
fashion_underwear_e_moda_praia,150,35,10,25
eletrodomesticos,2350,20,40,30
bebes,3700,40,24,28
moveis_decoracao,12750,40,50,40
utilidades_domesticas,1625,53,30,31
moveis_decoracao,4100,49,13,38
informatica_acessorios,1100,32,16,16
cama_mesa_banho,550,60,7,40
cama_mesa_banho,800,17,17,17
eletronicos,200,18,18,18
esporte_lazer,500,18,8,14
beleza_saude,100,20,2,15
perfumaria,500,22,14,23
pet_shop,650,25,25,25
moveis_cozinha_area_de_servico_jantar_e_jardim,14150,100,15,15
beleza_saude,1200,19,14,15
brinquedos,1700,16,20,28
esporte_lazer,10200,105,15,25
perfumaria,250,25,15,15
malas_acessorios,3450,30,40,11
utilidades_domesticas,500,17,13,13
brinquedos,3750,35,23,35
utilidades_domesticas,800,30,30,20
cama_mesa_banho,3500,36,10,35
beleza_saude,1400,24,10,16
cama_mesa_banho,5700,50,20,40
casa_construcao,350,24,5,22
cool_stuff,50,23,15,15
informatica_acessorios,250,16,23,19
cama_mesa_banho,600,40,4,30
automotivo,2550,34,7,17
cama_mesa_banho,1000,35,20,20
pet_shop,1808,24,31,25
cama_mesa_banho,400,28,13,12
eletronicos,200,20,7,15
pet_shop,250,17,12,14
automotivo,63,21,2,15
automotivo,3000,20,30,30
moveis_cozinha_area_de_servico_jantar_e_jardim,13550,48,49,49
beleza_saude,1613,21,18,21
pet_shop,350,22,4,20
ferramentas_jardim,369,26,7,7
cool_stuff,393,17,7,14
esporte_lazer,2500,36,38,36
utilidades_domesticas,1400,38,5,21
esporte_lazer,2500,27,32,39
automotivo,104,14,10,15
construcao_ferramentas_jardim,100,16,16,16
fashion_roupa_masculina,500,40,8,30
cama_mesa_banho,1100,45,8,35
informatica_acessorios,450,22,11,19
telefonia,200,21,11,13
fashion_roupa_masculina,875,31,22,33
beleza_saude,1600,25,16,18
livros_interesse_geral,850,24,16,21
informatica_acessorios,300,50,4,40
cama_mesa_banho,750,25,5,25
construcao_ferramentas_construcao,6375,38,27,41
bebes,19700,81,24,50
esporte_lazer,5200,50,20,40
pet_shop,800,35,12,22
esporte_lazer,100,24,5,16
utilidades_domesticas,445,19,12,12
relogios_presentes,550,19,13,19
automotivo,700,16,5,11
moveis_decoracao,3150,30,30,30
pet_shop,550,30,30,11
eletronicos,230,19,10,15
beleza_saude,100,19,19,19
moveis_escritorio,11700,36,54,35
climatizacao,6400,34,22,50
beleza_saude,413,17,13,12
perfumaria,411,21,19,19
bebes,14300,41,40,40
beleza_saude,650,25,33,14
moveis_escritorio,2550,20,32,35
cama_mesa_banho,650,45,15,35
beleza_saude,1363,26,23,21
automotivo,350,19,7,15
casa_construcao,450,100,12,20
beleza_saude,1900,27,9,18
livros_interesse_geral,150,22,2,22
eletronicos,6200,22,21,18
moveis_decoracao,2500,90,14,27
cama_mesa_banho,433,47,4,35
cama_mesa_banho,200,36,4,28
relogios_presentes,700,20,12,15
informatica_acessorios,200,22,22,16
ferramentas_jardim,550,20,30,30
moveis_decoracao,2200,35,35,25
moveis_decoracao,8975,57,57,22
eletronicos,175,22,12,15
esporte_lazer,400,16,8,16
eletrodomesticos,700,27,13,17
malas_acessorios,900,22,46,39
brinquedos,300,18,16,14
informatica_acessorios,2800,40,15,40
construcao_ferramentas_iluminacao,200,19,22,13
moveis_decoracao,3050,33,13,33
utilidades_domesticas,800,16,16,16
perfumaria,250,20,16,16
cama_mesa_banho,6011,56,20,50
beleza_saude,717,21,18,18
fashion_roupa_masculina,300,16,16,16
moveis_decoracao,2400,50,15,17
fraldas_higiene,200,30,20,15
construcao_ferramentas_construcao,3000,23,8,23
cama_mesa_banho,2000,38,13,20
informatica_acessorios,8900,105,12,52
telefonia,300,20,7,15
papelaria,450,18,18,18
beleza_saude,600,16,22,24
perfumaria,461,20,16,17
brinquedos,175,16,15,16
cool_stuff,3042,37,15,43
relogios_presentes,300,20,13,13
esporte_lazer,850,19,36,24
bebes,3400,79,11,55
utilidades_domesticas,200,23,7,15
utilidades_domesticas,350,40,10,14
moveis_decoracao,500,20,20,20
malas_acessorios,1350,32,52,19
esporte_lazer,175,22,9,12
eletrodomesticos,350,37,9,12
esporte_lazer,3000,36,31,31
brinquedos,1050,30,30,30
informatica_acessorios,200,16,9,12
moveis_decoracao,1000,37,37,18
fashion_bolsas_e_acessorios,100,16,12,11
cama_mesa_banho,1400,28,9,25
beleza_saude,1060,20,17,18
moveis_decoracao,100,45,15,35
automotivo,250,25,25,25
moveis_decoracao,25200,58,40,52
bebidas,4400,16,25,23
cool_stuff,400,19,5,19
ferramentas_jardim,900,20,12,12
esporte_lazer,1350,31,32,31
moveis_decoracao,700,25,25,25
cama_mesa_banho,275,40,48,38
esporte_lazer,350,16,6,11
bebes,6300,50,25,30
cool_stuff,350,45,5,35
eletronicos,100,16,16,16
perfumaria,200,21,7,13
automotivo,8500,62,62,41
fashion_bolsas_e_acessorios,425,17,4,13
cama_mesa_banho,11700,40,20,30
cama_mesa_banho,1100,28,5,20
eletrodomesticos,50,17,7,13
beleza_saude,240,19,12,14
moveis_decoracao,13450,56,40,36
perfumaria,325,21,12,15
climatizacao,7250,66,14,48
eletroportateis,5908,35,46,35
informatica_acessorios,850,38,11,13
moveis_decoracao,2100,35,9,25
cama_mesa_banho,975,20,17,32
beleza_saude,460,24,14,18
utilidades_domesticas,2000,28,60,28
beleza_saude,2100,20,20,20
beleza_saude,1250,18,19,16
beleza_saude,1233,27,20,20
telefonia,750,16,8,16
esporte_lazer,313,20,14,12
esporte_lazer,117,16,11,12
esporte_lazer,3200,30,30,20
beleza_saude,250,16,16,15
informatica_acessorios,900,38,24,14
ferramentas_jardim,150,20,15,15
cama_mesa_banho,1600,35,15,23
ferramentas_jardim,600,24,10,16
perfumaria,430,21,11,17
perfumaria,433,24,12,15
brinquedos,245,18,12,13
flores,600,30,15,20
brinquedos,268,32,15,30
beleza_saude,350,16,21,11
utilidades_domesticas,1450,58,12,43
ferramentas_jardim,550,20,20,30
brinquedos,3850,47,15,45
pet_shop,200,20,11,11
beleza_saude,2700,37,23,39
cama_mesa_banho,8900,48,30,35
moveis_decoracao,1100,45,45,11
construcao_ferramentas_construcao,100,16,35,11
cama_mesa_banho,2250,40,6,30
moveis_decoracao,200,35,3,20
automotivo,100,16,6,20
bebes,450,20,12,20
brinquedos,881,38,19,28
moveis_decoracao,1000,38,6,32
perfumaria,510,20,13,15
telefonia,100,16,7,11
informatica_acessorios,350,16,2,11
livros_interesse_geral,150,27,2,19
moveis_decoracao,2400,38,7,28
eletroportateis,450,22,16,16
moveis_decoracao,450,25,28,28
esporte_lazer,450,19,22,19
malas_acessorios,900,35,10,22
cama_mesa_banho,1900,25,10,25
perfumaria,500,20,20,30
cine_foto,400,23,3,23
informatica_acessorios,13900,45,15,24
cama_mesa_banho,550,40,4,30
utilidades_domesticas,133,35,11,32
esporte_lazer,600,22,22,22
utilidades_domesticas,850,25,5,20
informatica_acessorios,3188,35,22,32
utilidades_domesticas,8850,61,15,58
cool_stuff,6700,57,10,17
cool_stuff,7900,44,21,38
bebes,990,29,19,25
livros_tecnicos,500,90,11,11
utilidades_domesticas,200,21,8,15
moveis_decoracao,2200,40,8,35
utilidades_domesticas,775,19,26,17
ferramentas_jardim,273,23,14,16
automotivo,250,16,20,11
eletrodomesticos,2450,64,6,55
relogios_presentes,433,22,24,19
beleza_saude,200,18,9,14
beleza_saude,200,26,3,11
pet_shop,300,20,10,11
esporte_lazer,300,28,25,25
moveis_decoracao,500,26,16,14
cama_mesa_banho,2200,40,15,30
construcao_ferramentas_iluminacao,450,16,16,16
telefonia,350,21,11,13
ferramentas_jardim,300,16,4,21
pet_shop,119,18,12,14
automotivo,8650,48,24,45
automotivo,150,16,3,11
automotivo,5000,67,20,23
telefonia,217,18,4,13
perfumaria,900,20,20,20
construcao_ferramentas_iluminacao,600,47,8,13
cool_stuff,11700,35,20,35
climatizacao,350,16,11,16
telefonia,125,18,5,12
moveis_decoracao,6325,37,41,37
moveis_decoracao,900,30,6,32
cama_mesa_banho,6600,30,30,30
relogios_presentes,600,19,14,15
eletronicos,100,16,7,11
utilidades_domesticas,350,26,9,19
beleza_saude,300,21,9,15
esporte_lazer,3000,30,13,25
beleza_saude,300,27,5,16
beleza_saude,1300,27,12,19
pcs,25950,39,95,42
beleza_saude,397,16,19,14
automotivo,183,17,8,16
esporte_lazer,850,43,8,19
cama_mesa_banho,200,23,3,16
automotivo,800,24,17,17
utilidades_domesticas,3300,32,29,51
esporte_lazer,13250,90,80,11
pet_shop,250,18,18,16
perfumaria,166,18,6,16
casa_construcao,550,17,26,17
esporte_lazer,400,95,6,47
perfumaria,183,16,10,14
bebes,1000,28,21,33
eletronicos,1167,33,6,20
cama_mesa_banho,4600,43,15,39
fashion_bolsas_e_acessorios,100,17,5,18
cama_mesa_banho,2250,45,15,35
ferramentas_jardim,2900,16,12,37
esporte_lazer,1250,16,6,12
esporte_lazer,250,19,6,16
utilidades_domesticas,1500,25,40,25
perfumaria,350,22,13,15
utilidades_domesticas,850,16,30,11
casa_conforto,6850,50,20,40
esporte_lazer,2600,22,22,22
automotivo,1000,16,5,16
esporte_lazer,1500,35,15,27
relogios_presentes,700,30,30,30
casa_construcao,650,33,13,13
beleza_saude,175,19,14,16
ferramentas_jardim,850,22,7,17
pet_shop,200,20,8,16
moveis_quarto,6250,59,9,37
eletroportateis,12500,35,30,30
moveis_escritorio,8200,58,20,58
papelaria,150,16,5,16
utilidades_domesticas,700,26,17,21
relogios_presentes,270,18,13,16
cama_mesa_banho,1700,34,9,33
portateis_casa_forno_e_cafe,5450,45,25,28
brinquedos,512,27,21,24
automotivo,1400,45,15,20
papelaria,1200,22,13,16
esporte_lazer,500,16,7,13
beleza_saude,1200,30,30,16
utilidades_domesticas,1300,22,22,22
cama_mesa_banho,750,31,18,39
utilidades_domesticas,1100,27,24,27
construcao_ferramentas_construcao,1630,18,15,14
beleza_saude,275,18,6,13
utilidades_domesticas,300,40,5,30
esporte_lazer,6200,40,11,15
bebidas,1250,30,21,21
relogios_presentes,650,18,10,16
construcao_ferramentas_construcao,400,19,6,30
livros_interesse_geral,500,23,23,23
malas_acessorios,700,16,40,40
informatica_acessorios,917,21,15,11
esporte_lazer,1250,26,31,26
utilidades_domesticas,1200,36,15,22
artigos_de_natal,750,16,19,14
utilidades_domesticas,880,26,28,26
eletronicos,200,16,16,11
esporte_lazer,1800,28,8,15
eletroportateis,800,30,25,30
cama_mesa_banho,1800,50,7,35
beleza_saude,15225,57,18,52
informatica_acessorios,350,35,35,25
informatica_acessorios,400,16,3,21
brinquedos,275,20,10,20
brinquedos,2500,16,19,16
eletrodomesticos_2,17000,42,90,22
esporte_lazer,800,42,36,25
bebes,300,59,8,36
automotivo,26400,78,78,27
automotivo,875,60,8,33
cama_mesa_banho,5950,40,20,40
utilidades_domesticas,600,16,25,13
utilidades_domesticas,6600,46,31,37
moveis_decoracao,5600,37,25,36
beleza_saude,2750,25,16,18
brinquedos,1875,35,23,28
livros_interesse_geral,1050,30,5,20
beleza_saude,400,28,5,18
automotivo,600,30,20,20
relogios_presentes,300,16,7,11
bebes,888,38,23,29
relogios_presentes,350,18,13,13
automotivo,300,20,3,16
esporte_lazer,1000,23,23,23
esporte_lazer,5950,20,11,20
automotivo,6525,65,11,65
cama_mesa_banho,2600,47,21,41
beleza_saude,125,18,15,17
cama_mesa_banho,350,20,25,25
utilidades_domesticas,4755,43,40,31
beleza_saude,2575,18,30,18
moveis_decoracao,1650,60,7,14
perfumaria,185,19,19,17
utilidades_domesticas,200,38,18,27
informatica_acessorios,950,35,11,11
casa_conforto,10050,50,30,40
utilidades_domesticas,895,10,15,14
ferramentas_jardim,5500,18,12,58
malas_acessorios,225,42,11,14
alimentos_bebidas,400,20,8,16
construcao_ferramentas_construcao,8900,43,13,39
beleza_saude,700,18,20,18
cama_mesa_banho,1300,46,2,36
automotivo,1600,30,30,30
esporte_lazer,1507,28,11,21
pet_shop,250,16,10,11
eletronicos,200,17,6,13
automotivo,679,20,17,16
moveis_escritorio,9000,53,51,18
esporte_lazer,1050,30,30,25
utilidades_domesticas,300,22,12,18
sinalizacao_e_seguranca,250,29,37,21
pet_shop,600,18,25,18
esporte_lazer,300,18,18,18
esporte_lazer,450,22,15,15
consoles_games,1200,25,18,18
malas_acessorios,575,32,42,12
esporte_lazer,450,20,9,14
alimentos,1068,26,16,27
automotivo,400,30,10,16
esporte_lazer,4200,60,15,15
relogios_presentes,293,18,11,16
bebes,150,20,13,20
utilidades_domesticas,19950,43,43,43
papelaria,1950,35,6,30
instrumentos_musicais,500,27,7,22
livros_interesse_geral,800,23,3,16
utilidades_domesticas,2850,30,32,28
bebes,155,18,14,21
moveis_cozinha_area_de_servico_jantar_e_jardim,2200,36,46,36
eletroportateis,441,24,20,17
ferramentas_jardim,6000,28,22,16
cama_mesa_banho,1000,32,12,26
esporte_lazer,300,20,15,18
bebes,357,23,23,30
construcao_ferramentas_construcao,200,19,8,13
esporte_lazer,3675,28,33,25
cama_mesa_banho,1800,34,7,32
informatica_acessorios,250,31,9,11
moveis_decoracao,800,36,6,26
automotivo,7900,40,40,30
esporte_lazer,3900,30,20,25
moveis_decoracao,750,30,15,30
moveis_decoracao,1600,65,6,48
brinquedos,150,20,20,20
brinquedos,750,26,14,26
cool_stuff,90,15,11,12
moveis_decoracao,8800,56,28,40
tablets_impressao_imagem,450,25,5,20
informatica_acessorios,415,29,18,22
telefonia,175,20,20,20
esporte_lazer,1700,52,8,10
esporte_lazer,1900,22,12,22
pet_shop,750,55,20,25
moveis_decoracao,2650,40,25,25
esporte_lazer,199,19,18,15
beleza_saude,1050,17,17,15
esporte_lazer,1150,27,6,18
cama_mesa_banho,800,41,3,32
cool_stuff,900,25,7,12
audio,400,25,15,23
livros_interesse_geral,700,24,24,16
industria_comercio_e_negocios,16650,30,18,24
automotivo,300,20,6,13
brinquedos,4017,38,35,42
papelaria,1275,39,21,27
esporte_lazer,500,23,5,21
construcao_ferramentas_construcao,2250,16,19,24
fashion_calcados,2000,36,37,16
moveis_decoracao,950,41,16,37
esporte_lazer,500,25,15,25
consoles_games,300,18,2,12
utilidades_domesticas,450,19,13,17
relogios_presentes,60,23,15,19
brinquedos,400,16,25,25
moveis_decoracao,13150,16,50,50
bebes,400,24,9,14
cama_mesa_banho,1000,35,15,25
casa_construcao,12100,60,25,25
eletrodomesticos_2,11867,26,29,34
moveis_decoracao,250,20,6,14
cool_stuff,14425,29,29,42
eletroportateis,1325,48,21,29
papelaria,1000,18,48,33
automotivo,2525,68,9,36
relogios_presentes,325,19,15,17
telefonia,375,16,14,14
informatica_acessorios,217,17,5,11
perfumaria,600,19,7,13
consoles_games,456,23,15,18
esporte_lazer,700,16,20,20
informatica_acessorios,200,16,5,12
relogios_presentes,258,18,10,17
cama_mesa_banho,1250,50,15,30
cama_mesa_banho,1400,30,16,30
cama_mesa_banho,1500,38,10,38
beleza_saude,800,35,3,12
cool_stuff,1867,36,6,36
cool_stuff,300,24,12,17
informatica_acessorios,885,20,12,12
moveis_decoracao,900,63,5,15
informatica_acessorios,200,27,5,20
beleza_saude,1050,40,18,16
bebidas,9900,21,26,21
informatica_acessorios,3200,44,15,30
moveis_decoracao,950,40,10,30
beleza_saude,350,16,8,11
moveis_decoracao,800,42,20,38
papelaria,700,66,12,12
moveis_sala,8425,70,20,68
brinquedos,2000,20,62,35
informatica_acessorios,950,25,14,23
pet_shop,650,20,20,20
beleza_saude,10067,73,30,27
pet_shop,5025,55,15,40
beleza_saude,767,17,10,16
esporte_lazer,775,29,15,20
esporte_lazer,343,32,10,20
brinquedos,950,30,11,25
brinquedos,9500,16,60,40
brinquedos,750,30,8,30
brinquedos,950,33,25,25
esporte_lazer,6300,35,20,35
livros_interesse_geral,200,27,9,18
automotivo,5900,16,4,11
automotivo,50,20,10,16
automotivo,400,35,4,25
utilidades_domesticas,617,17,14,15
informatica_acessorios,5350,21,18,18
esporte_lazer,885,18,14,17
eletrodomesticos_2,4450,29,48,22
informatica_acessorios,760,44,8,15
esporte_lazer,350,20,15,15
esporte_lazer,900,25,10,11
eletronicos,4000,36,7,27
brinquedos,2301,32,35,34
automotivo,4275,38,10,25
beleza_saude,650,25,20,25
automotivo,250,16,16,11
eletronicos,100,17,3,12
utilidades_domesticas,450,25,25,25
brinquedos,1100,30,7,23
brinquedos,475,41,34,25
utilidades_domesticas,1350,43,18,18
cama_mesa_banho,8450,55,25,45
fashion_esporte,150,20,10,16
cama_mesa_banho,1477,28,20,29
moveis_escritorio,8000,53,74,18
esporte_lazer,150,30,18,23
informatica_acessorios,6700,50,50,30
bebes,13550,28,69,42
eletronicos,900,22,6,20
moveis_decoracao,800,82,3,22
beleza_saude,350,24,7,14
brinquedos,500,26,5,18
beleza_saude,517,19,11,15
informatica_acessorios,1250,40,12,22
bebes,2150,16,2,11
utilidades_domesticas,500,18,21,20
utilidades_domesticas,2450,40,38,16
moveis_sala,800,16,5,20
construcao_ferramentas_construcao,2250,20,20,20
informatica_acessorios,250,50,5,50
pet_shop,180,19,12,14
informatica_acessorios,9650,34,34,50
cool_stuff,200,20,20,20
brinquedos,750,40,15,22
utilidades_domesticas,950,30,20,35
moveis_decoracao,3600,65,8,45
moveis_decoracao,500,19,11,12
esporte_lazer,2700,63,10,21
papelaria,400,16,13,24
informatica_acessorios,200,30,4,15
alimentos,1500,30,30,30
relogios_presentes,750,15,4,19
papelaria,300,27,26,27
bebes,7650,40,20,30
automotivo,1400,42,5,42
bebes,600,20,13,20
utilidades_domesticas,2600,50,30,32
moveis_decoracao,550,30,5,20
eletronicos,1600,28,6,22
moveis_escritorio,16650,63,61,24
cama_mesa_banho,9900,56,36,37
esporte_lazer,501,23,18,17
relogios_presentes,800,40,8,28
perfumaria,650,25,35,30
cama_mesa_banho,2700,35,20,30
esporte_lazer,3950,53,10,26
informatica_acessorios,200,16,8,18
moveis_decoracao,1098,26,20,20
esporte_lazer,250,18,8,14
relogios_presentes,567,26,12,26
automotivo,4250,37,17,32
cama_mesa_banho,435,32,5,27
moveis_decoracao,600,25,10,20
pet_shop,450,16,16,16
informatica_acessorios,800,26,11,24
utilidades_domesticas,700,30,15,20
construcao_ferramentas_construcao,100,17,7,11
perfumaria,225,16,8,18
automotivo,150,32,2,24
brinquedos,300,27,5,26
consoles_games,250,19,3,16
beleza_saude,150,19,15,15
cama_mesa_banho,1500,30,10,34
beleza_saude,100,16,6,11
brinquedos,650,25,28,16
eletronicos,125,16,3,20
esporte_lazer,2200,100,7,11
informatica_acessorios,850,33,15,15
construcao_ferramentas_seguranca,933,20,18,20
perfumaria,417,22,15,20
telefonia,200,20,3,11
utilidades_domesticas,12450,31,60,31
moveis_decoracao,5250,60,12,40
construcao_ferramentas_construcao,100,30,30,30
fashion_calcados,2200,32,12,37
brinquedos,405,21,7,15
utilidades_domesticas,1300,25,40,25
automotivo,600,30,30,30
moveis_decoracao,9400,75,25,30
pet_shop,500,32,32,47
perfumaria,5750,37,37,25
moveis_decoracao,545,17,13,17
fashion_bolsas_e_acessorios,200,16,16,11
utilidades_domesticas,150,18,8,14
relogios_presentes,425,18,8,12
cama_mesa_banho,1250,43,15,38
automotivo,1888,105,15,49
utilidades_domesticas,5636,40,27,31
moveis_decoracao,14800,40,30,40
cama_mesa_banho,3300,46,18,35
beleza_saude,1650,30,18,25
informatica_acessorios,1644,16,19,16
beleza_saude,700,29,5,16
automotivo,4475,56,31,34
bebes,1400,26,25,25
fashion_bolsas_e_acessorios,750,25,5,20
ferramentas_jardim,200,18,5,13
cama_mesa_banho,1450,41,15,51
cama_mesa_banho,7500,50,18,28
relogios_presentes,282,17,11,14
cama_mesa_banho,722,33,6,25
automotivo,100,21,2,14
automotivo,4100,70,20,20
construcao_ferramentas_construcao,4700,25,8,25
construcao_ferramentas_construcao,3200,20,20,20
esporte_lazer,483,23,14,18
telefonia,360,21,10,15
beleza_saude,1700,80,12,12
pet_shop,5500,25,40,25
moveis_decoracao,1350,53,16,16
utilidades_domesticas,2100,30,25,30
brinquedos,800,38,24,38
telefonia,310,13,17,20
brinquedos,4200,89,53,12
telefonia_fixa,387,24,10,20
alimentos,1084,26,18,27
moveis_decoracao,350,17,15,15
pet_shop,11125,52,54,55
informatica_acessorios,850,34,15,15
eletrodomesticos_2,15250,80,23,44
audio,1300,25,15,30
esporte_lazer,6200,100,15,15
cool_stuff,800,35,15,30
utilidades_domesticas,500,30,20,30
esporte_lazer,5000,50,27,27
consoles_games,500,17,25,17
esporte_lazer,856,22,20,21
brinquedos,1167,53,10,49
artigos_de_natal,2000,16,30,16
cama_mesa_banho,500,90,8,35
moveis_decoracao,1350,55,9,11
beleza_saude,1200,35,10,35
beleza_saude,600,40,20,30
instrumentos_musicais,2500,55,13,35
instrumentos_musicais,8450,78,19,49
relogios_presentes,267,17,12,14
brinquedos,1187,38,22,30
esporte_lazer,1300,60,15,15
moveis_decoracao,1550,40,20,30
relogios_presentes,240,16,11,12
cama_mesa_banho,2075,30,20,70
cama_mesa_banho,750,30,3,24
bebidas,1800,18,32,22
beleza_saude,800,16,19,15
utilidades_domesticas,2000,45,12,45
automotivo,2050,65,25,25
esporte_lazer,1600,22,12,22
papelaria,2300,26,25,47
pet_shop,1800,71,2,23
moveis_decoracao,2350,31,11,26
relogios_presentes,231,16,11,12
utilidades_domesticas,1307,41,19,28
perfumaria,100,16,11,11
beleza_saude,78,14,8,10
utilidades_domesticas,300,45,15,23
informatica_acessorios,1067,32,13,22
informatica_acessorios,200,36,9,20
eletronicos,353,16,12,14
moveis_decoracao,1250,16,32,16
eletrodomesticos_2,2750,25,15,25
moveis_decoracao,800,24,6,24
esporte_lazer,1700,50,20,30
automotivo,8175,56,11,32
utilidades_domesticas,1450,25,12,35
construcao_ferramentas_construcao,9700,60,20,40
relogios_presentes,900,48,16,25
livros_interesse_geral,550,17,25,11
construcao_ferramentas_construcao,7500,54,20,40
livros_interesse_geral,638,16,18,18
telefonia,350,27,5,20
cama_mesa_banho,2200,35,12,25
brinquedos,100,20,20,20
brinquedos,450,30,8,11
bebes,700,21,9,15
informatica_acessorios,194,21,15,15
moveis_decoracao,3450,90,12,20
moveis_decoracao,3850,32,42,32
informatica_acessorios,650,16,29,22
ferramentas_jardim,600,16,3,19
pet_shop,128,17,9,13
cama_mesa_banho,1387,37,20,40
perfumaria,100,18,4,11
audio,588,19,14,17
moveis_decoracao,2800,49,10,38
cama_mesa_banho,800,29,4,36
beleza_saude,3025,21,10,21
cama_mesa_banho,1200,41,13,13
moveis_decoracao,1650,30,30,15
esporte_lazer,430,20,8,16
ferramentas_jardim,400,16,10,11
livros_interesse_geral,1320,15,14,17
moveis_decoracao,11100,47,46,33
brinquedos,4700,16,40,40
informatica_acessorios,756,34,17,18
malas_acessorios,1300,35,19,29
moveis_decoracao,3200,40,35,40
esporte_lazer,1211,25,24,22
papelaria,450,20,15,20
utilidades_domesticas,11450,41,26,41
livros_tecnicos,400,16,23,11
fashion_esporte,400,16,10,11
cool_stuff,7150,17,8,32
esporte_lazer,1100,25,25,25
papelaria,325,23,7,15
moveis_decoracao,5850,25,25,25
perfumaria,235,18,10,12
instrumentos_musicais,2550,17,27,17
beleza_saude,200,20,3,11
esporte_lazer,1200,80,14,14
informatica_acessorios,950,31,4,23
eletrodomesticos,600,70,5,11
construcao_ferramentas_construcao,4100,35,14,35
automotivo,2100,24,2,17
utilidades_domesticas,550,18,13,14
instrumentos_musicais,500,35,5,30
automotivo,4000,41,17,32
bebes,6700,36,31,36
papelaria,310,20,10,19
telefonia,500,23,16,11
utilidades_domesticas,1045,39,16,38
climatizacao,1670,33,27,19
fashion_bolsas_e_acessorios,50,17,6,13
informatica_acessorios,300,37,2,28
informatica_acessorios,250,19,3,14
perfumaria,400,16,16,12
beleza_saude,640,31,16,15
tablets_impressao_imagem,200,16,6,14
cama_mesa_banho,100,27,5,20
fashion_bolsas_e_acessorios,250,26,12,22
eletrodomesticos_2,8150,26,55,26
esporte_lazer,700,40,45,25
informatica_acessorios,1500,28,13,14
automotivo,600,35,5,35
moveis_escritorio,19400,48,45,56
livros_interesse_geral,700,17,5,28
esporte_lazer,1743,29,26,24
perfumaria,350,25,15,15
beleza_saude,150,21,4,16
brinquedos,200,18,4,12
cool_stuff,600,22,14,19
esporte_lazer,329,20,16,18
bebes,350,45,4,35
esporte_lazer,1700,28,14,22
esporte_lazer,700,105,6,11
beleza_saude,225,20,10,15
papelaria,425,28,13,18
market_place,600,16,4,11
cool_stuff,11600,65,19,47
utilidades_domesticas,1850,27,12,20
automotivo,200,22,11,16
pet_shop,5575,16,18,16
informatica_acessorios,200,16,10,15
beleza_saude,390,21,16,18
telefonia,100,18,3,13
utilidades_domesticas,4200,37,15,37
eletrodomesticos,550,20,13,15
moveis_decoracao,900,16,34,34
cama_mesa_banho,900,24,5,20
beleza_saude,333,19,16,21
automotivo,200,25,10,25
automotivo,526,21,15,13
beleza_saude,200,16,11,11
esporte_lazer,1700,18,16,16
consoles_games,150,18,20,11
informatica_acessorios,1975,29,23,23
pet_shop,1800,68,3,45
beleza_saude,300,31,6,31
instrumentos_musicais,500,56,11,20
moveis_decoracao,2100,40,10,30
esporte_lazer,1300,26,31,26
cool_stuff,2000,62,20,40
informatica_acessorios,300,24,9,17
telefonia,550,20,18,18
automotivo,70,24,10,15
esporte_lazer,2200,33,30,30
utilidades_domesticas,550,30,15,15
moveis_decoracao,2700,69,11,11
automotivo,900,23,7,38
telefonia,150,18,4,11
automotivo,7650,95,16,30
consoles_games,150,17,4,14
bebes,600,16,2,11
ferramentas_jardim,28300,87,45,42
perfumaria,200,16,9,11
moveis_sala,13725,54,22,53
utilidades_domesticas,250,20,10,15
beleza_saude,250,16,5,11
bebes,16450,44,70,32
relogios_presentes,667,17,11,14
moveis_decoracao,17400,100,7,90
construcao_ferramentas_construcao,600,62,12,12
malas_acessorios,11200,30,56,39
moveis_sala,8850,37,14,61
beleza_saude,10550,30,20,27
bebes,300,25,20,20
construcao_ferramentas_construcao,3750,20,20,20
market_place,3500,20,35,12
cool_stuff,200,16,3,11
moveis_decoracao,9850,36,47,36
esporte_lazer,1450,23,32,23
moveis_decoracao,1800,30,35,30
cool_stuff,533,23,21,21
ferramentas_jardim,8350,91,33,56
informatica_acessorios,500,40,11,30
ferramentas_jardim,300,20,10,15
moveis_decoracao,350,30,31,20
beleza_saude,1900,20,26,12
esporte_lazer,8100,30,80,30
alimentos,450,18,17,12
cama_mesa_banho,1900,38,13,20
beleza_saude,130,21,11,11
brinquedos,130,16,7,12
moveis_decoracao,2700,40,35,35
eletronicos,250,18,15,16
instrumentos_musicais,700,16,5,11
utilidades_domesticas,750,16,2,11
cool_stuff,300,17,26,12
telefonia_fixa,600,20,16,20
climatizacao,350,29,5,16
moveis_decoracao,1050,75,25,25
moveis_decoracao,7000,30,55,30
casa_conforto,1900,45,15,35
telefonia,335,19,9,21
moveis_escritorio,20450,101,10,62
moveis_decoracao,1100,46,12,46
automotivo,4825,99,33,30
informatica_acessorios,3462,23,20,25
brinquedos,900,45,15,30
utilidades_domesticas,493,22,6,22
cama_mesa_banho,500,50,11,40
bebidas,1800,35,20,20
consoles_games,175,25,3,19
esporte_lazer,407,20,17,18
moveis_cozinha_area_de_servico_jantar_e_jardim,3450,70,25,25
utilidades_domesticas,1000,16,8,14
moveis_decoracao,4150,50,15,40
relogios_presentes,563,16,16,14
moveis_decoracao,5500,41,15,25
moveis_decoracao,3700,36,30,19
automotivo,3350,78,4,47
moveis_decoracao,12500,36,34,36
eletrodomesticos,1625,24,12,17
livros_tecnicos,450,17,24,11
cool_stuff,700,18,35,20
beleza_saude,558,21,13,16
fraldas_higiene,1250,20,22,16
moveis_decoracao,6317,36,40,36
moveis_decoracao,550,16,13,11
construcao_ferramentas_construcao,4100,26,8,26
moveis_decoracao,17783,57,17,42
informatica_acessorios,1000,25,20,20
papelaria,10600,60,20,29
casa_construcao,1950,38,28,28
cool_stuff,1050,40,30,20
moveis_decoracao,8100,40,30,40
moveis_decoracao,10150,30,47,30
automotivo,350,30,20,20
ferramentas_jardim,320,16,13,18
cama_mesa_banho,25700,45,40,32
moveis_escritorio,18225,38,54,38
utilidades_domesticas,500,16,16,12
utilidades_domesticas,400,39,11,11
cama_mesa_banho,350,25,15,25
construcao_ferramentas_construcao,1300,25,10,20
brinquedos,3750,30,30,30
cama_mesa_banho,900,36,4,29
automotivo,500,16,16,11
consoles_games,200,20,2,15
esporte_lazer,25700,80,85,20
brinquedos,1100,100,15,15
construcao_ferramentas_seguranca,5050,24,24,24
moveis_sala,1350,50,11,40
telefonia,50,16,3,14
beleza_saude,1400,16,16,15
utilidades_domesticas,450,16,24,11
moveis_decoracao,3400,62,27,17
cama_mesa_banho,1100,37,6,27
brinquedos,300,30,20,15
pet_shop,900,42,3,35
utilidades_domesticas,500,28,9,18
eletronicos,100,17,5,12
sinalizacao_e_seguranca,200,23,13,18
automotivo,3600,17,13,17
esporte_lazer,238,16,10,13
esporte_lazer,250,27,4,11
informatica_acessorios,350,18,9,14
utilidades_domesticas,2000,32,32,32
beleza_saude,400,17,13,14
perfumaria,250,21,7,14
utilidades_domesticas,150,25,10,20
cama_mesa_banho,2050,16,10,16
cama_mesa_banho,3150,45,17,35
utilidades_domesticas,500,30,11,20
automotivo,2200,20,20,20
esporte_lazer,767,26,8,20
instrumentos_musicais,200,16,5,11
fashion_bolsas_e_acessorios,350,20,10,20
alimentos_bebidas,900,20,8,16
ferramentas_jardim,1200,34,7,22
cama_mesa_banho,650,40,4,30
automotivo,12100,61,61,21
beleza_saude,200,18,13,13
brinquedos,13625,55,50,38
telefonia,200,22,5,12
livros_interesse_geral,300,35,5,30
moveis_decoracao,1700,105,3,70
instrumentos_musicais,5000,45,14,105
utilidades_domesticas,1400,43,18,18
informatica_acessorios,100,16,3,11
cama_mesa_banho,2200,45,14,34
climatizacao,2550,18,37,36
automotivo,250,25,20,25
eletronicos,350,16,16,16
perfumaria,350,22,16,16
ferramentas_jardim,315,14,13,13
bebidas,2300,16,32,11
informatica_acessorios,150,16,4,12
papelaria,200,16,3,11
beleza_saude,125,17,11,12
perfumaria,300,17,14,14
eletronicos,5950,98,17,18
esporte_lazer,3450,60,15,15
papelaria,350,16,16,16
automotivo,1200,35,15,29
beleza_saude,690,17,17,13
papelaria,2900,25,55,45
bebes,1550,42,30,37
moveis_decoracao,600,34,6,23
bebes,2600,56,11,41
esporte_lazer,1250,19,12,12
esporte_lazer,696,21,20,21
beleza_saude,900,16,25,15
esporte_lazer,1875,44,46,39
utilidades_domesticas,250,30,10,20
pet_shop,6700,40,20,50
brinquedos,613,19,25,29
moveis_decoracao,200,19,11,18
informatica_acessorios,4000,34,14,30
utilidades_domesticas,3100,45,28,26
cama_mesa_banho,22525,45,55,65
relogios_presentes,300,18,11,13
brinquedos,463,20,17,17
papelaria,11950,18,46,33
moveis_decoracao,250,20,3,20
eletronicos,1344,40,20,11
utilidades_domesticas,500,20,12,12
agro_industria_e_comercio,5200,99,10,50
bebes,2392,41,20,40
moveis_decoracao,3750,37,44,18
relogios_presentes,267,18,9,17
pet_shop,300,30,10,15
consoles_games,300,19,10,14
beleza_saude,650,21,7,12
telefonia_fixa,500,16,10,15
esporte_lazer,450,18,15,15
bebes,450,32,11,32
cama_mesa_banho,5900,45,15,35
automotivo,1750,30,30,30
relogios_presentes,320,18,10,13
cama_mesa_banho,2150,49,10,39
cool_stuff,300,25,10,15
papelaria,550,24,3,30
cama_mesa_banho,1650,42,11,36
moveis_decoracao,300,20,5,18
papelaria,16400,17,48,32
esporte_lazer,700,22,52,25
casa_construcao,200,22,13,12
cama_mesa_banho,3225,60,13,30
malas_acessorios,200,16,6,12
construcao_ferramentas_iluminacao,200,17,10,13
automotivo,1800,22,5,22
artigos_de_natal,14100,40,45,40
consoles_games,200,21,7,14
moveis_sala,13150,74,7,90
informatica_acessorios,1275,22,14,14
construcao_ferramentas_seguranca,350,25,10,25
ferramentas_jardim,130,16,11,16
eletronicos,175,21,15,20
automotivo,3500,37,19,37
beleza_saude,200,21,7,14
relogios_presentes,175,21,6,13
agro_industria_e_comercio,2700,20,13,25
telefonia,915,12,12,8
pcs,1700,36,6,33
informatica_acessorios,710,33,14,15
pet_shop,5900,81,81,11
ferramentas_jardim,9600,35,27,23
fashion_bolsas_e_acessorios,500,20,40,40
relogios_presentes,213,18,10,19
automotivo,1867,21,18,19
cama_mesa_banho,1221,40,12,40
cool_stuff,1825,43,28,28
beleza_saude,1000,50,20,20
moveis_decoracao,5800,58,20,38
perfumaria,575,20,16,23
cama_mesa_banho,4200,36,10,35
papelaria,600,25,30,15
fashion_bolsas_e_acessorios,14550,29,69,48
automotivo,23250,50,20,20
utilidades_domesticas,1193,33,20,20
bebes,1875,29,22,26
cool_stuff,2800,40,30,20
utilidades_domesticas,1285,46,10,30
moveis_decoracao,1300,45,8,35
bebes,450,20,15,25
informatica_acessorios,200,16,8,12
esporte_lazer,700,17,16,16
cama_mesa_banho,8350,45,15,35
beleza_saude,350,20,5,16
sinalizacao_e_seguranca,912,32,12,24
casa_construcao,6200,41,23,41
automotivo,2500,35,20,20
eletrodomesticos_2,15700,42,33,42
automotivo,100,16,4,14
beleza_saude,1500,21,16,31
relogios_presentes,350,16,13,11
eletronicos,11500,22,21,18
fashion_bolsas_e_acessorios,1000,60,40,60
cama_mesa_banho,5100,20,30,30
malas_acessorios,600,45,10,31
brinquedos,700,35,40,25
relogios_presentes,333,18,11,13
esporte_lazer,300,16,20,15
cama_mesa_banho,12050,60,20,60
ferramentas_jardim,200,16,11,11
brinquedos,163,12,8,11
perfumaria,363,20,12,17
relogios_presentes,300,16,14,11
cama_mesa_banho,5600,45,20,37
esporte_lazer,550,26,16,21
cool_stuff,1850,40,22,28
papelaria,5650,20,30,20
esporte_lazer,288,23,12,17
automotivo,3500,22,10,22
bebidas,950,16,40,11
cama_mesa_banho,2628,56,37,48
esporte_lazer,110,19,12,14
cama_mesa_banho,750,45,15,30
fashion_calcados,1500,25,15,35
brinquedos,2725,45,11,24
automotivo,100,33,2,23
utilidades_domesticas,350,40,10,15
pet_shop,1100,30,20,20
fashion_calcados,1850,34,38,13
utilidades_domesticas,600,42,5,30
instrumentos_musicais,4700,40,24,29
construcao_ferramentas_construcao,10000,30,20,30
ferramentas_jardim,1800,30,10,20
telefonia,300,17,25,25
casa_construcao,1250,22,24,16
automotivo,1550,68,9,43
utilidades_domesticas,4300,50,30,53
instrumentos_musicais,8600,39,15,57
beleza_saude,2450,35,16,16
perfumaria,333,19,19,21
ferramentas_jardim,1100,19,50,20
agro_industria_e_comercio,12700,56,32,32
brinquedos,1400,29,17,26
informatica_acessorios,833,29,15,18
bebidas,5350,30,30,30
moveis_decoracao,7950,40,40,40
beleza_saude,2100,19,19,19
brinquedos,625,35,21,21
brinquedos,1550,18,31,25
esporte_lazer,163,16,9,12
moveis_escritorio,15750,58,28,58
ferramentas_jardim,450,20,20,20
instrumentos_musicais,4000,25,15,60
eletronicos,241,19,13,13
cama_mesa_banho,1300,29,8,34
automotivo,2500,54,12,40
automotivo,2238,40,15,14
esporte_lazer,6175,66,17,14
informatica_acessorios,125,18,12,12
beleza_saude,1357,19,17,15
relogios_presentes,950,44,12,36
esporte_lazer,21500,63,68,63
alimentos,125,16,8,11
cama_mesa_banho,1550,32,6,25
cama_mesa_banho,600,52,4,38
esporte_lazer,200,34,5,26
eletroportateis,7100,50,33,31
automotivo,61,21,2,15
automotivo,5350,53,43,11
climatizacao,1300,32,16,22
informatica_acessorios,350,27,4,34
cool_stuff,450,16,10,13
telefonia,933,21,13,21
cama_mesa_banho,700,16,20,16
sinalizacao_e_seguranca,200,25,25,15
moveis_sala,2500,64,16,36
beleza_saude,150,26,5,14
brinquedos,850,16,32,16
esporte_lazer,1100,25,6,17
brinquedos,1164,17,22,28
livros_interesse_geral,1600,25,6,18
brinquedos,333,18,14,12
fashion_roupa_feminina,350,16,5,20
moveis_decoracao,300,21,3,29
utilidades_domesticas,3250,23,5,23
utilidades_domesticas,400,25,16,16
utilidades_domesticas,900,27,22,27
agro_industria_e_comercio,30000,40,105,40
esporte_lazer,4222,38,33,33
perfumaria,235,19,13,16
beleza_saude,975,26,12,16
cama_mesa_banho,250,50,8,35
cool_stuff,30000,54,84,62
esporte_lazer,500,20,15,13
utilidades_domesticas,21400,90,30,60
moveis_decoracao,500,30,10,20
consoles_games,300,18,7,20
casa_conforto,4550,40,30,40
beleza_saude,1267,23,18,19
eletroportateis,1710,28,30,23
ferramentas_jardim,750,19,7,14
automotivo,200,20,5,13
automotivo,100,30,10,20
automotivo,100,16,7,11
esporte_lazer,2300,40,20,40
moveis_decoracao,255,24,23,14
automotivo,650,18,14,14
cama_mesa_banho,1150,28,14,16
fashion_bolsas_e_acessorios,1000,20,18,20
esporte_lazer,150,18,6,15
perfumaria,150,16,7,12
perfumaria,464,18,13,14
construcao_ferramentas_construcao,2650,16,11,11
esporte_lazer,967,21,24,19
moveis_decoracao,1300,31,6,33
pet_shop,500,30,30,20
eletrodomesticos,15225,31,14,22
telefonia,600,17,22,17
eletronicos,550,28,19,25
esporte_lazer,1067,25,28,14
bebes,8500,30,64,20
moveis_quarto,16900,57,16,43
bebes,300,30,6,20
climatizacao,250,20,6,16
artigos_de_festas,1350,30,4,36
beleza_saude,3300,27,24,27
telefonia_fixa,550,20,20,20
bebes,800,21,9,15
utilidades_domesticas,10000,79,15,47
papelaria,1850,32,52,19
utilidades_domesticas,10900,40,43,40
bebes,13050,65,30,40
consoles_games,400,28,4,18
sinalizacao_e_seguranca,400,16,4,16
moveis_sala,5150,46,12,45
utilidades_domesticas,600,37,37,37
utilidades_domesticas,400,18,20,20
relogios_presentes,199,17,6,13
perfumaria,560,19,13,17
ferramentas_jardim,950,16,33,11
artes_e_artesanato,2900,50,10,40
cama_mesa_banho,1300,30,10,30
informatica_acessorios,1170,47,12,35
relogios_presentes,275,21,13,14
pet_shop,150,16,11,11
cool_stuff,5200,25,35,55
eletroportateis,500,20,20,20
automotivo,350,17,6,20
telefonia,340,16,2,11
informatica_acessorios,125,16,18,16
cama_mesa_banho,250,30,5,15
moveis_decoracao,1400,35,75,18
beleza_saude,400,30,12,16
utilidades_domesticas,6800,44,16,44
moveis_quarto,10600,93,63,11
relogios_presentes,350,16,13,13
moveis_decoracao,800,35,8,25
construcao_ferramentas_construcao,566,16,15,14
perfumaria,417,19,13,18
pet_shop,500,16,25,16
utilidades_domesticas,2100,48,26,28
informatica_acessorios,125,16,16,16
bebes,400,16,16,15
telefonia,150,19,13,16
alimentos,139,18,10,13
esporte_lazer,650,45,15,25
bebes,3500,31,43,21
construcao_ferramentas_construcao,20850,100,25,50
informatica_acessorios,1080,16,20,36
beleza_saude,1200,20,11,16
moveis_decoracao,11700,50,21,50
eletrodomesticos,9700,30,30,30
esporte_lazer,567,24,19,20
esporte_lazer,3600,30,28,40
esporte_lazer,2500,26,19,26
cine_foto,650,45,12,12
informatica_acessorios,336,21,12,15
cool_stuff,2800,16,34,48
construcao_ferramentas_jardim,613,26,15,21
cool_stuff,200,27,8,22
cama_mesa_banho,3450,39,12,33
automotivo,3300,57,57,13
cool_stuff,700,16,10,20
beleza_saude,1250,33,10,16
esporte_lazer,6950,24,7,11
casa_conforto,4350,45,15,35
cama_mesa_banho,750,55,14,38
bebes,21400,38,47,44
bebes,700,20,20,20
informatica_acessorios,340,17,9,13
automotivo,21800,60,60,20
casa_construcao,300,16,12,11
cama_mesa_banho,2000,45,10,34
esporte_lazer,3100,41,11,30
utilidades_domesticas,250,22,2,11
informatica_acessorios,160,17,12,15
cama_mesa_banho,1700,40,7,30
moveis_escritorio,16400,57,55,22
instrumentos_musicais,1050,38,7,29
esporte_lazer,500,16,16,11
ferramentas_jardim,3300,31,15,25
moveis_decoracao,1600,35,13,35
beleza_saude,1450,26,18,11
automotivo,7320,53,53,19
esporte_lazer,1000,39,10,37
esporte_lazer,2650,33,25,25
beleza_saude,1450,34,6,24
brinquedos,8963,52,27,33
automotivo,250,30,10,18
eletroportateis,405,18,13,13
sinalizacao_e_seguranca,1900,30,21,21
malas_acessorios,1175,45,19,34
bebes,4970,53,31,32
ferramentas_jardim,500,43,8,15
artes_e_artesanato,2550,46,16,25
beleza_saude,175,16,5,12
instrumentos_musicais,214,15,7,13
pet_shop,500,30,16,18
perfumaria,400,20,7,15
automotivo,1150,16,25,12
papelaria,3750,25,25,25
utilidades_domesticas,825,52,18,74
construcao_ferramentas_construcao,1100,42,12,42
beleza_saude,608,23,18,20
pet_shop,2200,50,8,45
cool_stuff,533,31,14,27
brinquedos,1538,47,30,30
moveis_decoracao,325,33,7,18
esporte_lazer,400,20,7,14
consoles_games,950,31,10,31
esporte_lazer,250,17,14,16
moveis_decoracao,450,40,15,35
cama_mesa_banho,2050,40,10,32
informatica_acessorios,4500,19,23,19
perfumaria,200,16,6,11
utilidades_domesticas,375,18,13,16
esporte_lazer,900,19,19,19
moveis_sala,7900,39,13,70
cama_mesa_banho,2000,40,7,30
esporte_lazer,8000,30,104,30
ferramentas_jardim,600,22,4,13
alimentos_bebidas,550,28,15,20
ferramentas_jardim,850,16,10,11
cool_stuff,800,47,5,20
consoles_games,150,18,2,16
eletroportateis,3925,39,32,25
brinquedos,50,25,15,11
informatica_acessorios,250,20,5,30
construcao_ferramentas_jardim,3275,23,24,21
esporte_lazer,4317,50,28,30
eletronicos,175,20,9,17
fashion_bolsas_e_acessorios,100,18,12,15
sinalizacao_e_seguranca,950,21,35,21
utilidades_domesticas,1150,30,25,20
cool_stuff,1300,24,10,23
utilidades_domesticas,3900,35,20,35
pet_shop,2150,40,12,30
esporte_lazer,600,28,10,18
informatica_acessorios,13400,33,51,50
moveis_decoracao,5375,55,12,55
instrumentos_musicais,600,24,5,20
eletronicos,15800,65,15,70
bebidas,8300,28,37,19
esporte_lazer,725,46,13,28
moveis_escritorio,16400,63,60,25
automotivo,5475,65,12,65
moveis_decoracao,4250,36,26,20
construcao_ferramentas_construcao,1250,32,14,17
automotivo,150,20,15,20
utilidades_domesticas,1200,19,22,19
esporte_lazer,1600,30,30,35
casa_conforto,250,16,12,16
esporte_lazer,1255,29,14,16
informatica_acessorios,100,18,8,14
utilidades_domesticas,6900,70,15,33
beleza_saude,1100,21,6,16
artigos_de_natal,300,16,11,11
malas_acessorios,24050,60,60,40
cama_mesa_banho,2689,54,13,46
brinquedos,600,20,35,20
automotivo,300,16,7,11
automotivo,300,30,11,15
informatica_acessorios,200,16,12,20
moveis_decoracao,500,16,5,20
utilidades_domesticas,7700,35,41,43
moveis_decoracao,6900,74,13,52
brinquedos,167,19,15,15
esporte_lazer,200,20,17,22
beleza_saude,300,17,11,13
brinquedos,700,31,31,26
eletrodomesticos,2400,32,37,22
moveis_decoracao,200,27,9,18
informatica_acessorios,350,18,9,16
telefonia,500,16,6,11
papelaria,950,25,7,20
cama_mesa_banho,2900,35,12,30
utilidades_domesticas,1500,91,78,18
esporte_lazer,30000,86,67,35
utilidades_domesticas,1000,30,40,30
bebes,1150,36,16,24
telefonia,412,17,13,13
automotivo,600,105,10,16
informatica_acessorios,683,24,16,24
cama_mesa_banho,1550,41,15,51
fashion_calcados,400,16,5,33
esporte_lazer,5600,19,18,11
casa_construcao,2600,38,28,28
bebes,1300,30,10,28
beleza_saude,620,20,13,13
consoles_games,450,30,7,25
utilidades_domesticas,600,33,18,24
moveis_decoracao,2750,35,35,11
fashion_calcados,1750,36,37,16
moveis_decoracao,3600,60,12,30
automotivo,5950,77,4,47
esporte_lazer,2550,29,27,29
telefonia,250,17,7,13
utilidades_domesticas,1400,25,32,25
eletronicos,200,18,4,11
relogios_presentes,429,18,12,12
cama_mesa_banho,2050,45,15,35
moveis_decoracao,2000,36,11,26
utilidades_domesticas,250,20,18,20
moveis_sala,3400,45,11,47
papelaria,550,21,10,15
bebes,500,20,20,20
eletrodomesticos_2,10250,61,17,61
automotivo,500,16,9,15
informatica_acessorios,1400,16,23,25
bebes,300,20,16,20
beleza_saude,350,20,14,18
moveis_decoracao,500,60,7,11
esporte_lazer,200,25,2,17
beleza_saude,250,17,11,13
telefonia,150,18,3,16
moveis_decoracao,3000,62,17,11
papelaria,10650,46,10,12
perfumaria,400,18,11,20
telefonia,150,16,16,11
climatizacao,510,21,22,20
pet_shop,700,36,6,25
moveis_decoracao,9700,40,40,40
portateis_casa_forno_e_cafe,7450,40,10,40
utilidades_domesticas,1250,38,10,24
automotivo,550,40,20,30
automotivo,2950,25,15,25
beleza_saude,361,16,17,15
casa_construcao,11350,20,20,20
esporte_lazer,1100,46,10,15
livros_tecnicos,1600,29,3,21
esporte_lazer,450,23,22,22
construcao_ferramentas_seguranca,1000,50,25,30
perfumaria,483,21,13,20
beleza_saude,1075,23,8,20
esporte_lazer,667,27,8,20
utilidades_domesticas,1750,48,9,38
livros_tecnicos,3500,29,5,20
cama_mesa_banho,1600,21,8,18
utilidades_domesticas,600,16,23,11
beleza_saude,1350,27,9,18
moveis_decoracao,2750,30,30,30
automotivo,300,16,3,11
fashion_calcados,1000,18,8,20
cama_mesa_banho,3350,50,12,40
malas_acessorios,19050,30,76,50
informatica_acessorios,258,18,13,13
moveis_decoracao,900,36,9,33
relogios_presentes,650,16,6,11
market_place,200,22,23,16
utilidades_domesticas,850,16,20,30
brinquedos,250,16,15,14
utilidades_domesticas,50,53,8,27
construcao_ferramentas_construcao,4950,27,7,27
moveis_decoracao,2300,25,25,25
utilidades_domesticas,1450,20,20,20
beleza_saude,400,16,19,15
beleza_saude,500,16,19,15
brinquedos,1150,20,18,43
esporte_lazer,400,18,12,15
artigos_de_festas,1250,35,25,25
perfumaria,351,21,17,19
pet_shop,30000,70,50,50
esporte_lazer,1100,16,12,12
construcao_ferramentas_jardim,3520,25,25,23
brinquedos,1500,48,27,18
utilidades_domesticas,1038,41,22,28
ferramentas_jardim,50,99,65,28
perfumaria,350,20,20,20
esporte_lazer,1200,30,16,16
papelaria,400,68,8,13
relogios_presentes,200,16,10,20
cama_mesa_banho,850,55,6,65
eletronicos,183,20,14,11
cama_mesa_banho,200,30,4,40
construcao_ferramentas_iluminacao,7650,20,20,20
moveis_decoracao,3100,35,23,35
moveis_escritorio,10013,58,56,23
informatica_acessorios,890,32,15,20
esporte_lazer,290,23,4,17
esporte_lazer,12150,80,38,39
moveis_decoracao,600,30,10,12
brinquedos,300,17,12,12
papelaria,1700,101,15,15
cama_mesa_banho,2500,41,8,36
cool_stuff,10250,48,19,19
automotivo,375,17,7,12
beleza_saude,1100,16,15,30
esporte_lazer,400,27,8,15
eletronicos,3150,34,14,39
relogios_presentes,310,16,10,12
utilidades_domesticas,238,24,15,18
artigos_de_natal,2600,40,16,41
relogios_presentes,363,18,13,13
brinquedos,2200,30,20,22
cama_mesa_banho,475,28,4,28
beleza_saude,29800,95,19,66
fashion_bolsas_e_acessorios,1050,22,15,20
informatica_acessorios,300,18,12,14
ferramentas_jardim,2100,30,30,15
ferramentas_jardim,3900,31,13,13
beleza_saude,200,24,26,11
esporte_lazer,200,23,11,15
cama_mesa_banho,1250,50,20,35
ferramentas_jardim,4500,29,10,37
cool_stuff,950,40,40,30
moveis_escritorio,12775,53,52,17
bebes,1050,70,10,40
cama_mesa_banho,1000,30,8,26
relogios_presentes,300,20,18,20
beleza_saude,850,26,16,25
ferramentas_jardim,5750,41,18,27
beleza_saude,850,30,12,16
perfumaria,100,16,5,12
moveis_decoracao,250,60,11,11
beleza_saude,150,16,16,20
cama_mesa_banho,1250,60,20,60
cama_mesa_banho,1100,41,18,36
cama_mesa_banho,1350,16,10,16
cama_mesa_banho,850,50,5,50
informatica_acessorios,200,30,12,20
relogios_presentes,180,16,7,12
informatica_acessorios,350,16,10,30
perfumaria,500,17,6,15
moveis_decoracao,17800,50,50,50
malas_acessorios,300,24,5,11
cama_mesa_banho,500,60,5,40
bebes,200,35,8,30
pet_shop,150,16,14,16
esporte_lazer,750,45,15,15
pet_shop,250,32,5,17
esporte_lazer,150,24,4,14
beleza_saude,450,19,28,17
beleza_saude,2350,30,30,11
automotivo,400,20,8,17
moveis_decoracao,700,60,16,11
utilidades_domesticas,6700,40,25,40
esporte_lazer,538,23,17,17
beleza_saude,125,16,7,12
utilidades_domesticas,6700,40,40,40
brinquedos,600,30,10,20
cama_mesa_banho,2543,34,12,30
bebes,3200,19,35,31
pet_shop,300,32,7,17
beleza_saude,450,21,20,29
moveis_decoracao,1300,31,40,11
utilidades_domesticas,600,19,12,12
moveis_decoracao,1400,20,30,20
telefonia,88,16,7,12
beleza_saude,600,23,7,48
livros_importados,300,16,8,11
fashion_bolsas_e_acessorios,300,30,15,27
ferramentas_jardim,8450,45,44,29
informatica_acessorios,900,31,16,16
beleza_saude,567,43,8,28
malas_acessorios,1200,42,20,31
beleza_saude,583,31,16,16
esporte_lazer,200,25,5,19
telefonia,400,17,17,17
moveis_escritorio,50,35,90,45
pet_shop,1050,21,17,30
cama_mesa_banho,9450,38,7,26
utilidades_domesticas,8600,38,28,32
malas_acessorios,400,34,6,24
artes,2685,57,23,25
moveis_decoracao,3400,40,9,34
utilidades_domesticas,1200,34,15,34
construcao_ferramentas_construcao,2550,20,55,40
musica,200,30,8,20
livros_interesse_geral,600,20,22,14
informatica_acessorios,900,30,16,16
cool_stuff,300,16,6,12
eletronicos,283,18,9,15
malas_acessorios,3300,34,31,34
beleza_saude,883,18,18,16
bebes,3967,45,39,32
eletrodomesticos_2,1500,31,5,11
telefonia,500,17,17,17
moveis_decoracao,10100,30,60,40
cama_mesa_banho,300,16,29,26
brinquedos,550,25,16,16
brinquedos,1600,62,15,41
utilidades_domesticas,1275,29,5,26
cama_mesa_banho,5200,45,10,37
instrumentos_musicais,3600,70,20,30
esporte_lazer,350,16,8,11
perfumaria,475,16,16,17
moveis_decoracao,1350,24,6,24
construcao_ferramentas_construcao,7900,60,20,40
alimentos,300,16,12,15
automotivo,900,16,57,15
bebes,650,27,25,22
utilidades_domesticas,1650,24,21,19
moveis_decoracao,250,35,10,17
moveis_decoracao,1600,30,5,45
brinquedos,1600,16,35,35
ferramentas_jardim,600,19,7,18
eletronicos,373,21,11,17
cama_mesa_banho,283,51,4,32
beleza_saude,300,16,19,11
esporte_lazer,200,25,10,20
moveis_decoracao,7000,55,7,55
livros_tecnicos,2050,28,5,22
dvds_blu_ray,250,20,2,14
moveis_decoracao,1050,35,20,35
bebidas,440,17,13,14
beleza_saude,1200,19,28,17
cama_mesa_banho,4500,58,20,38
cama_mesa_banho,4400,73,40,47
esporte_lazer,950,22,5,14
cool_stuff,2900,44,16,42
perfumaria,100,16,16,16
informatica_acessorios,4450,19,23,19
cama_mesa_banho,1650,30,20,25
moveis_escritorio,5000,60,45,45
beleza_saude,1600,35,25,20
brinquedos,1400,64,10,25
fashion_bolsas_e_acessorios,223,20,9,15
beleza_saude,2900,35,20,30
cama_mesa_banho,550,35,2,50
brinquedos,1517,31,22,28
cama_mesa_banho,1900,40,15,32
moveis_decoracao,300,20,5,48
fashion_bolsas_e_acessorios,550,16,5,30
cama_mesa_banho,200,40,10,30
relogios_presentes,400,23,7,17
papelaria,650,30,16,16
esporte_lazer,1100,40,2,40
moveis_decoracao,22700,42,82,42
utilidades_domesticas,8050,55,35,25
beleza_saude,75,16,10,11
sinalizacao_e_seguranca,400,60,25,25
cama_mesa_banho,1750,30,5,30
telefonia,200,16,6,18
telefonia,150,25,5,16
esporte_lazer,3600,20,15,42
sinalizacao_e_seguranca,300,16,14,15
automotivo,11450,61,25,45
bebes,350,20,16,25
moveis_decoracao,1000,25,25,25
perfumaria,397,21,15,17
pet_shop,600,20,19,20
utilidades_domesticas,1100,30,30,30
utilidades_domesticas,7900,29,44,29
esporte_lazer,500,30,10,20
moveis_decoracao,300,27,10,12
utilidades_domesticas,236,23,14,16
ferramentas_jardim,50,16,2,11
esporte_lazer,725,23,23,23
esporte_lazer,300,16,5,15
telefonia,500,30,10,20
moveis_cozinha_area_de_servico_jantar_e_jardim,1000,34,25,25
esporte_lazer,10150,20,20,20
brinquedos,500,26,8,21
relogios_presentes,225,16,7,11
cool_stuff,12000,24,25,31
beleza_saude,150,20,5,15
casa_conforto,700,45,15,35
utilidades_domesticas,1650,37,17,34
ferramentas_jardim,7150,30,40,30
ferramentas_jardim,800,20,20,20
cama_mesa_banho,1100,22,18,18
construcao_ferramentas_construcao,4400,19,23,19
perfumaria,100,16,8,19
moveis_decoracao,25250,41,43,91
cama_mesa_banho,1500,34,7,32
informatica_acessorios,650,16,25,16
cama_mesa_banho,1400,33,8,23
fashion_bolsas_e_acessorios,350,17,18,17
eletronicos,500,16,21,20
esporte_lazer,200,20,8,11
automotivo,450,27,16,27
cama_mesa_banho,2500,33,7,39
bebes,750,18,20,20
perfumaria,563,20,12,14
cool_stuff,700,32,32,16
automotivo,450,25,25,25
beleza_saude,488,18,15,17
consoles_games,30000,65,65,65
utilidades_domesticas,4006,45,24,30
brinquedos,1083,48,20,47
utilidades_domesticas,500,30,15,25
cama_mesa_banho,400,16,10,11
moveis_decoracao,600,60,11,11
livros_tecnicos,1900,27,7,20
esporte_lazer,1300,16,12,13
brinquedos,5031,60,43,29
cama_mesa_banho,600,60,10,50
utilidades_domesticas,5350,36,22,36
relogios_presentes,175,19,7,11
market_place,500,20,8,14
automotivo,2700,20,40,40
moveis_cozinha_area_de_servico_jantar_e_jardim,5400,53,10,67
relogios_presentes,100,16,17,12
eletronicos,281,17,9,13
automotivo,1675,63,9,63
esporte_lazer,7550,28,40,40
ferramentas_jardim,1000,25,16,16
bebes,250,65,11,11
automotivo,2500,33,27,26
ferramentas_jardim,5100,50,73,20
esporte_lazer,350,20,20,20
informatica_acessorios,183,20,15,17
moveis_escritorio,9200,52,52,17
beleza_saude,2525,17,14,15
cama_mesa_banho,1600,32,9,21
ferramentas_jardim,3500,32,31,11
relogios_presentes,1017,23,16,18
esporte_lazer,100,17,7,14
utilidades_domesticas,750,60,6,12
moveis_decoracao,550,47,17,30
automotivo,14900,32,47,38
beleza_saude,2550,28,14,20
beleza_saude,625,35,9,28
informatica_acessorios,18100,45,65,40
cama_mesa_banho,11500,48,30,35
beleza_saude,113,20,12,13
utilidades_domesticas,1900,30,15,15
bebes,300,21,8,16
telefonia_fixa,450,16,8,16
pet_shop,600,27,9,26
esporte_lazer,550,38,11,28
cama_mesa_banho,900,20,2,20
moveis_decoracao,1050,55,11,11
moveis_decoracao,2600,53,8,11
utilidades_domesticas,950,16,30,27
cama_mesa_banho,850,25,18,40
beleza_saude,1025,23,18,20
esporte_lazer,1450,20,30,20
malas_acessorios,22350,32,74,53
construcao_ferramentas_jardim,588,16,14,13
relogios_presentes,700,17,13,13
esporte_lazer,400,16,10,20
informatica_acessorios,500,16,8,20
cama_mesa_banho,1050,28,14,16
perfumaria,265,19,14,16
utilidades_domesticas,8350,35,34,34
beleza_saude,2000,37,30,24
perfumaria,400,25,4,20
utilidades_domesticas,4500,27,47,27
pet_shop,1550,40,32,20
eletrodomesticos,1800,25,14,23
esporte_lazer,1100,16,16,18
fashion_bolsas_e_acessorios,200,22,8,15
brinquedos,500,19,12,25
informatica_acessorios,650,25,10,15
informatica_acessorios,750,50,6,28
ferramentas_jardim,5650,17,38,32
beleza_saude,1250,18,20,18
automotivo,3375,103,23,27
esporte_lazer,150,16,17,22
perfumaria,415,26,12,18
utilidades_domesticas,2100,42,22,28
brinquedos,550,31,19,26
construcao_ferramentas_jardim,150,16,20,20
eletroportateis,3525,39,36,24
climatizacao,6250,53,21,36
relogios_presentes,362,19,11,15
ferramentas_jardim,7650,20,20,20
cama_mesa_banho,8800,40,6,29
pet_shop,300,20,7,17
cama_mesa_banho,2050,42,11,32
beleza_saude,240,18,14,16
ferramentas_jardim,175,22,8,15
moveis_escritorio,7667,52,52,17
informatica_acessorios,200,16,7,23
cama_mesa_banho,1050,35,10,18
fashion_bolsas_e_acessorios,500,16,5,30
cama_mesa_banho,1350,40,6,30
brinquedos,1905,30,25,19
cama_mesa_banho,1400,36,8,29
ferramentas_jardim,7900,70,8,34
moveis_decoracao,5300,64,40,50
esporte_lazer,1225,30,17,17
moveis_decoracao,600,25,2,17
perfumaria,50,20,8,14
artes,100,20,20,11
beleza_saude,725,32,22,29
cama_mesa_banho,21400,82,23,68
utilidades_domesticas,500,35,14,15
relogios_presentes,250,16,16,16
brinquedos,450,20,12,17
construcao_ferramentas_construcao,600,30,12,20
brinquedos,725,35,25,24
beleza_saude,350,30,20,30
perfumaria,378,20,15,16
climatizacao,2800,30,10,30
relogios_presentes,5867,43,19,30
informatica_acessorios,1300,16,16,16
esporte_lazer,2700,43,11,31
utilidades_domesticas,200,22,7,15
perfumaria,125,16,14,14
fashion_roupa_masculina,500,16,2,20
papelaria,800,48,7,38
cama_mesa_banho,800,30,3,24
informatica_acessorios,217,19,4,15
artes,1500,65,6,48
informatica_acessorios,400,30,15,15
fashion_underwear_e_moda_praia,100,16,2,11
moveis_decoracao,1050,16,16,16
esporte_lazer,5250,23,23,23
cool_stuff,825,39,18,38
alimentos_bebidas,3250,28,16,16
malas_acessorios,450,16,2,11
construcao_ferramentas_jardim,150,16,11,14
bebes,1100,26,22,13
moveis_escritorio,15100,58,28,56
casa_conforto,3050,20,30,46
papelaria,750,31,3,22
eletroportateis,1075,20,20,20
cama_mesa_banho,3000,55,25,45
automotivo,570,15,10,14
moveis_cozinha_area_de_servico_jantar_e_jardim,30000,97,30,70
eletronicos,150,19,14,19
utilidades_domesticas,2400,102,20,31
utilidades_domesticas,2250,40,35,14
eletronicos,389,17,12,13
livros_importados,150,33,2,23
relogios_presentes,275,19,13,19
moveis_decoracao,2400,37,30,20
moveis_cozinha_area_de_servico_jantar_e_jardim,16825,60,48,53
moveis_escritorio,6550,23,19,29
esporte_lazer,470,19,19,18
relogios_presentes,250,31,4,15
esporte_lazer,450,20,10,20
pet_shop,1100,20,20,25
cool_stuff,4950,18,32,18
relogios_presentes,710,19,13,14
consoles_games,175,20,2,15
utilidades_domesticas,900,60,10,13
brinquedos,300,18,8,12
moveis_decoracao,1050,22,22,24
moveis_decoracao,27600,70,60,60
esporte_lazer,4900,36,31,31
automotivo,1550,16,10,20
ferramentas_jardim,200,30,4,30
perfumaria,1450,20,16,16
esporte_lazer,250,17,14,15
bebes,400,65,8,13
moveis_decoracao,650,60,11,11
livros_interesse_geral,400,35,4,30
beleza_saude,600,19,7,12
cama_mesa_banho,1550,40,6,29
cama_mesa_banho,600,33,17,36
moveis_escritorio,6500,58,20,58
utilidades_domesticas,1100,32,14,32
informatica_acessorios,1450,30,23,20
consoles_games,150,18,2,14
brinquedos,250,29,8,37
construcao_ferramentas_iluminacao,15750,70,40,40
cama_mesa_banho,900,30,5,35
informatica_acessorios,450,27,9,18
moveis_escritorio,5500,22,22,33
moveis_decoracao,8000,55,17,45
esporte_lazer,500,16,11,11
pet_shop,500,20,50,20
cama_mesa_banho,765,35,20,48
cama_mesa_banho,2200,47,13,35
utilidades_domesticas,150,30,18,18
perfumaria,200,16,13,11
moveis_sala,1750,26,8,17
cama_mesa_banho,800,33,14,23
beleza_saude,125,16,12,13
pet_shop,250,13,16,16
climatizacao,19275,85,42,40
esporte_lazer,900,28,10,28
beleza_saude,150,16,4,16
relogios_presentes,400,17,11,12
cama_mesa_banho,1194,36,17,31
brinquedos,600,23,39,30
instrumentos_musicais,3600,36,10,23
bebes,2804,31,38,22
eletroportateis,1375,36,23,14
esporte_lazer,380,18,12,14
pet_shop,1400,60,15,15
cama_mesa_banho,9000,25,55,50
beleza_saude,430,17,13,13
utilidades_domesticas,8350,53,24,33
perfumaria,800,25,12,20
cama_mesa_banho,3400,45,19,35
construcao_ferramentas_construcao,3050,30,10,30
bebes,17200,65,36,45
utilidades_domesticas,150,16,20,11
esporte_lazer,150,16,9,16
relogios_presentes,150,16,16,16
cool_stuff,200,20,10,20
esporte_lazer,410,38,38,38
moveis_decoracao,950,100,5,20
esporte_lazer,1800,26,18,18
bebes,9750,38,38,35
brinquedos,800,32,19,30
alimentos,1403,29,36,33
cama_mesa_banho,7625,50,35,45
relogios_presentes,425,16,12,13
brinquedos,9025,47,34,45
utilidades_domesticas,800,25,8,15
papelaria,6300,38,30,28
livros_interesse_geral,1633,17,17,18
bebidas,3650,30,30,30
alimentos_bebidas,800,28,12,12
moveis_decoracao,1400,40,7,34
fashion_bolsas_e_acessorios,200,16,7,11
relogios_presentes,600,25,6,24
moveis_decoracao,5450,38,19,33
cool_stuff,2800,42,25,15
cama_mesa_banho,1600,37,23,35
beleza_saude,225,18,11,13
esporte_lazer,3000,60,15,15
automotivo,800,16,10,16
papelaria,1350,11,11,52
pcs,2900,35,10,40
esporte_lazer,600,16,12,11
papelaria,3550,46,7,46
esporte_lazer,433,21,15,20
beleza_saude,315,19,13,15
alimentos,525,27,13,35
brinquedos,813,35,20,40
moveis_decoracao,850,40,8,35
fashion_roupa_masculina,500,36,6,27
perfumaria,77,25,13,14
casa_conforto,2000,20,16,20
musica,200,22,4,16
beleza_saude,400,22,12,22
esporte_lazer,120,21,4,19
cool_stuff,13800,50,20,40
eletrodomesticos_2,10550,73,15,52
brinquedos,900,43,18,23
papelaria,700,50,10,40
moveis_quarto,6000,40,54,40
beleza_saude,1200,22,20,16
bebes,7050,75,15,50
consoles_games,175,24,3,17
livros_interesse_geral,850,18,22,22
instrumentos_musicais,15100,48,28,58
telefonia,400,16,22,11
cool_stuff,5250,40,20,40
industria_comercio_e_negocios,2000,30,20,30
cama_mesa_banho,1850,70,17,50
utilidades_domesticas,5250,81,13,31
fashion_bolsas_e_acessorios,150,17,4,14
moveis_decoracao,6150,40,30,40
pet_shop,2200,50,20,40
fashion_calcados,900,16,33,19
esporte_lazer,260,21,16,20
instrumentos_musicais,16000,25,87,56
pet_shop,600,18,15,18
beleza_saude,6150,58,60,16
brinquedos,367,22,17,23
perfumaria,600,20,8,14
automotivo,14600,27,27,27
telefonia,150,19,5,13
pet_shop,513,19,15,18
utilidades_domesticas,650,30,8,23
beleza_saude,250,18,12,15
automotivo,450,16,15,11
ferramentas_jardim,1050,16,11,11
moveis_decoracao,250,16,6,11
perfumaria,100,16,10,11
esporte_lazer,420,21,18,19
cool_stuff,363,18,16,17
brinquedos,900,44,40,16
brinquedos,3700,20,38,58
cama_mesa_banho,650,16,22,11
papelaria,650,23,7,15
bebes,12750,38,47,44
moveis_quarto,11650,65,35,35
brinquedos,18650,45,50,45
papelaria,1900,19,15,13
perfumaria,475,19,16,16
moveis_cozinha_area_de_servico_jantar_e_jardim,855,37,13,31
cool_stuff,6600,50,16,60
moveis_decoracao,750,22,22,11
automotivo,600,16,16,16
brinquedos,800,25,8,15
moveis_decoracao,2750,50,50,16
perfumaria,125,16,11,14
utilidades_domesticas,300,50,20,20
cama_mesa_banho,450,25,2,20
portateis_casa_forno_e_cafe,16550,40,60,40
brinquedos,225,18,18,18
eletrodomesticos_2,350,27,8,21
utilidades_domesticas,550,38,5,24
informatica_acessorios,100,24,14,11
pet_shop,10500,63,13,62
esporte_lazer,300,16,2,11
beleza_saude,1517,29,16,25
moveis_decoracao,200,45,15,35
cama_mesa_banho,800,58,12,37
pet_shop,12800,74,20,50
informatica_acessorios,1925,37,11,27
informatica_acessorios,1000,16,16,16
telefonia,300,30,5,12
eletrodomesticos,850,30,19,17
eletrodomesticos,550,50,2,37
bebidas,250,25,17,17
moveis_decoracao,1400,32,12,30
papelaria,2500,17,44,34
utilidades_domesticas,20000,43,78,41
beleza_saude,2400,33,10,16
musica,250,30,11,21
moveis_decoracao,5400,36,41,36
moveis_decoracao,5300,21,28,21
relogios_presentes,1700,42,10,42
moveis_decoracao,900,100,5,11
moveis_cozinha_area_de_servico_jantar_e_jardim,13600,45,58,42
esporte_lazer,350,26,14,20
bebes,11100,79,23,23
moveis_escritorio,8975,35,52,36
cama_mesa_banho,6125,35,25,30
beleza_saude,567,19,12,13
fashion_roupa_masculina,300,19,27,27
esporte_lazer,100,19,4,11
cama_mesa_banho,8750,16,50,40
utilidades_domesticas,4000,46,9,32
utilidades_domesticas,1250,25,14,25
utilidades_domesticas,5350,54,18,35
papelaria,1300,31,33,35
fashion_roupa_feminina,300,20,20,20
bebes,8050,75,15,50
utilidades_domesticas,2100,30,40,30
moveis_sala,16600,35,65,45
construcao_ferramentas_construcao,1500,54,10,11
beleza_saude,275,18,11,13
esporte_lazer,600,22,15,22
utilidades_domesticas,400,16,13,11
perfumaria,900,25,35,30
utilidades_domesticas,250,25,18,18
agro_industria_e_comercio,5000,35,20,17
automotivo,4500,24,19,18
fashion_bolsas_e_acessorios,100,16,7,11
pet_shop,2500,45,15,28
telefonia,126,16,11,13
cama_mesa_banho,40425,13,65,28
fashion_bolsas_e_acessorios,50,16,8,11
automotivo,2775,60,21,25
alimentos_bebidas,1950,35,12,23
informatica_acessorios,425,21,4,16
brinquedos,501,27,22,22
esporte_lazer,900,22,15,20
beleza_saude,2000,20,40,30
cama_mesa_banho,350,30,18,22
esporte_lazer,568,22,13,15
instrumentos_musicais,5000,40,9,105
moveis_decoracao,7950,52,18,35
esporte_lazer,713,17,15,15
moveis_decoracao,1800,34,6,28
brinquedos,450,23,16,16
automotivo,1300,32,50,27
construcao_ferramentas_jardim,6200,76,28,18
utilidades_domesticas,8050,30,40,40
automotivo,10500,78,4,47
informatica_acessorios,213,18,12,13
construcao_ferramentas_construcao,250,20,5,20
informatica_acessorios,117,23,14,14
esporte_lazer,2200,22,22,22
moveis_decoracao,3450,23,35,35
cama_mesa_banho,7413,44,29,47
esporte_lazer,500,24,17,20
instrumentos_musicais,1350,17,22,22
perfumaria,150,16,5,11
cool_stuff,400,19,14,15
informatica_acessorios,150,17,9,12
cama_mesa_banho,1300,35,15,25
livros_tecnicos,1350,29,3,21
pet_shop,300,18,18,15
cool_stuff,7200,53,15,53
esporte_lazer,3700,31,33,32
ferramentas_jardim,17100,17,32,32
automotivo,1500,105,7,25
papelaria,100,16,3,11
bebes,350,30,20,12
esporte_lazer,783,19,19,19
esporte_lazer,650,17,5,17
automotivo,650,16,10,11
climatizacao,20650,53,44,14
moveis_decoracao,2500,45,7,50
moveis_decoracao,200,30,25,11
utilidades_domesticas,200,16,20,16
telefonia,225,22,10,13
utilidades_domesticas,7600,47,4,27
bebes,250,16,15,15
malas_acessorios,3715,54,58,16
construcao_ferramentas_jardim,3300,25,18,20
moveis_escritorio,13000,58,28,58
relogios_presentes,150,19,14,17
pet_shop,1200,40,4,40
moveis_decoracao,400,70,11,11
papelaria,700,21,15,30
cool_stuff,1850,28,10,25
bebes,2000,35,10,50
pet_shop,100,17,5,19
esporte_lazer,825,47,12,29
cama_mesa_banho,450,16,20,15
automotivo,6450,47,19,23
esporte_lazer,1800,26,26,26
cama_mesa_banho,2125,38,9,31
moveis_sala,8100,56,17,56
construcao_ferramentas_construcao,1650,16,11,11
utilidades_domesticas,1200,44,5,34
informatica_acessorios,725,25,8,24
perfumaria,1500,20,20,20
esporte_lazer,200,16,10,14
ferramentas_jardim,3100,32,32,11
automotivo,1575,68,9,35
beleza_saude,500,48,11,11
cama_mesa_banho,1117,31,15,26
fashion_underwear_e_moda_praia,200,16,2,11
ferramentas_jardim,700,36,21,36
ferramentas_jardim,250,22,3,20
perfumaria,1150,23,14,14
moveis_decoracao,8050,40,40,30
pet_shop,8200,45,65,45
relogios_presentes,645,19,16,18
informatica_acessorios,300,17,17,17
esporte_lazer,3783,30,25,28
brinquedos,100,20,8,20
moveis_decoracao,2500,48,12,40
cama_mesa_banho,1650,30,10,20
pet_shop,500,27,9,26
moveis_decoracao,2500,25,23,25
ferramentas_jardim,900,30,20,15
informatica_acessorios,50,30,30,25
fashion_roupa_feminina,900,25,5,17
utilidades_domesticas,4200,62,30,25
utilidades_domesticas,11400,45,19,45
utilidades_domesticas,700,35,25,25
informatica_acessorios,450,19,24,19
automotivo,3375,72,4,46
instrumentos_musicais,800,23,7,22
utilidades_domesticas,2000,25,30,25
esporte_lazer,500,40,10,15
esporte_lazer,12250,24,24,24
automotivo,283,17,9,14
relogios_presentes,302,16,7,12
fashion_bolsas_e_acessorios,150,22,3,12
beleza_saude,600,16,10,20
construcao_ferramentas_construcao,6050,54,18,35
eletronicos,450,19,9,13
eletronicos,213,16,7,12
moveis_decoracao,3450,40,12,40
cool_stuff,1525,15,11,15
esporte_lazer,350,20,10,20
perfumaria,950,20,10,20
instrumentos_musicais,400,22,8,11
climatizacao,1655,30,30,20
livros_interesse_geral,475,15,12,16
moveis_decoracao,15800,30,30,30
brinquedos,1700,35,17,35
cama_mesa_banho,1500,38,11,30
telefonia,133,19,5,12
pet_shop,700,55,7,39
eletrodomesticos,175,28,13,18
cama_mesa_banho,1900,50,22,36
esporte_lazer,7700,32,45,32
automotivo,1700,30,10,60
informatica_acessorios,1000,36,9,20
automotivo,2400,35,15,35
brinquedos,1000,23,31,27
utilidades_domesticas,7300,50,25,50
pet_shop,17700,50,30,40
fashion_bolsas_e_acessorios,300,25,25,12
moveis_decoracao,1800,80,6,58
cama_mesa_banho,2584,68,17,49
esporte_lazer,650,16,7,13
esporte_lazer,3100,50,39,12
fashion_bolsas_e_acessorios,400,21,12,11
climatizacao,7350,105,10,40
artes,200,25,5,33
informatica_acessorios,500,37,6,12
construcao_ferramentas_construcao,400,37,4,16
eletrodomesticos_2,15300,75,22,44
pet_shop,125,16,11,16
esporte_lazer,3650,34,12,27
beleza_saude,550,27,10,22
artes_e_artesanato,200,16,6,11
automotivo,400,35,15,25
esporte_lazer,150,25,11,11
cama_mesa_banho,1850,48,8,39
relogios_presentes,600,21,16,20
brinquedos,233,16,16,17
informatica_acessorios,2533,33,30,23
papelaria,5500,35,60,40
brinquedos,1250,41,14,19
climatizacao,200,20,11,11
brinquedos,800,34,5,34
esporte_lazer,700,40,25,30
moveis_decoracao,14000,32,100,32
esporte_lazer,1950,20,35,15
cama_mesa_banho,2100,36,21,36
informatica_acessorios,175,17,8,13
instrumentos_musicais,450,17,5,17
utilidades_domesticas,2650,26,20,20
utilidades_domesticas,9950,61,31,31
brinquedos,108,18,11,16
cama_mesa_banho,4925,42,26,32
utilidades_domesticas,7850,28,62,28
brinquedos,2950,25,30,20
casa_construcao,350,18,15,16
ferramentas_jardim,1275,45,16,45
utilidades_domesticas,7000,45,19,45
moveis_decoracao,600,50,20,20
esporte_lazer,1071,17,21,15
moveis_escritorio,15925,44,57,27
beleza_saude,1050,19,8,12
livros_tecnicos,1100,28,3,21
cama_mesa_banho,1350,22,9,33
cama_mesa_banho,1350,33,10,29
brinquedos,363,17,14,16
moveis_decoracao,1300,40,12,40
utilidades_domesticas,300,17,10,11
automotivo,2800,30,30,30
moveis_decoracao,19425,70,67,26
informatica_acessorios,600,32,12,12
esporte_lazer,1600,21,26,24
papelaria,400,20,20,20
beleza_saude,250,16,25,15
cama_mesa_banho,6038,68,17,47
moveis_decoracao,1050,21,28,21
alimentos_bebidas,900,16,2,11
esporte_lazer,150,17,7,12
moveis_decoracao,14700,84,8,84
instrumentos_musicais,50,16,7,11
consoles_games,155,60,16,11
perfumaria,67,16,12,14
esporte_lazer,1300,22,5,15
pet_shop,300,27,9,26
bebes,300,60,3,24
informatica_acessorios,6250,30,30,20
perfumaria,250,21,4,15
moveis_decoracao,1400,35,13,35
construcao_ferramentas_construcao,15650,32,34,32
esporte_lazer,5400,85,15,22
utilidades_domesticas,16500,38,65,45
utilidades_domesticas,950,25,10,36
cool_stuff,2400,62,7,35
pet_shop,14475,70,28,48
esporte_lazer,500,16,7,20
brinquedos,14050,70,30,40
cool_stuff,13800,24,58,15
perfumaria,471,18,12,15
esporte_lazer,250,26,3,15
esporte_lazer,900,65,13,25
utilidades_domesticas,1600,16,30,12
fashion_bolsas_e_acessorios,200,16,10,15
pet_shop,1750,31,16,26
brinquedos,967,37,23,27
cool_stuff,400,20,16,20
esporte_lazer,575,25,14,23
esporte_lazer,300,16,11,11
beleza_saude,358,17,16,14
esporte_lazer,3200,28,23,21
brinquedos,17163,75,16,64
bebidas,1525,28,30,17
beleza_saude,2400,18,30,18
ferramentas_jardim,850,25,11,20
telefonia,263,19,10,15
utilidades_domesticas,1750,47,7,33
instrumentos_musicais,400,16,30,16
cool_stuff,5400,42,21,36
automotivo,150,16,10,15
brinquedos,2200,30,30,40
eletronicos,100,16,3,12
moveis_decoracao,450,30,5,30
moveis_escritorio,12650,54,54,18
beleza_saude,200,20,5,20
ferramentas_jardim,600,25,12,26
cama_mesa_banho,13050,45,15,35
pet_shop,250,30,10,17
beleza_saude,365,44,16,18
fashion_roupa_infanto_juvenil,100,16,16,16
informatica_acessorios,350,42,2,30
esporte_lazer,5700,25,80,25
fashion_bolsas_e_acessorios,125,18,11,13
relogios_presentes,375,25,12,16
moveis_sala,30000,60,50,70
automotivo,5500,78,4,47
utilidades_domesticas,1000,24,15,24
automotivo,5900,28,14,28
utilidades_domesticas,10975,46,46,45
esporte_lazer,2386,29,30,26
construcao_ferramentas_jardim,3863,19,20,19
automotivo,100,20,20,20
cama_mesa_banho,600,40,5,30
telefonia,325,22,9,17
casa_conforto,5000,50,20,40
utilidades_domesticas,1600,16,35,25
moveis_decoracao,450,20,2,15
fashion_bolsas_e_acessorios,500,20,20,20
moveis_decoracao,2800,38,20,38
casa_construcao,1250,45,30,15
utilidades_domesticas,6275,38,30,35
automotivo,250,23,3,18
moveis_decoracao,400,22,22,12
brinquedos,1267,37,23,26
utilidades_domesticas,750,33,11,33
instrumentos_musicais,400,19,9,13
malas_acessorios,400,60,10,45
automotivo,9250,56,11,32
utilidades_domesticas,375,28,11,15
ferramentas_jardim,900,24,41,24
cama_mesa_banho,3050,35,12,30
utilidades_domesticas,850,16,24,11
beleza_saude,115,16,12,13
construcao_ferramentas_construcao,350,44,17,13
beleza_saude,450,16,21,20
beleza_saude,1050,18,18,16
casa_construcao,600,17,20,17
perfumaria,800,18,7,11
relogios_presentes,335,17,11,16
brinquedos,700,20,31,30
brinquedos,450,28,6,16
cama_mesa_banho,1700,38,7,28
alimentos,147,16,7,12
utilidades_domesticas,1275,27,26,27
cama_mesa_banho,13550,63,30,43
market_place,1200,40,10,30
automotivo,7200,71,9,71
esporte_lazer,2050,90,8,15
beleza_saude,200,35,6,25
esporte_lazer,750,50,15,15
brinquedos,17000,47,52,32
utilidades_domesticas,250,17,6,12
malas_acessorios,5800,50,40,15
pet_shop,1200,55,2,40
automotivo,4100,60,15,25
perfumaria,250,23,18,21
eletrodomesticos,150,20,9,14
moveis_escritorio,7725,53,51,18
alimentos,200,16,7,11
beleza_saude,16200,50,35,30
bebes,550,23,33,20
informatica_acessorios,1300,18,9,16
cama_mesa_banho,1350,32,4,22
cama_mesa_banho,600,45,5,30
moveis_decoracao,550,36,36,36
bebes,15800,38,62,57
esporte_lazer,1200,26,26,15
beleza_saude,350,16,7,12
papelaria,100,16,6,13
automotivo,4300,16,79,48
ferramentas_jardim,2900,36,7,27
perfumaria,500,20,15,15
automotivo,1525,27,23,24
relogios_presentes,290,18,9,13
alimentos,1050,23,15,21
informatica_acessorios,300,30,8,16
musica,300,25,11,16
construcao_ferramentas_construcao,7400,60,20,40
cama_mesa_banho,4000,50,10,20
informatica_acessorios,615,19,10,17
utilidades_domesticas,650,16,5,13
esporte_lazer,600,16,11,16
esporte_lazer,1700,16,16,16
papelaria,200,16,10,16
informatica_acessorios,167,16,4,11
telefonia_fixa,750,16,16,16
alimentos_bebidas,875,23,17,17
cama_mesa_banho,825,28,3,29
brinquedos,600,23,9,19
fashion_calcados,1100,16,33,19
utilidades_domesticas,250,16,4,11
brinquedos,667,25,33,31
esporte_lazer,200,16,9,13
relogios_presentes,450,16,10,11
casa_construcao,800,20,25,15
malas_acessorios,1400,33,16,45
bebes,200,20,10,15
utilidades_domesticas,2575,29,28,28
esporte_lazer,650,60,10,50
cama_mesa_banho,525,37,7,31
brinquedos,1600,30,37,20
instrumentos_musicais,7600,30,30,30
perfumaria,300,16,4,11
papelaria,8550,60,20,29
relogios_presentes,500,19,19,19
cama_mesa_banho,4200,60,25,40
esporte_lazer,5700,82,16,26
climatizacao,200,20,15,15
beleza_saude,50,16,2,11
moveis_decoracao,300,20,15,15
moveis_escritorio,22900,74,68,26
esporte_lazer,2150,41,10,35
automotivo,1400,20,31,30
informatica_acessorios,200,16,7,11
beleza_saude,700,27,14,15
bebes,7767,38,34,39
relogios_presentes,450,16,17,13
dvds_blu_ray,200,16,4,11
moveis_decoracao,750,17,20,17
utilidades_domesticas,1300,30,40,30
pet_shop,6000,39,20,46
bebes,200,33,6,12
esporte_lazer,400,31,20,20
brinquedos,4600,70,10,38
papelaria,350,20,20,20
pet_shop,8350,55,13,49
cama_mesa_banho,600,24,15,18
telefonia,50,19,4,20
utilidades_domesticas,150,23,7,15
esporte_lazer,1063,26,25,20
ferramentas_jardim,100,16,2,12
beleza_saude,900,25,12,15
beleza_saude,250,21,18,18
livros_interesse_geral,450,26,6,17
cama_mesa_banho,2910,42,16,36
perfumaria,350,30,10,30
beleza_saude,433,19,14,15
livros_interesse_geral,100,19,2,19
pet_shop,6800,45,20,45
telefonia,100,20,16,12
brinquedos,4700,70,16,35
industria_comercio_e_negocios,5550,36,51,18
utilidades_domesticas,1550,25,10,20
moveis_decoracao,2400,30,10,27
pet_shop,1100,20,15,15
esporte_lazer,750,40,10,40
ferramentas_jardim,2500,27,16,32
informatica_acessorios,1350,22,10,23
eletrodomesticos,2500,32,37,22
brinquedos,1804,40,32,33
relogios_presentes,600,17,13,14
perfumaria,513,24,13,17
cama_mesa_banho,3950,70,20,70
esporte_lazer,150,20,5,15
utilidades_domesticas,1500,29,12,26
pet_shop,60,20,10,15
cama_mesa_banho,200,16,16,16
beleza_saude,400,17,17,15
construcao_ferramentas_iluminacao,1300,16,19,16
utilidades_domesticas,675,33,9,32
artes_e_artesanato,1200,20,20,16
construcao_ferramentas_construcao,50,52,5,52
utilidades_domesticas,625,30,12,25
moveis_decoracao,13300,23,59,23
cama_mesa_banho,2600,37,23,35
informatica_acessorios,150,17,11,14
cool_stuff,1050,36,24,22
utilidades_domesticas,1200,20,35,20
beleza_saude,775,23,8,27
ferramentas_jardim,30000,62,78,36
malas_acessorios,2700,19,49,34
beleza_saude,175,19,7,12
alimentos_bebidas,1200,30,21,21
perfumaria,1000,55,8,25
moveis_decoracao,250,17,37,17
esporte_lazer,9800,105,18,28
ferramentas_jardim,300,16,5,23
informatica_acessorios,225,16,6,11
eletroportateis,750,25,10,18
informatica_acessorios,600,19,15,11
automotivo,7200,64,9,64
malas_acessorios,3550,25,28,37
bebes,8150,39,20,46
cama_mesa_banho,9375,40,35,45
utilidades_domesticas,288,20,13,17
instrumentos_musicais,300,25,4,20
moveis_escritorio,10125,57,55,22
automotivo,6800,65,25,25
beleza_saude,2500,27,10,19
utilidades_domesticas,700,16,17,16
bebes,350,18,14,18
relogios_presentes,333,18,12,17
fashion_bolsas_e_acessorios,1900,45,15,45
bebes,2250,42,25,15
utilidades_domesticas,15000,35,30,25
malas_acessorios,4000,38,52,22
beleza_saude,975,19,18,23
informatica_acessorios,50,16,5,11
automotivo,3800,53,43,11
automotivo,6500,38,20,38
artes,200,22,25,11
utilidades_domesticas,300,20,28,11
utilidades_domesticas,350,24,29,16
esporte_lazer,319,18,12,15
cama_mesa_banho,400,40,5,30
construcao_ferramentas_construcao,700,46,7,24
moveis_decoracao,800,28,8,18
perfumaria,135,17,4,12
relogios_presentes,250,28,10,18
beleza_saude,250,24,6,23
beleza_saude,5700,34,29,34
moveis_decoracao,950,30,6,32
relogios_presentes,950,40,20,12
esporte_lazer,1950,20,40,30
cama_mesa_banho,1000,35,7,24
cama_mesa_banho,5900,44,14,34
esporte_lazer,1400,31,32,31
papelaria,150,20,6,11
utilidades_domesticas,2900,53,15,13
cama_mesa_banho,413,54,4,39
bebes,350,20,5,11
cool_stuff,1783,35,7,35
eletroportateis,4550,23,54,25
moveis_decoracao,1500,20,40,20
automotivo,2500,30,20,30
moveis_escritorio,15475,81,7,83
eletronicos,18400,60,13,60
esporte_lazer,1250,26,20,15
esporte_lazer,600,50,10,30
telefonia,900,23,7,16
beleza_saude,513,18,14,14
cama_mesa_banho,5050,45,15,35
esporte_lazer,300,24,20,21
audio,483,18,12,13
utilidades_domesticas,7300,53,33,33
esporte_lazer,400,16,4,16
perfumaria,400,23,2,11
brinquedos,7400,59,23,25
utilidades_domesticas,6550,32,20,21
utilidades_domesticas,2200,26,20,26
relogios_presentes,4100,19,10,15
cool_stuff,1250,31,16,23
cama_mesa_banho,350,43,12,16
papelaria,150,18,2,11
fashion_bolsas_e_acessorios,3300,30,60,40
audio,200,16,2,11
beleza_saude,663,28,19,15
beleza_saude,650,16,15,13
ferramentas_jardim,1650,31,9,19
construcao_ferramentas_iluminacao,13450,95,30,20
moveis_decoracao,1300,38,15,23
pet_shop,450,27,9,26
utilidades_domesticas,500,37,3,11
beleza_saude,1100,25,12,19
esporte_lazer,200,19,5,13
informatica_acessorios,300,22,9,22
informatica_acessorios,150,18,9,16
bebes,1100,16,36,34
cama_mesa_banho,1600,32,5,29
moveis_decoracao,1000,54,18,16
ferramentas_jardim,300,18,6,20
cama_mesa_banho,1200,45,20,38
relogios_presentes,750,19,16,17
utilidades_domesticas,350,20,45,20
automotivo,1375,32,30,28
cool_stuff,650,28,9,14
climatizacao,9150,105,10,40
relogios_presentes,404,22,14,17
bebes,250,23,11,17
bebes,5300,40,10,40
moveis_decoracao,10700,100,55,16
esporte_lazer,400,21,19,19
eletronicos,125,20,13,18
brinquedos,353,40,10,28
moveis_decoracao,24100,47,11,25
eletronicos,167,21,9,14
beleza_saude,400,20,15,16
papelaria,100,20,20,20
livros_interesse_geral,1350,36,26,16
ferramentas_jardim,2100,25,32,26
informatica_acessorios,150,16,16,20
beleza_saude,180,18,9,16
papelaria,7750,28,55,37
beleza_saude,250,16,10,16
informatica_acessorios,600,32,14,12
automotivo,480,18,8,14
moveis_escritorio,16100,58,28,58
utilidades_domesticas,350,30,30,30
esporte_lazer,2100,80,8,15
cool_stuff,1300,20,20,40
instrumentos_musicais,500,16,8,12
telefonia,550,25,20,20
cama_mesa_banho,1300,33,9,38
relogios_presentes,475,23,20,20
bebes,10600,32,44,70
brinquedos,700,16,21,28
malas_acessorios,450,25,40,11
esporte_lazer,17100,32,32,32
esporte_lazer,250,16,4,11
telefonia,225,17,6,13
cama_mesa_banho,1400,16,10,16
automotivo,279,15,10,17
perfumaria,600,19,9,14
perfumaria,150,17,13,12
moveis_decoracao,3600,26,24,50
cama_mesa_banho,663,31,6,31
utilidades_domesticas,10100,31,61,31
construcao_ferramentas_iluminacao,2700,20,16,37
esporte_lazer,925,52,21,33
automotivo,7575,56,11,32
pet_shop,520,16,11,11
cama_mesa_banho,14600,50,30,40
audio,400,21,7,11
instrumentos_musicais,11900,105,15,45
utilidades_domesticas,1050,25,10,36
relogios_presentes,625,16,11,11
beleza_saude,500,30,17,30
alimentos,75,18,13,16
utilidades_domesticas,800,26,15,16
bebes,1500,42,22,37
automotivo,250,18,9,14
esporte_lazer,1000,30,20,20
moveis_decoracao,5400,85,10,40
automotivo,850,16,21,18
automotivo,210,21,17,23
eletrodomesticos,700,38,35,38
beleza_saude,537,24,14,18
moveis_escritorio,15900,58,28,58
fashion_bolsas_e_acessorios,400,16,12,16
brinquedos,6617,46,33,35
brinquedos,150,30,21,23
ferramentas_jardim,20650,33,20,100
utilidades_domesticas,700,60,10,13
informatica_acessorios,567,27,14,12
utilidades_domesticas,880,16,25,23
instrumentos_musicais,125,17,3,12
moveis_sala,30000,48,52,75
moveis_decoracao,5650,46,9,36
moveis_decoracao,661,26,20,30
esporte_lazer,1300,42,18,18
audio,350,16,16,11
informatica_acessorios,817,16,10,15
relogios_presentes,550,16,12,11
esporte_lazer,300,21,26,21
artigos_de_natal,3000,40,35,40
pet_shop,1150,30,30,30
cool_stuff,4315,55,13,34
automotivo,50,16,2,11
pet_shop,9075,66,11,48
cama_mesa_banho,350,36,4,25
alimentos,150,17,13,13
agro_industria_e_comercio,6650,46,76,46
telefonia,189,17,15,15
cama_mesa_banho,10550,45,35,40
brinquedos,6000,65,25,35
esporte_lazer,400,23,11,15
cama_mesa_banho,1200,50,16,44
cama_mesa_banho,4500,26,26,36
eletrodomesticos,3550,55,19,46
relogios_presentes,430,21,14,16
ferramentas_jardim,1300,30,30,30
utilidades_domesticas,2000,25,5,25
cama_mesa_banho,1000,45,15,35
construcao_ferramentas_construcao,8250,48,14,47
cama_mesa_banho,3600,35,6,25
esporte_lazer,166,17,10,13
pet_shop,14150,45,20,35
esporte_lazer,3800,31,33,32
eletrodomesticos,300,27,15,17
cama_mesa_banho,1050,20,30,30
automotivo,7600,45,14,18
cama_mesa_banho,1352,37,9,30
cama_mesa_banho,6700,20,30,30
esporte_lazer,3200,30,42,20
moveis_decoracao,1200,55,20,25
esporte_lazer,3600,36,23,21
cool_stuff,7750,34,33,33
bebes,900,40,20,35
utilidades_domesticas,5950,50,29,29
cama_mesa_banho,950,32,5,30
cool_stuff,1400,45,30,20
esporte_lazer,600,35,8,25
beleza_saude,717,31,15,22
ferramentas_jardim,400,40,10,20
fashion_roupa_masculina,450,16,16,16
consoles_games,100,18,16,16
beleza_saude,633,32,17,16
pet_shop,650,45,10,25
utilidades_domesticas,2000,16,16,16
cama_mesa_banho,10800,54,27,36
beleza_saude,400,16,20,15
ferramentas_jardim,2475,38,38,18
bebidas,850,22,17,17
cama_mesa_banho,8800,35,19,44
bebidas,2200,16,32,11
brinquedos,600,20,25,25
cama_mesa_banho,900,30,10,20
sinalizacao_e_seguranca,1550,26,27,21
cool_stuff,1520,31,16,14
utilidades_domesticas,30000,60,46,43
construcao_ferramentas_construcao,950,16,16,11
perfumaria,150,16,16,16
cama_mesa_banho,1600,38,7,28
fashion_bolsas_e_acessorios,375,17,4,13
bebes,13575,73,83,40
pet_shop,1600,40,17,40
beleza_saude,1082,19,16,17
musica,250,24,12,20
esporte_lazer,570,33,21,32
automotivo,100,20,15,15
eletronicos,225,18,10,14
consoles_games,700,17,7,17
utilidades_domesticas,550,16,8,11
esporte_lazer,4375,42,26,33
automotivo,1100,40,30,11
construcao_ferramentas_iluminacao,3200,18,23,25
cama_mesa_banho,900,36,6,26
esporte_lazer,1150,26,25,23
perfumaria,567,20,13,16
cama_mesa_banho,750,32,9,24
construcao_ferramentas_jardim,5050,40,16,50
utilidades_domesticas,500,26,22,21
brinquedos,950,105,10,11
eletroportateis,500,16,35,25
esporte_lazer,300,20,6,13
cama_mesa_banho,1000,53,3,53
beleza_saude,1000,16,27,25
cama_mesa_banho,1600,30,5,30
malas_acessorios,800,47,10,32
brinquedos,600,30,27,18
utilidades_domesticas,4650,52,20,38
moveis_cozinha_area_de_servico_jantar_e_jardim,30000,46,90,46
brinquedos,150,28,13,22
moveis_decoracao,2250,48,12,40
automotivo,306,28,15,15
utilidades_domesticas,4100,31,31,29
esporte_lazer,850,51,18,11
brinquedos,11200,70,30,30
bebes,200,16,22,16
instrumentos_musicais,1450,20,15,90
utilidades_domesticas,9750,30,48,27
bebes,167,21,15,15
utilidades_domesticas,700,28,20,28
moveis_escritorio,8250,53,74,18
beleza_saude,775,16,27,24
telefonia,150,17,10,13
utilidades_domesticas,1000,70,10,15
construcao_ferramentas_construcao,2300,16,19,24
brinquedos,6200,54,28,20
moveis_decoracao,1200,25,25,20
livros_tecnicos,1800,29,3,21
beleza_saude,3300,30,10,17
informatica_acessorios,393,28,13,23
informatica_acessorios,117,21,12,13
esporte_lazer,200,25,20,20
automotivo,800,42,12,42
perfumaria,300,16,10,20
esporte_lazer,1350,16,5,16
esporte_lazer,3000,85,15,23
moveis_decoracao,1100,45,8,35
moveis_escritorio,11000,58,20,58
informatica_acessorios,400,16,5,11
beleza_saude,500,16,18,16
utilidades_domesticas,900,43,4,15
bebes,8350,44,32,35
informatica_acessorios,76,16,6,11
informatica_acessorios,100,20,15,15
relogios_presentes,450,16,12,12
beleza_saude,950,16,16,16
informatica_acessorios,600,32,16,24
bebes,550,17,6,12
market_place,125,10,9,11
automotivo,3400,62,9,62
fashion_bolsas_e_acessorios,150,19,8,14
esporte_lazer,1300,29,13,19
utilidades_domesticas,1500,40,30,30
esporte_lazer,283,18,16,16
pet_shop,850,50,5,50
automotivo,5700,97,3,47
relogios_presentes,320,17,10,12
telefonia,369,15,13,13
eletroportateis,1750,20,16,20
beleza_saude,300,16,12,12
informatica_acessorios,3950,20,12,20
utilidades_domesticas,1053,43,35,26
cama_mesa_banho,16100,50,30,45
fashion_bolsas_e_acessorios,500,20,8,20
casa_construcao,9350,20,20,20
informatica_acessorios,1100,30,30,20
cama_mesa_banho,1050,45,11,11
esporte_lazer,969,24,22,17
agro_industria_e_comercio,233,16,5,13
relogios_presentes,350,20,11,17
esporte_lazer,2000,66,15,28
automotivo,600,20,10,20
utilidades_domesticas,250,18,11,13
cama_mesa_banho,970,37,10,30
utilidades_domesticas,1720,30,19,13
brinquedos,900,50,40,35
bebes,1850,36,31,19
bebes,5600,25,37,36
brinquedos,600,25,25,20
cama_mesa_banho,1000,35,8,35
relogios_presentes,750,16,6,11
esporte_lazer,1250,23,21,21
cool_stuff,600,16,9,11
cama_mesa_banho,3400,47,21,41
cama_mesa_banho,700,38,8,33
automotivo,6875,64,5,39
utilidades_domesticas,150,17,19,14
cool_stuff,5250,19,37,20
brinquedos,16100,56,76,27
utilidades_domesticas,19050,43,79,41
relogios_presentes,717,18,11,13
informatica_acessorios,1550,42,17,17
beleza_saude,12950,41,64,37
brinquedos,1100,24,42,11
informatica_acessorios,250,17,35,32
eletronicos,100,22,6,16
esporte_lazer,250,23,23,23
informatica_acessorios,50,13,9,11
perfumaria,700,16,16,16
esporte_lazer,400,27,10,28
esporte_lazer,475,33,17,33
eletroportateis,16200,28,35,50
esporte_lazer,150,16,4,11
brinquedos,283,19,12,14
esporte_lazer,975,29,23,16
ferramentas_jardim,207,17,8,12
fashion_bolsas_e_acessorios,300,18,11,14
perfumaria,300,26,12,18
esporte_lazer,500,50,12,18
cama_mesa_banho,1300,38,7,31
informatica_acessorios,321,19,14,13
beleza_saude,2300,36,18,27
beleza_saude,100,18,16,16
informatica_acessorios,1075,25,10,25
relogios_presentes,575,16,14,14
casa_construcao,450,30,6,19
audio,300,20,16,16
cool_stuff,400,26,11,12
informatica_acessorios,633,26,13,12
bebes,984,49,28,18
livros_interesse_geral,250,16,22,15
informatica_acessorios,899,20,16,15
relogios_presentes,450,17,11,12
esporte_lazer,2700,31,33,31
moveis_decoracao,9300,25,64,25
pet_shop,650,31,19,22
beleza_saude,125,25,14,18
eletronicos,249,20,14,16
moveis_decoracao,400,16,14,16
industria_comercio_e_negocios,350,19,12,14
ferramentas_jardim,1550,27,16,34
esporte_lazer,510,16,15,17
relogios_presentes,425,24,5,22
moveis_sala,10850,73,34,22
esporte_lazer,400,16,11,12
cama_mesa_banho,5550,45,15,35
utilidades_domesticas,12800,63,37,29
moveis_colchao_e_estofado,2500,41,21,21
cama_mesa_banho,1700,33,12,33
cama_mesa_banho,833,29,2,28
automotivo,3550,21,16,16
cama_mesa_banho,2000,37,15,26
esporte_lazer,1979,27,25,26
pet_shop,2300,40,12,45
construcao_ferramentas_jardim,13100,68,25,44
utilidades_domesticas,350,34,12,16
brinquedos,500,30,30,30
casa_conforto_2,700,65,18,28
informatica_acessorios,200,16,2,13
automotivo,7600,56,15,15
brinquedos,1740,34,41,33
pet_shop,275,8,13,8
eletronicos,6200,48,9,21
relogios_presentes,550,20,20,20
informatica_acessorios,138,16,13,14
cama_mesa_banho,3733,37,16,19
bebes,3000,69,11,11
instrumentos_musicais,733,19,17,18
malas_acessorios,875,16,46,38
papelaria,550,29,13,12
beleza_saude,534,27,24,23
bebes,1550,42,25,15
moveis_decoracao,14000,45,45,50
brinquedos,500,30,5,33
alimentos_bebidas,725,22,18,30
utilidades_domesticas,150,25,20,35
eletrodomesticos,1450,50,2,37
cama_mesa_banho,1550,48,8,39
relogios_presentes,400,16,10,17
esporte_lazer,1200,16,16,16
brinquedos,1000,20,31,30
beleza_saude,250,20,10,12
beleza_saude,350,19,10,15
cama_mesa_banho,550,51,4,41
sinalizacao_e_seguranca,1200,33,13,20
ferramentas_jardim,100,17,7,12
cool_stuff,1000,27,22,39
cool_stuff,1650,42,25,15
moveis_decoracao,1000,40,10,30
utilidades_domesticas,600,16,14,14
brinquedos,1410,31,39,36
relogios_presentes,477,16,11,13
moveis_decoracao,500,16,34,34
moveis_decoracao,1700,50,2,40
esporte_lazer,217,26,11,26
papelaria,1400,60,20,29
automotivo,250,16,7,11
construcao_ferramentas_seguranca,300,16,10,11
automotivo,600,18,9,13
papelaria,600,33,13,25
construcao_ferramentas_construcao,13300,48,23,48
industria_comercio_e_negocios,4850,40,25,30
moveis_decoracao,2200,45,35,45
pet_shop,1200,41,16,27
fashion_roupa_masculina,400,30,5,30
perfumaria,318,27,27,26
informatica_acessorios,100,36,9,11
esporte_lazer,902,19,21,16
brinquedos,400,25,25,25
beleza_saude,1233,27,21,15
utilidades_domesticas,3100,40,40,40
relogios_presentes,350,16,12,20
cama_mesa_banho,1750,30,20,25
brinquedos,707,20,17,15
automotivo,500,16,10,16
papelaria,1000,40,35,28
cama_mesa_banho,3200,20,30,30
informatica_acessorios,250,39,9,11
informatica_acessorios,5825,48,37,25
ferramentas_jardim,8950,32,10,32
fashion_calcados,950,20,9,21
beleza_saude,650,26,17,21
esporte_lazer,500,16,15,15
cama_mesa_banho,5288,51,27,51
utilidades_domesticas,23600,40,65,40
malas_acessorios,4403,36,60,26
utilidades_domesticas,800,20,35,25
automotivo,4750,61,21,21
informatica_acessorios,225,23,8,13
relogios_presentes,725,17,14,15
eletrodomesticos,120,18,8,13
esporte_lazer,18500,22,26,15
brinquedos,700,20,35,20
casa_construcao,13050,35,79,35
eletroportateis,800,30,21,30
papelaria,700,45,16,30
bebes,200,25,8,18
bebes,700,46,7,28
relogios_presentes,575,37,9,11
brinquedos,1200,47,7,26
relogios_presentes,299,19,15,17
automotivo,100,24,2,12
papelaria,3450,27,29,27
utilidades_domesticas,16800,30,60,50
pet_shop,160,20,10,14
beleza_saude,2500,32,14,22
cama_mesa_banho,1938,48,11,41
automotivo,255,16,12,14
informatica_acessorios,163,17,13,12
construcao_ferramentas_construcao,3350,16,7,18
ferramentas_jardim,2400,40,20,20
audio,900,40,8,30
beleza_saude,4800,33,22,22
esporte_lazer,1500,22,30,22
cama_mesa_banho,2300,40,13,30
informatica_acessorios,814,32,16,15
beleza_saude,2500,19,19,33
cama_mesa_banho,13000,56,36,37
beleza_saude,1100,16,19,14
moveis_decoracao,2150,35,25,35
cama_mesa_banho,1225,35,15,38
moveis_decoracao,950,40,12,12
moveis_decoracao,1850,45,5,45
esporte_lazer,1900,30,36,30
industria_comercio_e_negocios,850,60,30,30
utilidades_domesticas,750,21,7,11
ferramentas_jardim,100,16,17,19
agro_industria_e_comercio,3000,30,30,20
cama_mesa_banho,800,35,7,28
perfumaria,600,16,16,11
agro_industria_e_comercio,10317,52,33,43
cool_stuff,10450,49,21,49
beleza_saude,750,28,4,18
esporte_lazer,425,17,10,15
esporte_lazer,900,20,20,20
beleza_saude,1800,16,11,15
cama_mesa_banho,550,45,15,35
moveis_decoracao,800,30,16,26
esporte_lazer,2000,50,17,30
eletronicos,150,22,13,15
beleza_saude,200,16,17,20
utilidades_domesticas,12800,58,22,54
esporte_lazer,2886,45,17,56
construcao_ferramentas_construcao,703,22,22,16
pcs,2600,16,31,39
cama_mesa_banho,1500,40,15,35
cama_mesa_banho,1000,20,35,20
utilidades_domesticas,700,25,5,19
perfumaria,600,21,11,16
casa_conforto,2375,30,60,43
fashion_bolsas_e_acessorios,100,16,7,12
portateis_casa_forno_e_cafe,1000,18,24,22
cama_mesa_banho,4025,46,12,43
automotivo,7225,61,13,61
automotivo,3050,25,25,25
brinquedos,12650,17,42,26
bebes,290,21,13,18
beleza_saude,400,19,7,12
informatica_acessorios,250,16,3,16
cama_mesa_banho,2300,40,15,27
beleza_saude,900,16,16,15
automotivo,256,23,16,18
esporte_lazer,4400,42,26,33
beleza_saude,400,21,16,18
papelaria,1000,35,45,16
relogios_presentes,275,17,8,12
fashion_bolsas_e_acessorios,100,19,25,12
brinquedos,2100,47,37,15
bebes,900,40,13,23
eletronicos,2350,26,26,16
informatica_acessorios,850,34,14,15
construcao_ferramentas_construcao,18200,54,20,40
pcs,2800,16,31,39
automotivo,950,33,27,26
automotivo,1100,26,34,42
esporte_lazer,800,22,26,16
beleza_saude,10200,48,48,18
cama_mesa_banho,650,35,5,30
utilidades_domesticas,6183,30,27,23
beleza_saude,750,30,12,16
informatica_acessorios,525,18,15,17
bebes,2400,35,10,30
livros_tecnicos,2100,31,4,24
bebes,800,37,24,30
beleza_saude,1200,24,11,15
utilidades_domesticas,14300,38,34,34
informatica_acessorios,600,41,6,21
cama_mesa_banho,13483,48,29,40
brinquedos,600,42,7,42
brinquedos,652,27,31,22
flores,1800,16,16,16
construcao_ferramentas_construcao,2850,21,8,21
brinquedos,237,16,16,16
esporte_lazer,300,16,6,12
moveis_decoracao,800,16,23,16
malas_acessorios,1150,40,30,20
esporte_lazer,300,18,18,16
moveis_quarto,14000,93,63,11
pet_shop,250,20,20,20
consoles_games,150,16,5,11
eletroportateis,1625,17,39,18
market_place,5500,21,40,35
market_place,4600,50,20,20
eletroportateis,13300,70,40,40
beleza_saude,700,41,9,11
beleza_saude,2450,19,28,17
beleza_saude,2483,27,21,22
esporte_lazer,1100,26,26,26
moveis_escritorio,14850,33,38,39
cool_stuff,150,16,16,16
artigos_de_natal,1800,40,35,40
cama_mesa_banho,1150,20,30,30
moveis_escritorio,22700,62,16,49
cama_mesa_banho,4400,43,15,39
relogios_presentes,3711,17,12,15
instrumentos_musicais,9550,66,20,45
cama_mesa_banho,900,46,14,40
cama_mesa_banho,1700,46,3,34
papelaria,6700,60,10,15
moveis_decoracao,2500,40,7,30
esporte_lazer,1250,20,35,26
livros_interesse_geral,200,20,10,30
moveis_decoracao,350,80,10,60
utilidades_domesticas,13100,80,20,33
eletronicos,217,16,8,13
eletroportateis,10350,30,42,52
moveis_decoracao,9050,95,45,20
automotivo,650,32,10,32
malas_acessorios,150,40,10,30
beleza_saude,1617,24,27,19
cama_mesa_banho,1400,52,15,37
brinquedos,250,16,7,11
perfumaria,250,16,10,11
automotivo,1910,23,19,24
construcao_ferramentas_iluminacao,650,36,18,25
telefonia,145,19,5,11
construcao_ferramentas_seguranca,1350,29,18,28
beleza_saude,917,28,16,20
consoles_games,460,19,19,17
brinquedos,1550,64,18,33
beleza_saude,155,17,11,15
utilidades_domesticas,950,21,28,21
livros_interesse_geral,400,27,3,19
esporte_lazer,8850,104,6,58
automotivo,4900,69,19,41
eletrodomesticos,100,16,11,11
esporte_lazer,1175,31,22,19
relogios_presentes,275,18,11,13
relogios_presentes,225,16,11,11
consoles_games,200,20,11,16
malas_acessorios,5750,17,48,42
cama_mesa_banho,950,30,20,26
cama_mesa_banho,214,22,3,20
cool_stuff,2400,42,25,15
beleza_saude,500,19,16,16
fashion_bolsas_e_acessorios,200,24,9,15
utilidades_domesticas,1200,18,27,18
eletronicos,300,17,12,17
bebes,4117,60,15,49
moveis_decoracao,300,45,10,20
beleza_saude,1300,18,18,16
utilidades_domesticas,600,23,10,14
construcao_ferramentas_iluminacao,700,16,16,30
artigos_de_natal,7950,46,7,46
moveis_decoracao,500,21,8,15
esporte_lazer,583,20,17,18
fashion_bolsas_e_acessorios,90,16,12,11
eletroportateis,7600,35,35,40
perfumaria,195,35,10,13
beleza_saude,3500,36,25,21
beleza_saude,2500,16,32,17
moveis_decoracao,5900,41,21,41
utilidades_domesticas,200,25,16,19
bebes,14450,61,33,43
consoles_games,900,30,30,40
automotivo,450,16,4,11
malas_acessorios,1600,34,48,17
bebes,11767,102,48,12
esporte_lazer,1600,29,30,29
cama_mesa_banho,1600,26,21,23
papelaria,3150,53,4,43
ferramentas_jardim,30000,42,102,42
alimentos_bebidas,1150,24,8,23
utilidades_domesticas,1800,30,50,30
brinquedos,250,20,5,30
bebes,2200,33,8,51
perfumaria,579,21,13,17
ferramentas_jardim,15500,33,20,80
utilidades_domesticas,400,16,16,16
fashion_roupa_feminina,1700,25,10,17
esporte_lazer,1900,105,15,15
cama_mesa_banho,1100,20,30,30
automotivo,11800,48,22,48
cama_mesa_banho,900,30,4,40
cama_mesa_banho,6050,40,32,40
moveis_cozinha_area_de_servico_jantar_e_jardim,16600,27,46,27
cama_mesa_banho,1100,36,8,16
cool_stuff,767,29,11,23
cama_mesa_banho,1400,44,22,31
brinquedos,1500,20,20,20
cama_mesa_banho,2150,43,13,33
informatica_acessorios,300,18,9,13
informatica_acessorios,117,24,14,11
eletrodomesticos_2,11375,55,19,33
informatica_acessorios,350,16,10,11
beleza_saude,600,16,17,17
informatica_acessorios,800,20,12,20
alimentos_bebidas,600,25,16,16
moveis_decoracao,1000,55,40,11
esporte_lazer,2600,28,28,20
beleza_saude,606,23,15,20
esporte_lazer,3450,40,100,20
moveis_decoracao,17350,45,30,45
beleza_saude,1433,21,17,16
informatica_acessorios,1700,35,14,24
cool_stuff,1300,40,30,30
cama_mesa_banho,3050,39,13,46
construcao_ferramentas_construcao,725,18,35,16
cama_mesa_banho,1800,26,26,26
moveis_decoracao,30000,88,45,41
informatica_acessorios,1600,23,17,27
agro_industria_e_comercio,3275,35,37,19
utilidades_domesticas,1050,16,20,30
informatica_acessorios,3300,32,23,23
esporte_lazer,600,23,48,23
brinquedos,400,16,20,16
automotivo,550,40,7,15
brinquedos,450,27,5,25
cama_mesa_banho,1675,25,20,23
esporte_lazer,4100,30,30,20
beleza_saude,363,16,4,11
papelaria,300,28,16,28
cama_mesa_banho,500,16,20,16
beleza_saude,200,17,14,12
automotivo,640,16,11,14
relogios_presentes,500,18,9,15
utilidades_domesticas,600,16,25,16
telefonia,400,20,18,18
artigos_de_natal,300,16,15,11
pet_shop,19150,28,90,42
brinquedos,12300,98,15,50
informatica_acessorios,500,30,8,30
papelaria,817,33,22,39
moveis_decoracao,4450,34,6,28
telefonia,110,23,6,15
cama_mesa_banho,4050,36,16,26
eletronicos,100,16,6,16
papelaria,345,41,3,33
papelaria,1750,59,21,30
esporte_lazer,800,28,16,20
esporte_lazer,1800,22,12,12
utilidades_domesticas,313,21,16,12
cool_stuff,1800,34,5,34
eletroportateis,4683,30,40,31
esporte_lazer,3250,25,8,25
esporte_lazer,2850,40,35,15
eletronicos,10550,30,105,20
eletronicos,250,20,10,16
bebes,6050,45,25,45
instrumentos_musicais,800,45,5,38
esporte_lazer,660,21,16,16
moveis_escritorio,17000,63,58,24
cool_stuff,400,20,10,20
cool_stuff,1100,36,24,16
moveis_decoracao,850,30,35,30
instrumentos_musicais,200,16,16,11
esporte_lazer,2975,35,22,17
instrumentos_musicais,2525,29,9,30
ferramentas_jardim,800,16,18,20
beleza_saude,775,28,12,14
informatica_acessorios,867,30,17,21
utilidades_domesticas,500,19,2,11
moveis_decoracao,14950,40,65,40
eletrodomesticos_2,18250,45,95,25
beleza_saude,253,34,4,15
bebes,340,19,22,17
moveis_decoracao,5200,45,13,28
cama_mesa_banho,2300,50,35,40
automotivo,750,16,21,16
utilidades_domesticas,350,25,15,25
brinquedos,325,21,8,17
esporte_lazer,900,40,16,30
esporte_lazer,800,25,23,25
esporte_lazer,4300,26,11,11
bebes,7500,20,30,82
moveis_decoracao,300,16,5,11
moveis_decoracao,300,35,27,11
pet_shop,250,16,20,11
cool_stuff,1050,27,22,39
pcs,2750,16,31,39
esporte_lazer,200,16,20,11
moveis_decoracao,7000,45,18,35
informatica_acessorios,250,16,16,16
cama_mesa_banho,1250,20,20,32
beleza_saude,950,16,2,11
utilidades_domesticas,3700,43,13,33
consoles_games,300,19,3,30
brinquedos,12250,35,65,36
livros_interesse_geral,2500,17,25,12
construcao_ferramentas_construcao,10900,39,12,42
fashion_bolsas_e_acessorios,183,20,10,13
alimentos,600,16,8,15
informatica_acessorios,100,18,13,15
utilidades_domesticas,2400,25,25,30
construcao_ferramentas_construcao,150,16,6,12
automotivo,1850,33,27,26
livros_interesse_geral,450,23,2,16
ferramentas_jardim,700,16,10,12
pet_shop,30000,60,30,50
eletrodomesticos,1400,55,8,38
cool_stuff,7150,79,5,63
relogios_presentes,200,17,12,14
malas_acessorios,2965,41,27,34
utilidades_domesticas,400,18,2,18
esporte_lazer,1147,25,21,19
industria_comercio_e_negocios,27000,105,18,35
esporte_lazer,950,26,10,15
beleza_saude,250,25,26,11
artigos_de_natal,4500,50,8,45
relogios_presentes,120,16,13,13
esporte_lazer,200,25,9,27
automotivo,2550,68,9,35
cool_stuff,12667,39,38,35
cool_stuff,1333,24,23,25
utilidades_domesticas,1500,16,30,12
brinquedos,4450,68,14,48
brinquedos,683,31,25,24
informatica_acessorios,500,19,5,12
telefonia,480,18,17,19
bebes,20700,60,43,48
cama_mesa_banho,650,28,7,24
moveis_decoracao,300,20,20,20
eletroportateis,3100,35,35,16
brinquedos,600,25,13,20
ferramentas_jardim,12200,33,7,33
brinquedos,6794,38,24,50
portateis_cozinha_e_preparadores_de_alimentos,650,22,6,14
perfumaria,700,30,30,30
eletroportateis,1350,52,25,29
automotivo,5900,73,14,38
beleza_saude,550,16,10,16
cool_stuff,400,30,30,15
pet_shop,50,20,11,16
telefonia,500,21,6,13
beleza_saude,1025,21,10,16
pet_shop,150,40,15,40
automotivo,2313,45,11,32
utilidades_domesticas,1750,28,20,28
beleza_saude,50,16,16,11
beleza_saude,475,18,16,14
beleza_saude,350,17,12,13
esporte_lazer,200,24,5,21
relogios_presentes,300,18,9,14
utilidades_domesticas,75,36,4,23
pet_shop,500,71,2,13
automotivo,4850,47,19,23
esporte_lazer,550,25,15,20
informatica_acessorios,350,16,10,12
utilidades_domesticas,750,54,8,23
fashion_bolsas_e_acessorios,900,30,10,30
esporte_lazer,225,17,11,13
moveis_decoracao,27800,41,43,91
moveis_decoracao,900,40,20,40
casa_construcao,200,20,8,16
automotivo,5025,64,5,39
esporte_lazer,450,16,10,12
relogios_presentes,550,25,25,25
beleza_saude,500,30,10,17
utilidades_domesticas,2425,26,26,21
utilidades_domesticas,10100,19,48,27
esporte_lazer,1000,16,12,12
informatica_acessorios,3600,23,9,30
beleza_saude,2963,25,19,21
telefonia_fixa,150,17,3,12
alimentos_bebidas,2750,21,22,12
cama_mesa_banho,5900,50,10,30
ferramentas_jardim,5700,50,25,25
informatica_acessorios,150,17,7,12
eletrodomesticos,150,30,10,15
utilidades_domesticas,2100,25,60,25
pet_shop,600,26,7,24
cool_stuff,975,37,31,17
alimentos_bebidas,600,33,21,27
utilidades_domesticas,2500,33,31,23
esporte_lazer,3300,46,35,35
automotivo,2950,30,10,60
eletroportateis,2800,26,25,35
utilidades_domesticas,13250,43,67,27
beleza_saude,3330,21,21,18
moveis_sala,3525,30,11,30
bebes,2050,42,25,15
livros_interesse_geral,1550,17,18,18
esporte_lazer,1223,32,25,23
utilidades_domesticas,550,16,5,12
automotivo,6250,55,35,30
cama_mesa_banho,1150,30,20,20
cama_mesa_banho,1050,23,93,118
eletrodomesticos,350,16,20,11
utilidades_domesticas,14550,43,62,41
papelaria,700,21,8,17
esporte_lazer,1300,30,10,25
esporte_lazer,1150,26,23,21
cama_mesa_banho,800,28,3,29
cool_stuff,575,30,11,17
construcao_ferramentas_construcao,200,42,12,12
livros_tecnicos,1850,30,5,20
moveis_decoracao,5400,70,4,55
utilidades_domesticas,2500,48,10,35
cama_mesa_banho,550,20,20,16
fashion_bolsas_e_acessorios,450,24,10,12
automotivo,4575,41,10,21
ferramentas_jardim,400,20,5,21
perfumaria,350,20,15,20
bebes,6950,50,25,55
esporte_lazer,183,17,19,18
moveis_decoracao,800,18,12,18
brinquedos,22983,62,55,62
cama_mesa_banho,600,26,2,20
perfumaria,532,20,15,16
cool_stuff,2768,26,29,13
informatica_acessorios,1550,25,15,25
bebes,400,20,20,20
utilidades_domesticas,2700,24,39,29
beleza_saude,1500,20,12,21
telefonia,100,16,10,11
agro_industria_e_comercio,1500,22,16,24
moveis_decoracao,1830,69,11,11
utilidades_domesticas,800,16,25,11
pet_shop,350,26,8,15
artigos_de_natal,400,16,9,11
informatica_acessorios,50,30,30,20
beleza_saude,1075,17,13,15
moveis_escritorio,2150,16,26,26
esporte_lazer,410,24,26,17
moveis_decoracao,400,18,19,14
moveis_decoracao,300,70,11,11
moveis_sala,12375,56,70,18
brinquedos,500,25,55,25
ferramentas_jardim,1550,29,7,21
automotivo,1650,41,19,41
brinquedos,350,26,6,15
utilidades_domesticas,500,32,9,15
malas_acessorios,1100,40,10,30
utilidades_domesticas,1500,45,45,45
moveis_decoracao,700,40,15,40
utilidades_domesticas,7700,54,32,45
beleza_saude,700,18,18,18
automotivo,123,18,13,17
relogios_presentes,450,23,23,20
relogios_presentes,340,18,9,13
telefonia_fixa,100,16,5,13
automotivo,2600,25,15,20
esporte_lazer,1996,86,17,18
brinquedos,247,18,12,14
utilidades_domesticas,2000,43,30,32
perfumaria,470,22,12,15
relogios_presentes,396,18,11,14
eletrodomesticos,950,16,45,35
automotivo,767,15,5,10
esporte_lazer,1846,49,37,28
informatica_acessorios,1000,24,25,21
relogios_presentes,367,18,8,12
beleza_saude,1200,19,15,23
eletronicos,125,17,9,12
cama_mesa_banho,3650,49,18,41
ferramentas_jardim,500,35,5,20
automotivo,1075,39,6,26
moveis_decoracao,3450,43,18,22
moveis_escritorio,9750,59,45,43
consoles_games,200,17,3,14
livros_interesse_geral,400,24,3,16
beleza_saude,2225,18,18,18
consoles_games,300,30,20,20
relogios_presentes,467,19,13,20
pet_shop,450,18,25,18
esporte_lazer,3450,57,20,30
automotivo,6100,30,25,25
moveis_decoracao,3500,45,12,40
cama_mesa_banho,650,27,10,23
dvds_blu_ray,800,26,15,20
ferramentas_jardim,5500,48,30,30
informatica_acessorios,300,39,9,20
moveis_decoracao,450,16,2,11
beleza_saude,550,30,30,30
beleza_saude,383,17,13,15
bebes,600,23,33,11
cama_mesa_banho,5450,45,22,33
cool_stuff,2100,30,30,30
papelaria,300,25,10,19
relogios_presentes,343,19,22,20
automotivo,200,31,4,21
market_place,7500,24,38,23
cool_stuff,4100,89,4,42
esporte_lazer,4700,85,30,20
esporte_lazer,600,30,5,15
fashion_bolsas_e_acessorios,800,30,20,25
informatica_acessorios,613,20,15,18
eletronicos,700,16,7,12
ferramentas_jardim,1000,35,20,20
alimentos,238,17,12,15
cama_mesa_banho,1400,38,11,30
utilidades_domesticas,1250,22,36,22
eletrodomesticos,12900,25,25,25
moveis_decoracao,7250,62,6,62
telefonia,80,20,4,14
beleza_saude,250,16,11,15
utilidades_domesticas,8150,66,20,35
cama_mesa_banho,650,42,11,29
esporte_lazer,2850,35,17,48
esporte_lazer,1600,24,13,16
relogios_presentes,370,18,11,13
beleza_saude,300,26,5,18
utilidades_domesticas,450,25,16,16
esporte_lazer,1000,62,7,36
beleza_saude,250,25,5,24
construcao_ferramentas_construcao,300,20,12,25
brinquedos,600,18,13,15
utilidades_domesticas,850,38,20,26
bebidas,1400,18,34,18
cama_mesa_banho,400,33,3,23
informatica_acessorios,950,36,15,23
telefonia,600,18,6,15
malas_acessorios,18050,75,20,50
automotivo,9950,60,30,40
perfumaria,300,18,9,14
telefonia,300,16,4,20
utilidades_domesticas,900,30,25,25
esporte_lazer,300,38,10,35
esporte_lazer,1900,50,15,50
telefonia_fixa,283,20,9,15
esporte_lazer,143,17,8,13
informatica_acessorios,50,16,32,21
brinquedos,300,23,22,21
telefonia,650,19,3,11
fashion_bolsas_e_acessorios,325,18,19,12
brinquedos,2238,24,45,27
fashion_bolsas_e_acessorios,3200,22,15,20
eletrodomesticos,1200,55,19,46
papelaria,1575,31,31,34
cama_mesa_banho,7550,60,12,40
beleza_saude,800,16,5,11
utilidades_domesticas,1650,16,30,12
cool_stuff,900,28,20,20
informatica_acessorios,750,40,27,12
moveis_escritorio,11400,58,28,58
fashion_roupa_masculina,800,40,6,35
papelaria,1100,38,33,30
brinquedos,550,30,20,20
papelaria,548,20,16,26
esporte_lazer,3190,46,13,30
livros_interesse_geral,1200,21,4,14
industria_comercio_e_negocios,10250,104,16,35
automotivo,1350,32,28,28
brinquedos,300,25,30,20
instrumentos_musicais,13600,47,38,35
beleza_saude,1372,23,16,18
brinquedos,200,16,2,11
beleza_saude,450,27,11,19
ferramentas_jardim,8350,36,46,36
fashion_bolsas_e_acessorios,150,16,13,11
utilidades_domesticas,10300,40,40,20
cool_stuff,80,19,11,11
brinquedos,2050,20,31,30
moveis_decoracao,750,100,5,20
pcs,11850,50,50,25
construcao_ferramentas_iluminacao,1750,20,23,31
cool_stuff,2200,45,15,35
livros_interesse_geral,800,16,8,24
informatica_acessorios,250,35,8,20
esporte_lazer,50,20,16,12
telefonia,230,14,10,11
livros_tecnicos,500,22,22,12
utilidades_domesticas,150,35,16,16
beleza_saude,1350,25,25,20
instrumentos_musicais,300,16,16,11
utilidades_domesticas,375,32,43,34
automotivo,17600,49,49,23
esporte_lazer,1452,54,24,34
relogios_presentes,200,20,8,20
pet_shop,144,18,12,16
instrumentos_musicais,400,20,7,20
cool_stuff,163,17,11,13
utilidades_domesticas,9900,60,50,20
pet_shop,850,45,30,30
moveis_cozinha_area_de_servico_jantar_e_jardim,19300,41,76,41
cool_stuff,500,71,2,13
moveis_decoracao,1500,28,9,28
cama_mesa_banho,1112,40,7,38
pet_shop,30000,50,30,40
eletrodomesticos,550,70,13,12
informatica_acessorios,910,32,14,15
automotivo,9000,65,42,40
beleza_saude,300,19,11,23
bebes,600,20,30,30
livros_interesse_geral,400,17,24,11
utilidades_domesticas,8550,25,65,25
moveis_decoracao,19575,38,44,38
automotivo,20650,63,63,40
moveis_escritorio,27300,61,71,43
informatica_acessorios,1000,33,15,15
cama_mesa_banho,1323,37,10,31
livros_tecnicos,3680,29,5,21
beleza_saude,850,51,36,34
utilidades_domesticas,3100,65,5,65
utilidades_domesticas,400,20,16,16
relogios_presentes,200,16,18,16
pet_shop,20550,69,28,56
beleza_saude,230,19,7,13
brinquedos,6025,58,22,42
automotivo,2000,50,30,30
relogios_presentes,225,16,16,14
construcao_ferramentas_construcao,1125,38,35,38
beleza_saude,800,28,5,18
utilidades_domesticas,3650,61,11,38
artes,600,27,10,22
eletrodomesticos,30000,62,73,63
perfumaria,100,19,8,14
esporte_lazer,1700,25,15,25
eletronicos,800,24,13,22
esporte_lazer,2967,20,21,14
ferramentas_jardim,1129,33,18,18
esporte_lazer,300,24,11,11
pet_shop,9167,58,47,60
beleza_saude,600,20,35,20
cama_mesa_banho,17000,63,30,43
esporte_lazer,300,20,30,30
artigos_de_natal,200,16,48,11
utilidades_domesticas,300,16,17,12
utilidades_domesticas,500,32,16,22
eletrodomesticos,18550,58,25,43
moveis_decoracao,1650,35,15,35
relogios_presentes,450,20,12,15
telefonia_fixa,100,18,2,11
beleza_saude,5250,56,17,40
construcao_ferramentas_construcao,7150,58,14,43
beleza_saude,1383,30,27,28
moveis_decoracao,350,20,16,20
brinquedos,1200,38,44,16
ferramentas_jardim,3211,36,53,22
beleza_saude,500,22,11,16
bebes,400,29,7,16
beleza_saude,850,32,17,17
cool_stuff,250,19,12,12
moveis_decoracao,800,34,8,22
esporte_lazer,1100,20,20,20
relogios_presentes,850,17,13,15
brinquedos,3000,47,36,25
informatica_acessorios,517,39,11,13
brinquedos,700,17,10,12
esporte_lazer,3100,30,24,24
ferramentas_jardim,1300,16,65,16
papelaria,400,26,26,26
utilidades_domesticas,400,16,8,11
utilidades_domesticas,5450,40,15,35
brinquedos,5900,60,24,49
automotivo,16250,56,15,15
beleza_saude,800,25,6,16
utilidades_domesticas,450,35,15,13
utilidades_domesticas,800,17,28,11
papelaria,1150,16,8,45
cama_mesa_banho,800,21,13,15
brinquedos,250,19,14,14
automotivo,6200,47,19,23
brinquedos,3400,52,7,56
utilidades_domesticas,28250,90,60,33
consoles_games,200,18,2,11
livros_interesse_geral,500,20,5,13
cama_mesa_banho,3675,48,11,40
informatica_acessorios,2650,28,44,18
esporte_lazer,900,26,26,26
cama_mesa_banho,750,35,20,35
ferramentas_jardim,8950,60,32,28
perfumaria,200,16,3,22
brinquedos,2000,75,35,13
utilidades_domesticas,250,16,25,15
informatica_acessorios,1133,18,15,12
ferramentas_jardim,14250,32,90,26
cama_mesa_banho,2350,47,9,38
esporte_lazer,1250,21,15,18
automotivo,950,42,5,39
utilidades_domesticas,630,18,25,18
pet_shop,156,18,10,14
utilidades_domesticas,900,40,8,18
esporte_lazer,400,19,2,14
fashion_underwear_e_moda_praia,400,32,4,14
beleza_saude,200,16,3,12
cama_mesa_banho,1700,40,25,35
esporte_lazer,4100,30,20,30
ferramentas_jardim,2900,38,10,28
automotivo,1550,31,24,24
beleza_saude,800,19,17,15
construcao_ferramentas_seguranca,334,17,12,13
brinquedos,1050,25,11,13
esporte_lazer,4300,21,21,11
malas_acessorios,1250,32,52,19
consoles_games,700,16,16,16
esporte_lazer,1750,42,6,40
eletronicos,117,20,12,14
eletronicos,1177,25,12,25
utilidades_domesticas,1500,30,60,30
moveis_decoracao,800,32,7,32
bebes,500,99,3,65
esporte_lazer,200,22,4,20
cama_mesa_banho,3300,42,12,40
eletrodomesticos,6150,55,19,46
fashion_roupa_masculina,1050,31,22,33
telefonia,1500,20,20,25
bebidas,1300,25,25,25
moveis_decoracao,1250,30,10,30
utilidades_domesticas,10500,38,57,42
agro_industria_e_comercio,16700,50,50,40
utilidades_domesticas,2100,48,25,25
instrumentos_musicais,60,16,6,16
moveis_decoracao,2700,35,10,35
pet_shop,1200,24,24,24
bebes,500,33,18,26
perfumaria,400,18,15,15
papelaria,1800,53,4,43
cool_stuff,1950,96,5,45
automotivo,22200,61,61,41
informatica_acessorios,223,23,13,26
moveis_decoracao,4950,33,16,33
casa_conforto,1350,45,15,35
cama_mesa_banho,300,38,14,38
automotivo,1900,30,10,30
moveis_decoracao,3900,63,11,43
consoles_games,200,21,9,17
informatica_acessorios,1000,30,20,30
utilidades_domesticas,6200,45,31,23
automotivo,6200,60,30,40
esporte_lazer,304,27,17,27
construcao_ferramentas_ferramentas,893,18,14,13
moveis_escritorio,8725,35,53,34
beleza_saude,250,26,18,20
esporte_lazer,700,25,36,12
eletrodomesticos_2,9250,30,60,45
bebes,465,19,20,29
beleza_saude,413,20,13,15
informatica_acessorios,2100,20,30,20
beleza_saude,1400,20,25,20
beleza_saude,200,16,5,20
beleza_saude,5300,30,35,30
utilidades_domesticas,700,21,21,21
livros_tecnicos,500,27,3,19
brinquedos,700,39,30,29
beleza_saude,696,21,17,17
bebes,985,28,30,27
moveis_escritorio,30000,100,45,11
beleza_saude,1600,27,10,19
cama_mesa_banho,3000,40,12,40
fashion_roupa_masculina,400,17,7,20
esporte_lazer,800,28,25,25
beleza_saude,833,17,16,14
cama_mesa_banho,2450,80,16,35
brinquedos,600,21,7,15
cama_mesa_banho,1000,37,10,35
moveis_escritorio,10075,55,64,26
beleza_saude,3800,23,23,23
climatizacao,3400,16,2,11
cama_mesa_banho,2700,42,12,35
brinquedos,4400,39,30,29
brinquedos,150,20,10,20
bebes,470,20,25,25
instrumentos_musicais,10400,28,48,48
utilidades_domesticas,3000,33,30,34
utilidades_domesticas,1200,29,21,27
automotivo,5275,40,25,30
cama_mesa_banho,700,45,8,40
beleza_saude,450,18,16,16
perfumaria,350,16,12,14
cama_mesa_banho,8200,56,17,51
bebes,425,25,19,17
livros_interesse_geral,600,16,25,11
esporte_lazer,4450,60,15,15
beleza_saude,550,30,10,20
automotivo,7850,89,21,26
telefonia,133,19,5,13
utilidades_domesticas,500,16,11,12
casa_construcao,300,100,6,40
esporte_lazer,6700,35,15,20
utilidades_domesticas,9550,40,45,38
esporte_lazer,900,30,15,20
papelaria,2600,32,52,19
alimentos_bebidas,1100,24,21,16
moveis_decoracao,1550,54,5,54
construcao_ferramentas_construcao,2100,16,29,36
market_place,5900,60,15,40
informatica_acessorios,700,16,8,20
bebes,2650,16,24,24
automotivo,1883,99,27,27
telefonia,550,20,23,11
beleza_saude,400,18,16,18
ferramentas_jardim,600,16,8,23
informatica_acessorios,360,22,11,17
papelaria,550,25,15,30
moveis_decoracao,2100,80,8,30
informatica_acessorios,375,17,11,14
informatica_acessorios,800,23,13,26
informatica_acessorios,300,16,18,16
construcao_ferramentas_construcao,2050,20,8,20
ferramentas_jardim,1100,25,10,25
cama_mesa_banho,6200,20,30,30
beleza_saude,83,19,15,18
papelaria,1550,25,20,15
malas_acessorios,6700,50,20,40
eletroportateis,450,35,33,33
automotivo,200,19,19,11
brinquedos,500,17,16,14
informatica_acessorios,150,16,14,12
automotivo,50,16,10,12
esporte_lazer,300,16,15,30
utilidades_domesticas,6200,41,30,30
cama_mesa_banho,2500,41,9,34
fashion_underwear_e_moda_praia,275,19,9,27
utilidades_domesticas,1400,26,41,26
esporte_lazer,17600,45,20,97
utilidades_domesticas,850,22,22,22
pet_shop,1200,16,20,20
esporte_lazer,1083,30,30,27
relogios_presentes,542,20,15,17
informatica_acessorios,775,24,12,28
informatica_acessorios,200,25,5,15
informatica_acessorios,300,30,7,20
alimentos_bebidas,8800,35,30,27
automotivo,1200,40,10,40
bebes,200,20,6,15
automotivo,2017,46,8,33
moveis_escritorio,9750,92,15,27
cama_mesa_banho,4350,45,15,35
esporte_lazer,817,52,23,57
beleza_saude,2267,22,13,18
brinquedos,733,29,11,28
pet_shop,9400,47,15,34
ferramentas_jardim,600,25,7,11
utilidades_domesticas,550,16,20,16
automotivo,3300,42,19,25
moveis_decoracao,13000,82,6,82
moveis_decoracao,6000,37,41,37
beleza_saude,550,23,8,13
cama_mesa_banho,2100,34,9,33
brinquedos,7050,20,62,35
esporte_lazer,300,22,14,18
utilidades_domesticas,1250,28,21,29
utilidades_domesticas,2100,32,15,22
utilidades_domesticas,2775,28,26,26
pet_shop,450,35,22,28
automotivo,3300,71,2,60
pet_shop,1620,40,30,30
construcao_ferramentas_seguranca,700,18,23,19
relogios_presentes,400,16,12,15
moveis_decoracao,775,69,11,11
moveis_decoracao,3100,16,34,34
construcao_ferramentas_construcao,114,16,12,17
eletronicos,900,26,16,16
casa_construcao,2650,27,26,18
moveis_decoracao,4100,30,35,30
beleza_saude,1400,20,16,16
eletroportateis,450,27,11,15
esporte_lazer,500,20,7,14
consoles_games,175,20,3,17
esporte_lazer,300,28,12,12
utilidades_domesticas,5900,25,60,25
utilidades_domesticas,515,18,17,16
construcao_ferramentas_construcao,8000,54,20,40
utilidades_domesticas,3650,37,25,30
brinquedos,150,28,2,26
malas_acessorios,3000,37,29,30
alimentos_bebidas,1150,18,18,18
beleza_saude,275,21,3,15
moveis_decoracao,5400,75,25,25
pet_shop,1000,20,20,20
papelaria,1900,20,10,11
esporte_lazer,233,18,6,13
informatica_acessorios,200,16,16,14
esporte_lazer,410,19,10,15
cama_mesa_banho,6450,60,14,38
automotivo,5800,56,11,32
utilidades_domesticas,1150,30,30,30
bebes,400,25,25,25
construcao_ferramentas_construcao,713,24,20,21
esporte_lazer,700,45,8,25
esporte_lazer,1150,27,16,22
automotivo,150,16,6,12
relogios_presentes,450,20,12,14
utilidades_domesticas,515,39,11,25
utilidades_domesticas,250,15,17,21
pet_shop,19200,85,10,72
brinquedos,400,32,10,26
portateis_casa_forno_e_cafe,1700,30,10,30
perfumaria,1150,16,20,16
informatica_acessorios,1217,21,15,11
cama_mesa_banho,10600,50,25,25
cama_mesa_banho,3200,33,8,40
informatica_acessorios,300,17,15,15
automotivo,350,20,10,15
brinquedos,3876,41,29,36
fashion_underwear_e_moda_praia,600,19,9,27
utilidades_domesticas,400,17,10,17
informatica_acessorios,150,16,16,12
ferramentas_jardim,800,16,3,29
consoles_games,400,20,20,20
cool_stuff,175,15,15,11
ferramentas_jardim,800,30,20,30
bebes,10950,60,27,40
moveis_sala,6200,55,14,47
esporte_lazer,3950,36,41,36
esporte_lazer,1350,30,20,20
automotivo,200,31,2,23
construcao_ferramentas_construcao,300,20,5,20
moveis_decoracao,400,18,30,12
utilidades_domesticas,1150,16,30,20
cama_mesa_banho,1450,25,25,25
cama_mesa_banho,1420,47,9,38
automotivo,250,30,11,16
utilidades_domesticas,225,18,16,46
utilidades_domesticas,2750,30,20,30
moveis_cozinha_area_de_servico_jantar_e_jardim,2800,33,20,15
instrumentos_musicais,625,17,17,17
bebes,300,20,6,15
perfumaria,240,21,15,22
instrumentos_musicais,1965,51,44,11
utilidades_domesticas,1850,30,30,30
esporte_lazer,312,17,11,15
alimentos_bebidas,200,20,8,16
automotivo,1850,30,28,30
beleza_saude,225,45,10,14
beleza_saude,1050,26,21,23
moveis_decoracao,4000,30,35,30
perfumaria,453,20,11,13
moveis_decoracao,800,16,30,16
telefonia,300,20,20,20
utilidades_domesticas,9350,70,15,33
beleza_saude,2300,27,27,20
esporte_lazer,450,17,12,12
perfumaria,500,17,19,15
cool_stuff,1550,20,50,20
agro_industria_e_comercio,12050,56,32,32
papelaria,10350,64,15,51
beleza_saude,233,18,5,15
telefonia,125,20,13,17
cama_mesa_banho,6750,30,20,20
cama_mesa_banho,350,30,14,16
relogios_presentes,250,22,11,15
automotivo,350,16,9,16
brinquedos,1000,35,20,20
brinquedos,550,33,7,22
beleza_saude,300,35,3,12
eletronicos,330,22,4,12
brinquedos,14400,60,60,50
esporte_lazer,150,20,6,13
malas_acessorios,4219,41,52,29
beleza_saude,10350,36,19,40
moveis_decoracao,7800,99,4,55
informatica_acessorios,1900,30,15,20
eletroportateis,1450,24,24,24
fashion_calcados,1100,33,19,12
relogios_presentes,3200,40,10,40
beleza_saude,1550,22,16,17
brinquedos,330,20,14,12
moveis_decoracao,150,16,5,20
brinquedos,1350,35,26,25
beleza_saude,650,19,19,19
brinquedos,850,35,22,15
instrumentos_musicais,500,60,16,11
beleza_saude,1110,19,11,18
cool_stuff,5700,42,21,36
esporte_lazer,700,20,26,11
moveis_decoracao,2950,40,20,40
cama_mesa_banho,700,24,15,18
automotivo,700,32,12,22
informatica_acessorios,2900,30,9,25
agro_industria_e_comercio,1950,19,44,11
malas_acessorios,1400,48,10,33
esporte_lazer,1200,43,11,72
eletronicos,150,22,3,12
moveis_decoracao,700,68,8,13
moveis_decoracao,850,30,5,45
relogios_presentes,886,19,15,17
automotivo,150,25,25,25
bebes,1400,28,13,21
papelaria,400,28,9,18
casa_conforto,1900,40,20,30
moveis_decoracao,5900,30,40,30
moveis_decoracao,2000,61,3,41
automotivo,450,105,10,16
artigos_de_natal,550,37,10,37
esporte_lazer,625,21,11,15
brinquedos,1300,24,30,20
esporte_lazer,3100,56,28,33
esporte_lazer,400,32,4,45
esporte_lazer,8000,30,30,30
cama_mesa_banho,1250,25,17,35
esporte_lazer,5150,28,8,11
esporte_lazer,5150,22,3,22
esporte_lazer,1950,20,6,20
market_place,600,25,37,36
brinquedos,500,16,45,12
relogios_presentes,900,20,20,15
perfumaria,300,16,16,20
beleza_saude,1600,19,37,25
beleza_saude,171,19,20,13
cama_mesa_banho,2250,35,12,24
fashion_roupa_masculina,700,45,10,35
esporte_lazer,500,20,30,20
beleza_saude,514,17,16,13
automotivo,250,23,12,15
automotivo,100,21,2,15
cama_mesa_banho,5025,68,18,48
brinquedos,300,20,5,15
relogios_presentes,50,16,2,11
esporte_lazer,300,23,17,13
automotivo,2775,29,27,18
esporte_lazer,700,60,8,17
eletroportateis,2850,27,26,35
bebes,700,59,27,11
automotivo,1200,85,15,30
esporte_lazer,3450,35,10,27
casa_conforto,10900,50,30,40
beleza_saude,150,19,11,23
beleza_saude,263,18,14,16
eletronicos,133,16,7,13
automotivo,1350,60,8,33
automotivo,23200,16,2,11
beleza_saude,367,16,20,16
informatica_acessorios,100,16,11,11
moveis_decoracao,2200,43,5,30
utilidades_domesticas,25850,38,79,49
beleza_saude,1450,25,22,19
perfumaria,650,17,7,12
bebes,1350,44,6,36
ferramentas_jardim,300,36,3,20
perfumaria,743,20,13,14
utilidades_domesticas,1900,36,35,29
beleza_saude,2350,16,10,30
perfumaria,1300,25,20,16
beleza_saude,150,20,15,15
brinquedos,400,28,18,28
informatica_acessorios,150,16,3,17
beleza_saude,100,25,11,11
beleza_saude,250,31,4,22
beleza_saude,1188,17,16,17
brinquedos,2025,50,27,27
beleza_saude,1350,41,21,23
industria_comercio_e_negocios,1750,16,35,16
esporte_lazer,1075,22,23,22
informatica_acessorios,500,30,10,11
esporte_lazer,400,21,16,16
beleza_saude,2100,60,33,21
moveis_decoracao,767,52,6,42
cool_stuff,700,30,30,30
pet_shop,600,36,7,25
pet_shop,800,20,70,20
brinquedos,600,16,34,26
beleza_saude,500,20,12,12
utilidades_domesticas,150,34,15,16
casa_construcao,1160,26,18,19
fashion_roupa_feminina,500,60,60,15
esporte_lazer,340,18,13,16
cama_mesa_banho,1100,33,12,24
esporte_lazer,350,20,8,14
pet_shop,1100,25,25,15
ferramentas_jardim,250,16,2,11
cama_mesa_banho,350,30,15,30
beleza_saude,1400,31,21,31
malas_acessorios,900,25,50,40
alimentos,1550,20,52,19
automotivo,150,16,27,15
moveis_escritorio,28100,73,85,28
cama_mesa_banho,1400,20,5,15
esporte_lazer,3200,20,20,20
beleza_saude,1700,20,20,20
papelaria,4100,40,37,29
esporte_lazer,1250,28,12,20
perfumaria,183,16,12,14
bebes,1150,70,10,40
informatica_acessorios,100,18,7,13
construcao_ferramentas_construcao,400,16,20,16
esporte_lazer,200,18,5,18
moveis_decoracao,1000,20,35,20
ferramentas_jardim,100,16,2,20
bebes,400,16,20,16
audio,431,19,12,18
consoles_games,100,16,4,11
livros_tecnicos,1550,29,5,21
beleza_saude,725,23,15,13
construcao_ferramentas_construcao,5250,55,18,45
bebes,1200,45,11,40
informatica_acessorios,360,19,18,15
automotivo,4550,48,18,43
utilidades_domesticas,2000,16,2,11
instrumentos_musicais,17550,45,20,100
cama_mesa_banho,600,65,8,55
automotivo,700,20,10,11
informatica_acessorios,125,12,10,10
automotivo,550,30,3,11
esporte_lazer,2600,80,12,22
instrumentos_musicais,500,24,10,14
informatica_acessorios,2200,16,16,16
esporte_lazer,900,20,10,20
informatica_acessorios,650,36,16,16
construcao_ferramentas_iluminacao,4000,40,45,40
malas_acessorios,800,22,44,38
papelaria,10150,44,34,21
perfumaria,100,25,7,11
utilidades_domesticas,250,33,8,16
moveis_decoracao,500,47,18,15
pet_shop,700,71,2,18
esporte_lazer,1067,34,15,15
utilidades_domesticas,200,17,6,12
telefonia,100,17,12,17
eletrodomesticos,350,30,12,23
informatica_acessorios,150,16,13,14
beleza_saude,300,37,23,24
automotivo,100,17,5,11
relogios_presentes,167,16,10,17
papelaria,800,26,5,36
esporte_lazer,1600,30,15,30
ferramentas_jardim,1400,27,9,11
moveis_decoracao,850,16,20,12
moveis_decoracao,633,45,4,35
automotivo,5050,53,43,11
relogios_presentes,450,28,10,18
eletrodomesticos,375,31,12,23
perfumaria,438,20,14,19
beleza_saude,400,25,25,25
moveis_decoracao,550,20,20,13
instrumentos_musicais,600,33,4,24
cool_stuff,400,25,10,11
livros_interesse_geral,1000,21,12,17
brinquedos,300,24,15,15
informatica_acessorios,153,16,12,13
esporte_lazer,600,22,33,16
eletrodomesticos_2,8400,46,44,28
utilidades_domesticas,9900,40,30,35
esporte_lazer,1170,36,26,21
consoles_games,200,50,5,25
cool_stuff,833,17,12,16
cama_mesa_banho,2250,39,7,28
moveis_escritorio,7513,53,62,26
malas_acessorios,15500,40,60,25
moveis_decoracao,2300,36,21,36
utilidades_domesticas,4500,70,15,15
utilidades_domesticas,8450,35,35,35
utilidades_domesticas,6513,64,37,38
papelaria,400,30,20,25
esporte_lazer,500,34,16,16
informatica_acessorios,850,26,21,29
cama_mesa_banho,2820,34,8,38
moveis_decoracao,13200,56,48,38
automotivo,2250,16,25,11
brinquedos,1250,30,8,30
relogios_presentes,430,17,9,11
beleza_saude,500,98,3,12
perfumaria,200,16,5,11
cama_mesa_banho,1100,38,10,38
climatizacao,1800,30,15,30
bebes,3050,40,15,30
informatica_acessorios,800,26,13,25
moveis_decoracao,14550,40,40,40
esporte_lazer,2200,16,11,11
fashion_bolsas_e_acessorios,250,16,10,12
utilidades_domesticas,800,27,22,27
informatica_acessorios,400,26,3,20
climatizacao,8160,31,65,34
beleza_saude,175,23,11,13
brinquedos,5200,30,30,30
telefonia,200,20,4,14
moveis_escritorio,12275,40,54,38
brinquedos,450,17,13,16
papelaria,1000,25,41,30
casa_conforto_2,425,105,20,20
esporte_lazer,3300,89,15,40
moveis_decoracao,5800,57,15,38
utilidades_domesticas,875,29,24,25
moveis_decoracao,400,36,15,36
esporte_lazer,200,23,5,16
moveis_sala,3300,30,11,30
fashion_bolsas_e_acessorios,150,17,6,12
fashion_bolsas_e_acessorios,400,16,16,11
esporte_lazer,1200,18,18,15
papelaria,300,25,10,15
cama_mesa_banho,967,28,7,30
bebes,750,20,13,13
esporte_lazer,250,25,10,18
cama_mesa_banho,1400,36,9,27
cama_mesa_banho,200,26,10,22
beleza_saude,1200,16,35,11
relogios_presentes,291,16,11,12
utilidades_domesticas,2500,16,20,11
climatizacao,5300,26,26,56
construcao_ferramentas_ferramentas,570,17,10,17
eletrodomesticos,350,29,13,25
moveis_escritorio,10750,53,74,18
livros_interesse_geral,250,16,25,25
perfumaria,200,16,14,15
pet_shop,700,23,21,21
beleza_saude,1100,27,9,14
bebes,3013,40,21,40
perfumaria,267,16,6,11
utilidades_domesticas,250,35,6,12
consoles_games,500,20,30,20
pet_shop,9500,33,30,44
esporte_lazer,350,42,7,24
moveis_escritorio,13200,100,8,60
telefonia,121,17,4,16
papelaria,200,20,10,15
cool_stuff,450,35,5,25
moveis_decoracao,7100,90,4,55
brinquedos,300,28,13,22
perfumaria,400,18,5,11
moveis_escritorio,22500,79,12,40
malas_acessorios,24500,37,80,60
esporte_lazer,475,35,21,30
informatica_acessorios,1200,46,36,11
automotivo,954,22,20,22
ferramentas_jardim,400,38,10,25
beleza_saude,2250,30,10,17
consoles_games,100,18,5,15
utilidades_domesticas,550,21,22,24
perfumaria,200,23,7,15
automotivo,1100,26,40,20
cama_mesa_banho,5300,45,20,35
perfumaria,150,18,8,12
brinquedos,525,21,23,20
alimentos_bebidas,400,24,8,23
beleza_saude,350,26,5,18
cool_stuff,300,105,10,20
utilidades_domesticas,900,48,23,24
cama_mesa_banho,2800,45,15,35
fashion_bolsas_e_acessorios,100,18,6,12
malas_acessorios,1400,36,19,36
moveis_decoracao,1750,30,6,20
eletroportateis,17200,37,70,37
eletronicos,350,30,19,14
relogios_presentes,200,16,16,20
cama_mesa_banho,650,40,5,30
moveis_cozinha_area_de_servico_jantar_e_jardim,900,33,12,25
beleza_saude,750,30,10,17
utilidades_domesticas,1000,17,30,17
malas_acessorios,600,30,10,35
industria_comercio_e_negocios,900,30,20,30
agro_industria_e_comercio,1200,25,10,16
moveis_sala,30000,68,55,77
ferramentas_jardim,1750,43,14,39
telefonia_fixa,1600,16,16,16
cool_stuff,1050,55,18,28
eletroportateis,3167,18,25,22
eletronicos,500,25,11,18
eletronicos,550,23,7,17
instrumentos_musicais,1350,67,10,20
fraldas_higiene,2350,36,32,17
utilidades_domesticas,9850,29,66,29
bebes,1450,38,8,29
papelaria,1300,26,33,13
moveis_decoracao,5700,70,4,55
utilidades_domesticas,11650,54,20,54
beleza_saude,1250,19,17,17
relogios_presentes,413,19,12,15
relogios_presentes,625,16,14,14
cool_stuff,1550,35,47,48
moveis_decoracao,7050,30,20,70
automotivo,800,55,7,27
cool_stuff,900,20,23,27
automotivo,1900,41,45,11
eletronicos,1850,23,22,13
telefonia_fixa,100,19,3,20
utilidades_domesticas,1000,28,8,37
livros_interesse_geral,150,16,23,23
informatica_acessorios,850,36,21,21
cama_mesa_banho,6850,59,22,37
esporte_lazer,2500,24,18,18
construcao_ferramentas_construcao,3950,25,7,25
beleza_saude,300,21,6,17
esporte_lazer,240,16,2,11
malas_acessorios,16700,41,76,50
instrumentos_musicais,300,17,7,11
cool_stuff,1800,28,36,27
relogios_presentes,240,13,12,14
pet_shop,400,20,35,20
construcao_ferramentas_construcao,160,16,10,11
esporte_lazer,1400,29,26,25
moveis_decoracao,2700,70,5,15
utilidades_domesticas,23700,69,39,17
beleza_saude,1850,16,14,15
moveis_decoracao,600,65,13,20
cama_mesa_banho,2200,37,10,32
utilidades_domesticas,7600,55,33,40
esporte_lazer,7800,50,28,41
beleza_saude,1350,20,12,20
moveis_decoracao,18250,55,30,55
informatica_acessorios,125,18,8,15
utilidades_domesticas,650,35,20,30
bebes,13400,55,30,55
perfumaria,600,23,8,15
eletrodomesticos_2,10983,67,26,44
moveis_decoracao,850,40,36,28
automotivo,5925,73,4,43
moveis_decoracao,6700,70,51,13
cama_mesa_banho,500,17,7,17
informatica_acessorios,483,22,15,12
utilidades_domesticas,400,16,20,15
moveis_escritorio,11050,58,20,56
relogios_presentes,1000,20,30,20
musica,200,16,2,11
esporte_lazer,450,25,15,15
moveis_decoracao,5200,30,35,30
malas_acessorios,1000,32,47,12
telefonia,100,22,6,11
ferramentas_jardim,1575,28,29,34
esporte_lazer,155,18,15,19
papelaria,5700,60,20,29
brinquedos,1300,16,40,28
cool_stuff,300,23,10,17
perfumaria,450,18,5,11
cama_mesa_banho,1400,40,10,35
esporte_lazer,500,25,14,22
ferramentas_jardim,250,16,7,11
bebidas,273,21,16,15
moveis_decoracao,750,35,2,25
utilidades_domesticas,282,22,13,15
papelaria,450,25,15,25
casa_construcao,12750,28,75,28
instrumentos_musicais,15150,45,20,100
livros_tecnicos,850,29,3,21
moveis_decoracao,7250,100,25,25
cool_stuff,1800,34,4,34
construcao_ferramentas_construcao,50,29,9,21
esporte_lazer,1450,36,25,25
utilidades_domesticas,368,20,12,13
informatica_acessorios,1403,16,40,16
consoles_games,410,20,10,18
moveis_escritorio,7900,52,51,17
telefonia,200,25,17,25
moveis_decoracao,300,50,25,16
utilidades_domesticas,400,22,7,15
bebes,500,39,6,27
informatica_acessorios,800,35,20,20
automotivo,700,35,15,20
telefonia_fixa,1100,22,10,20
fashion_bolsas_e_acessorios,150,17,5,18
automotivo,300,16,4,16
cama_mesa_banho,7000,55,15,42
instrumentos_musicais,275,18,4,18
utilidades_domesticas,625,18,16,16
market_place,200,22,4,15
brinquedos,500,25,30,15
perfumaria,600,25,10,18
bebes,300,30,30,12
esporte_lazer,600,35,15,28
fashion_calcados,500,33,19,16
ferramentas_jardim,8800,100,7,35
ferramentas_jardim,250,16,7,16
utilidades_domesticas,1000,45,16,16
fashion_calcados,950,22,12,33
informatica_acessorios,500,36,5,15
bebes,2000,33,44,19
eletrodomesticos,250,27,12,17
utilidades_domesticas,2010,32,75,32
perfumaria,200,30,30,30
beleza_saude,750,30,30,30
utilidades_domesticas,525,29,17,19
utilidades_domesticas,500,25,6,20
eletroportateis,350,20,11,11
automotivo,7450,40,30,30
brinquedos,1200,30,7,30
livros_importados,250,32,3,24
beleza_saude,3700,21,16,31
moveis_decoracao,1400,28,21,23
climatizacao,9100,59,17,37
automotivo,900,16,6,20
brinquedos,450,25,20,20
relogios_presentes,400,16,12,16
market_place,30000,37,52,56
utilidades_domesticas,2025,30,24,24
brinquedos,1775,31,21,21
informatica_acessorios,200,21,5,20
automotivo,100,25,2,13
utilidades_domesticas,2000,30,40,30
livros_interesse_geral,350,21,22,15
moveis_decoracao,1100,35,4,26
beleza_saude,650,18,12,12
telefonia,150,18,4,16
cool_stuff,500,30,20,40
fashion_bolsas_e_acessorios,100,20,2,25
perfumaria,200,17,10,12
esporte_lazer,5800,36,31,31
utilidades_domesticas,1000,30,15,20
eletroportateis,1200,25,20,20
automotivo,3200,42,19,25
livros_interesse_geral,200,16,22,27
relogios_presentes,500,23,13,16
utilidades_domesticas,10250,27,57,36
beleza_saude,200,17,17,17
informatica_acessorios,975,36,16,16
brinquedos,850,35,10,40
esporte_lazer,140,18,5,13
esporte_lazer,300,17,9,26
moveis_decoracao,750,22,2,30
ferramentas_jardim,700,16,24,31
perfumaria,250,24,12,11
esporte_lazer,800,17,105,12
eletroportateis,1575,27,13,27
beleza_saude,700,16,10,20
perfumaria,350,27,14,11
livros_interesse_geral,500,16,6,23
esporte_lazer,5150,20,16,16
cama_mesa_banho,9850,60,30,48
pet_shop,12050,60,30,40
cama_mesa_banho,350,35,4,26
pet_shop,4000,35,30,20
moveis_decoracao,10100,64,8,64
utilidades_domesticas,10050,31,61,31
esporte_lazer,3800,37,44,34
cine_foto,300,20,12,16
beleza_saude,1100,42,10,20
eletronicos,225,21,11,16
bebes,30000,55,67,46
livros_tecnicos,1800,29,5,21
cama_mesa_banho,2300,52,16,44
climatizacao,250,35,20,25
cama_mesa_banho,650,37,23,35
construcao_ferramentas_seguranca,1657,39,9,33
informatica_acessorios,610,27,12,20
cama_mesa_banho,3350,25,10,25
beleza_saude,3217,27,21,27
utilidades_domesticas,850,35,15,25
beleza_saude,1150,42,11,12
utilidades_domesticas,16500,60,45,40
alimentos_bebidas,350,20,8,16
esporte_lazer,500,25,10,20
brinquedos,510,25,15,25
esporte_lazer,400,16,6,20
utilidades_domesticas,8900,19,48,27
construcao_ferramentas_construcao,100,26,3,22
telefonia,600,21,11,13
perfumaria,4800,27,20,35
bebes,343,14,12,16
esporte_lazer,3650,14,16,12
ferramentas_jardim,300,20,15,15
moveis_decoracao,13150,35,45,35
bebes,200,16,14,11
esporte_lazer,125,19,14,15
cama_mesa_banho,20325,63,40,55
esporte_lazer,1350,16,16,16
construcao_ferramentas_construcao,931,24,19,23
fashion_bolsas_e_acessorios,300,16,14,11
automotivo,500,26,3,16
esporte_lazer,4200,30,30,30
instrumentos_musicais,9850,30,15,100
moveis_decoracao,3800,23,37,36
automotivo,3550,53,43,11
esporte_lazer,475,23,23,21
beleza_saude,200,23,24,20
pet_shop,150,18,18,15
brinquedos,382,37,7,26
papelaria,225,23,7,15
papelaria,7650,28,55,37
moveis_decoracao,3350,69,11,11
ferramentas_jardim,825,33,26,21
esporte_lazer,700,16,26,11
moveis_sala,19250,33,28,16
moveis_quarto,20450,45,60,40
casa_conforto,14000,45,15,35
perfumaria,494,20,17,17
eletroportateis,475,28,16,16
automotivo,400,25,10,20
cama_mesa_banho,3600,40,15,35
beleza_saude,29050,55,75,61
casa_construcao,250,16,4,14
cama_mesa_banho,550,70,8,30
informatica_acessorios,3800,50,22,30
casa_conforto,6050,60,40,15
beleza_saude,1100,21,11,17
cool_stuff,400,18,12,14
perfumaria,460,19,13,17
alimentos,700,16,13,12
artes,1200,41,3,33
esporte_lazer,1850,32,25,37
bebes,375,29,14,20
livros_tecnicos,700,23,2,16
cama_mesa_banho,5925,51,16,36
livros_interesse_geral,280,28,12,21
moveis_decoracao,100,26,9,36
beleza_saude,3900,30,30,16
automotivo,800,16,6,15
relogios_presentes,925,24,12,22
perfumaria,483,19,17,15
cool_stuff,150,16,20,16
eletrodomesticos,350,26,20,19
moveis_decoracao,5550,41,26,31
utilidades_domesticas,1700,35,10,35
fashion_bolsas_e_acessorios,500,16,16,16
automotivo,2600,28,10,14
moveis_decoracao,1650,40,8,40
consoles_games,150,18,19,16
cama_mesa_banho,1500,53,18,36
papelaria,300,21,7,15
industria_comercio_e_negocios,24950,104,25,35
moveis_decoracao,136,18,9,14
cama_mesa_banho,350,25,2,30
esporte_lazer,350,23,23,23
beleza_saude,650,16,7,13
bebes,3550,40,10,40
cama_mesa_banho,350,45,6,30
automotivo,1546,23,7,24
esporte_lazer,150,20,4,12
cool_stuff,813,24,18,39
automotivo,1050,14,3,9
beleza_saude,250,23,17,21
construcao_ferramentas_construcao,550,30,30,18
beleza_saude,200,16,15,15
automotivo,514,24,14,20
beleza_saude,100,16,16,11
eletronicos,500,16,8,11
construcao_ferramentas_construcao,2400,22,8,22
beleza_saude,1800,20,45,11
ferramentas_jardim,1500,27,6,23
relogios_presentes,600,16,12,11
papelaria,400,16,29,23
esporte_lazer,20900,105,70,25
alimentos,1150,16,14,16
telefonia,125,18,4,14
eletronicos,800,30,8,20
pet_shop,2200,42,22,32
brinquedos,1750,42,20,40
cama_mesa_banho,800,44,2,36
cool_stuff,2600,30,10,20
moveis_decoracao,1550,35,24,25
perfumaria,700,16,2,11
beleza_saude,300,16,10,16
utilidades_domesticas,200,16,12,11
beleza_saude,300,20,5,20
cama_mesa_banho,3280,73,16,46
cama_mesa_banho,1017,39,15,34
la_cuisine,8800,55,15,55
moveis_decoracao,20300,82,42,33
pet_shop,700,16,16,16
fashion_bolsas_e_acessorios,500,30,15,20
beleza_saude,600,16,16,11
brinquedos,450,38,12,20
pet_shop,200,16,20,11
cama_mesa_banho,7550,45,15,35
casa_construcao,4350,80,15,30
construcao_ferramentas_construcao,2450,22,8,22
sinalizacao_e_seguranca,22650,85,85,15
cama_mesa_banho,2900,40,20,35
eletronicos,200,32,10,25
beleza_saude,650,23,12,18
bebes,900,32,32,15
perfumaria,600,18,9,13
livros_interesse_geral,500,30,4,20
sinalizacao_e_seguranca,750,45,21,23
esporte_lazer,350,16,12,14
esporte_lazer,87,16,5,11
beleza_saude,100,20,20,20
alimentos_bebidas,1100,16,15,15
cama_mesa_banho,950,35,6,45
automotivo,6000,25,30,25
telefonia,300,20,3,20
esporte_lazer,345,18,15,15
utilidades_domesticas,1050,35,14,17
esporte_lazer,120,30,20,20
eletronicos,18700,22,20,23
cama_mesa_banho,650,28,8,22
beleza_saude,1250,16,16,16
utilidades_domesticas,4267,47,23,31
cama_mesa_banho,475,65,4,45
moveis_decoracao,7600,50,30,30
moveis_escritorio,16650,63,58,24
cama_mesa_banho,600,20,2,15
beleza_saude,350,19,12,19
informatica_acessorios,200,16,5,15
alimentos_bebidas,1800,17,17,17
automotivo,6650,53,43,11
utilidades_domesticas,700,23,23,23
brinquedos,1850,39,7,29
automotivo,4900,102,33,30
moveis_decoracao,14900,40,35,40
beleza_saude,400,20,8,50
utilidades_domesticas,450,40,15,20
perfumaria,6100,30,40,30
moveis_decoracao,1350,36,14,26
telefonia,125,17,6,13
esporte_lazer,300,18,12,14
informatica_acessorios,5550,16,10,11
esporte_lazer,50,25,27,23
utilidades_domesticas,3300,50,30,30
beleza_saude,500,22,6,16
fashion_bolsas_e_acessorios,1870,27,20,29
utilidades_domesticas,1700,40,3,30
bebes,3300,78,11,55
beleza_saude,1400,16,19,15
informatica_acessorios,2700,38,38,38
malas_acessorios,1300,47,10,31
utilidades_domesticas,200,20,10,15
moveis_escritorio,30000,62,55,60
beleza_saude,4200,32,13,26
utilidades_domesticas,9900,40,20,30
esporte_lazer,321,20,12,15
informatica_acessorios,200,22,15,12
beleza_saude,150,19,17,15
livros_interesse_geral,579,30,14,31
relogios_presentes,450,18,12,15
construcao_ferramentas_construcao,200,52,12,12
moveis_decoracao,900,30,10,25
cama_mesa_banho,3080,23,37,19
livros_tecnicos,400,23,3,16
beleza_saude,450,20,16,16
pet_shop,200,16,25,11
alimentos,317,16,10,11
perfumaria,300,18,12,15
instrumentos_musicais,4000,45,20,100
malas_acessorios,850,20,50,40
beleza_saude,150,16,9,11
fashion_bolsas_e_acessorios,250,16,13,11
esporte_lazer,750,16,14,14
malas_acessorios,1087,39,28,33
utilidades_domesticas,1900,27,23,35
eletrodomesticos,100,16,2,13
informatica_acessorios,850,31,11,11
moveis_decoracao,2600,51,21,34
beleza_saude,650,18,8,12
moveis_decoracao,530,69,10,12
esporte_lazer,350,16,30,15
moveis_decoracao,1700,19,7,16
utilidades_domesticas,1000,26,20,24
bebes,1300,40,25,30
esporte_lazer,3300,86,26,18
relogios_presentes,250,16,11,12
esporte_lazer,3600,22,27,22
eletrodomesticos,1600,55,7,38
esporte_lazer,2650,31,25,20
malas_acessorios,9175,30,36,46
esporte_lazer,4425,42,26,31
papelaria,400,26,6,18
cama_mesa_banho,1667,43,14,37
cama_mesa_banho,1500,60,10,40
utilidades_domesticas,550,16,23,11
instrumentos_musicais,575,20,10,13
automotivo,100,35,10,25
casa_construcao,550,16,27,16
utilidades_domesticas,1550,37,25,25
eletronicos,100,16,15,14
artes,500,16,17,14
moveis_escritorio,9750,42,41,42
utilidades_domesticas,300,30,11,18
eletronicos,215,19,10,14
informatica_acessorios,225,30,9,23
cool_stuff,600,25,25,25
cama_mesa_banho,513,52,12,38
beleza_saude,325,19,20,18
beleza_saude,600,50,8,105
beleza_saude,325,16,14,15
brinquedos,966,22,45,27
pet_shop,263,26,19,20
esporte_lazer,1450,49,12,27
esporte_lazer,1200,26,26,26
utilidades_domesticas,4100,52,5,32
automotivo,300,16,6,11
informatica_acessorios,100,16,18,16
relogios_presentes,833,17,16,16
moveis_decoracao,200,22,6,15
informatica_acessorios,150,22,16,16
perfumaria,700,35,15,26
papelaria,2900,32,44,21
esporte_lazer,300,23,15,16
beleza_saude,431,18,18,15
utilidades_domesticas,21700,105,20,30
construcao_ferramentas_seguranca,175,18,13,16
livros_tecnicos,1200,23,4,18
construcao_ferramentas_construcao,2144,19,19,23
cama_mesa_banho,18000,45,15,35
livros_interesse_geral,600,18,25,11
moveis_escritorio,16750,63,58,26
utilidades_domesticas,600,16,13,23
eletrodomesticos_2,25600,65,72,35
construcao_ferramentas_jardim,300,25,16,16
pet_shop,1300,68,3,45
livros_interesse_geral,250,20,10,30
alimentos_bebidas,268,28,15,20
perfumaria,160,18,5,16
moveis_decoracao,4000,45,15,35
pet_shop,350,27,9,27
esporte_lazer,1200,21,14,14
esporte_lazer,200,17,4,11
esporte_lazer,500,31,18,37
cama_mesa_banho,1400,42,11,36
moveis_decoracao,1200,34,34,18
fraldas_higiene,550,16,16,20
utilidades_domesticas,600,38,90,23
construcao_ferramentas_construcao,2450,16,20,15
papelaria,700,16,4,11
construcao_ferramentas_jardim,2000,25,10,15
esporte_lazer,512,21,15,22
utilidades_domesticas,700,25,15,60
bebes,100,17,6,11
esporte_lazer,1500,50,15,30
malas_acessorios,14000,38,28,56
agro_industria_e_comercio,380,22,11,14
moveis_decoracao,4800,20,50,40
beleza_saude,4650,47,27,28
moveis_decoracao,19200,58,40,50
ferramentas_jardim,150,19,3,13
cama_mesa_banho,3500,43,18,30
beleza_saude,1230,18,18,16
industria_comercio_e_negocios,5200,38,30,25
moveis_decoracao,1200,38,4,25
utilidades_domesticas,3800,50,21,37
automotivo,750,16,15,11
esporte_lazer,18350,16,78,30
beleza_saude,450,25,14,13
utilidades_domesticas,18650,66,45,41
instrumentos_musicais,5600,30,62,45
beleza_saude,450,16,19,11
alimentos_bebidas,700,20,8,16
brinquedos,400,21,9,21
moveis_decoracao,467,45,4,35
informatica_acessorios,482,52,4,14
ferramentas_jardim,650,22,15,22
automotivo,350,16,16,16
brinquedos,600,40,10,25
moveis_decoracao,550,42,2,32
relogios_presentes,425,16,10,11
brinquedos,750,20,58,21
beleza_saude,900,25,30,20
bebes,5508,62,43,56
construcao_ferramentas_seguranca,2100,16,27,11
beleza_saude,1300,33,10,16
moveis_decoracao,2800,50,10,40
brinquedos,4900,23,16,31
eletronicos,9650,20,20,20
informatica_acessorios,2950,18,25,18
telefonia,238,18,8,14
pet_shop,4050,30,20,40
esporte_lazer,1350,80,8,15
automotivo,225,19,14,16
malas_acessorios,19250,32,76,50
agro_industria_e_comercio,1640,37,34,31
relogios_presentes,600,23,21,21
eletroportateis,5900,94,7,45
esporte_lazer,925,30,26,20
relogios_presentes,500,33,5,33
automotivo,2600,100,5,43
construcao_ferramentas_construcao,100,20,20,20
moveis_cozinha_area_de_servico_jantar_e_jardim,3400,16,41,31
beleza_saude,413,17,12,14
moveis_decoracao,600,16,17,16
informatica_acessorios,200,18,6,16
brinquedos,400,18,14,12
perfumaria,117,16,12,13
automotivo,85,21,3,17
livros_tecnicos,400,23,2,16
eletrodomesticos,15100,29,14,21
cool_stuff,300,16,11,16
livros_tecnicos,650,17,24,11
cool_stuff,850,100,7,50
utilidades_domesticas,8750,35,15,35
telefonia,500,16,16,16
utilidades_domesticas,600,24,6,16
construcao_ferramentas_construcao,1400,20,42,20
brinquedos,690,40,17,18
relogios_presentes,133,17,11,13
automotivo,850,24,18,18
cama_mesa_banho,18100,63,30,44
utilidades_domesticas,6200,31,38,28
bebes,200,30,4,20
informatica_acessorios,500,19,11,15
automotivo,260,18,6,17
esporte_lazer,550,16,13,11
esporte_lazer,1325,21,32,17
bebes,150,20,6,15
cama_mesa_banho,1900,45,10,34
telefonia_fixa,200,16,2,11
utilidades_domesticas,700,16,45,11
cama_mesa_banho,500,60,9,50
utilidades_domesticas,3300,60,50,60
papelaria,600,35,5,50
moveis_decoracao,200,18,8,18
utilidades_domesticas,10100,40,20,30
automotivo,10300,54,57,20
papelaria,800,16,7,21
market_place,300,18,11,14
informatica_acessorios,150,40,2,24
esporte_lazer,1250,31,32,31
automotivo,800,26,9,24
papelaria,7550,60,20,29
esporte_lazer,2488,30,23,31
moveis_sala,5050,50,10,55
automotivo,250,16,15,16
beleza_saude,150,16,17,14
brinquedos,900,21,25,21
sinalizacao_e_seguranca,450,20,13,33
livros_interesse_geral,910,21,11,18
esporte_lazer,650,22,12,22
ferramentas_jardim,700,20,45,20
esporte_lazer,305,23,13,21
malas_acessorios,17200,45,70,25
beleza_saude,350,27,4,11
papelaria,980,40,31,28
tablets_impressao_imagem,100,16,6,14
esporte_lazer,800,50,15,25
cool_stuff,2375,16,15,65
papelaria,1550,18,16,18
cama_mesa_banho,8500,50,25,25
brinquedos,7811,45,28,46
brinquedos,4300,20,62,35
informatica_acessorios,2425,17,8,11
esporte_lazer,500,16,15,12
esporte_lazer,400,25,15,11
informatica_acessorios,100,60,16,11
informatica_acessorios,1850,27,10,20
moveis_decoracao,450,80,20,20
beleza_saude,3500,24,15,17
malas_acessorios,900,18,51,35
esporte_lazer,250,35,15,20
utilidades_domesticas,20600,50,50,50
bebes,500,30,5,30
esporte_lazer,1250,33,25,28
casa_construcao,3800,30,35,30
utilidades_domesticas,1500,60,15,20
eletronicos,2200,45,15,25
eletrodomesticos,11200,27,12,17
eletronicos,150,20,11,16
alimentos,8238,44,28,36
perfumaria,900,20,7,23
brinquedos,450,18,10,13
consoles_games,5200,32,52,37
moveis_escritorio,13175,57,55,22
utilidades_domesticas,500,16,19,11
pet_shop,21700,50,60,60
cine_foto,117,9,11,12
agro_industria_e_comercio,1900,40,15,20
automotivo,500,16,4,11
eletrodomesticos,450,18,8,13
informatica_acessorios,888,27,12,25
esporte_lazer,200,25,5,20
consoles_games,400,21,9,14
audio,620,23,15,17
cama_mesa_banho,1450,54,9,42
beleza_saude,250,25,15,20
utilidades_domesticas,750,28,4,36
pet_shop,50,16,16,16
informatica_acessorios,225,17,14,13
alimentos,1250,17,10,28
moveis_decoracao,5300,44,17,44
utilidades_domesticas,1650,38,26,26
fashion_bolsas_e_acessorios,150,16,5,15
utilidades_domesticas,1200,18,28,18
moveis_decoracao,400,18,18,18
fashion_bolsas_e_acessorios,150,16,5,14
cool_stuff,900,25,37,36
moveis_decoracao,300,20,10,15
brinquedos,3000,20,62,35
utilidades_domesticas,100,28,17,11
beleza_saude,1167,19,16,16
pet_shop,8400,85,10,60
relogios_presentes,325,19,8,12
beleza_saude,300,30,16,16
informatica_acessorios,400,18,9,14
esporte_lazer,650,19,15,16
utilidades_domesticas,225,31,13,28
industria_comercio_e_negocios,7800,16,105,30
informatica_acessorios,663,21,15,13
bebes,700,16,24,35
utilidades_domesticas,200,30,10,15
moveis_escritorio,12700,58,20,58
automotivo,300,25,25,25
instrumentos_musicais,850,42,8,40
esporte_lazer,1250,41,6,33
utilidades_domesticas,1500,24,20,22
utilidades_domesticas,1600,30,40,30
cama_mesa_banho,2200,47,21,41
utilidades_domesticas,2100,30,30,30
relogios_presentes,400,30,10,30
utilidades_domesticas,2225,16,30,13
esporte_lazer,850,16,10,11
ferramentas_jardim,11100,71,16,56
utilidades_domesticas,1250,32,18,24
moveis_decoracao,2050,30,35,30
livros_tecnicos,900,23,3,16
perfumaria,625,27,11,15
pet_shop,400,30,21,26
ferramentas_jardim,1650,25,4,25
informatica_acessorios,740,20,16,12
esporte_lazer,232,18,13,14
beleza_saude,450,20,6,13
eletronicos,400,25,12,32
moveis_decoracao,400,20,6,20
papelaria,7050,60,20,29
cama_mesa_banho,800,78,3,52
moveis_decoracao,1650,40,20,20
telefonia,800,20,20,20
relogios_presentes,483,16,11,16
informatica_acessorios,975,36,15,15
informatica_acessorios,5800,52,17,23
beleza_saude,750,22,12,22
ferramentas_jardim,550,17,17,17
moveis_colchao_e_estofado,30000,60,73,60
utilidades_domesticas,390,23,14,17
bebes,6400,47,24,33
moveis_cozinha_area_de_servico_jantar_e_jardim,23900,100,20,60
instrumentos_musicais,617,31,9,31
malas_acessorios,850,23,19,20
bebes,1225,22,31,30
moveis_decoracao,10250,36,47,36
bebes,450,43,6,30
livros_tecnicos,1000,16,2,11
brinquedos,250,40,10,25
cool_stuff,1900,42,25,15
utilidades_domesticas,1050,20,15,20
utilidades_domesticas,10950,67,20,49
automotivo,367,17,12,12
informatica_acessorios,100,18,8,18
informatica_acessorios,1550,30,22,26
automotivo,620,17,12,15
moveis_decoracao,5975,51,8,51
cama_mesa_banho,2150,26,26,23
utilidades_domesticas,300,20,25,20
brinquedos,700,43,7,30
relogios_presentes,800,25,14,16
relogios_presentes,214,17,11,13
utilidades_domesticas,1550,30,15,30
informatica_acessorios,950,35,18,12
brinquedos,3500,62,11,22
malas_acessorios,483,24,25,29
brinquedos,150,16,18,18
informatica_acessorios,1125,21,20,29
automotivo,5450,45,20,45
beleza_saude,1300,20,30,20
telefonia,317,21,14,16
esporte_lazer,600,20,7,14
informatica_acessorios,533,22,11,20
telefonia,125,16,10,13
moveis_decoracao,1400,32,6,28
automotivo,120,17,11,14
consoles_games,100,16,16,20
moveis_decoracao,2300,40,7,30
cama_mesa_banho,4250,40,15,23
informatica_acessorios,250,18,18,16
esporte_lazer,7050,20,105,20
climatizacao,5150,36,47,46
ferramentas_jardim,1100,20,20,20
ferramentas_jardim,6700,35,12,22
eletronicos,1617,26,8,22
informatica_acessorios,810,34,16,16
instrumentos_musicais,1100,90,20,40
bebidas,5900,55,28,28
fashion_bolsas_e_acessorios,400,16,11,11
automotivo,10600,78,4,47
beleza_saude,1550,27,9,18
utilidades_domesticas,4550,30,15,46
ferramentas_jardim,300,23,22,17
bebes,450,20,15,15
bebidas,850,16,13,15
industria_comercio_e_negocios,1250,39,15,23
utilidades_domesticas,250,45,15,20
brinquedos,1700,28,50,24
automotivo,372,24,15,18
esporte_lazer,250,30,10,30
ferramentas_jardim,1650,34,12,30
cama_mesa_banho,400,25,3,21
ferramentas_jardim,850,24,12,14
cama_mesa_banho,950,40,4,30
esporte_lazer,1600,19,11,11
esporte_lazer,750,59,14,12
casa_construcao,1250,23,30,15
moveis_escritorio,11000,58,28,58
relogios_presentes,250,105,13,13
informatica_acessorios,1649,23,12,21
esporte_lazer,500,30,15,15
automotivo,633,20,13,16
eletroportateis,4000,40,20,25
portateis_casa_forno_e_cafe,700,30,15,15
papelaria,450,20,8,14
ferramentas_jardim,250,17,5,12
cool_stuff,1632,30,20,19
informatica_acessorios,1850,16,9,36
beleza_saude,460,36,10,16
moveis_sala,5500,60,10,40
cama_mesa_banho,5326,71,16,50
cama_mesa_banho,650,75,2,65
papelaria,125,22,9,15
beleza_saude,250,19,18,18
audio,300,16,4,12
eletrodomesticos,275,23,11,16
moveis_escritorio,11600,57,56,22
pet_shop,3550,48,12,24
papelaria,8150,35,60,40
papelaria,650,35,15,28
utilidades_domesticas,7300,51,24,28
eletronicos,5700,20,15,13
automotivo,1100,24,18,18
pet_shop,6500,59,10,35
cama_mesa_banho,2600,41,8,36
moveis_decoracao,23900,66,42,66
telefonia,125,18,3,12
brinquedos,200,30,7,20
brinquedos,925,40,21,29
utilidades_domesticas,22050,70,35,51
cool_stuff,275,18,9,18
bebidas,150,20,20,20
cama_mesa_banho,133,22,5,17
construcao_ferramentas_construcao,667,20,8,21
esporte_lazer,350,21,6,17
agro_industria_e_comercio,8650,39,45,23
artes,350,16,11,12
ferramentas_jardim,1130,38,26,20
cool_stuff,3250,35,23,21
consoles_games,500,20,20,20
cama_mesa_banho,9750,35,12,30
casa_construcao,300,23,9,11
moveis_decoracao,600,17,20,38
instrumentos_musicais,5750,30,15,100
beleza_saude,650,19,12,13
moveis_decoracao,750,60,11,20
moveis_decoracao,3100,20,20,20
esporte_lazer,3717,40,40,45
informatica_acessorios,1083,35,22,14
perfumaria,425,17,13,14
cama_mesa_banho,5100,45,45,15
automotivo,5850,47,19,23
esporte_lazer,1050,16,50,11
cama_mesa_banho,1200,42,6,32
informatica_acessorios,350,19,19,13
esporte_lazer,832,21,19,19
ferramentas_jardim,200,17,25,16
moveis_quarto,10350,41,47,31
informatica_acessorios,800,16,12,37
eletrodomesticos_2,6025,32,35,35
informatica_acessorios,350,30,5,24
esporte_lazer,15200,52,40,42
relogios_presentes,308,16,11,12
eletrodomesticos_2,700,28,28,28
moveis_escritorio,13950,58,20,58
relogios_presentes,600,25,25,25
moveis_colchao_e_estofado,1700,70,10,100
utilidades_domesticas,1275,29,21,29
utilidades_domesticas,900,35,15,24
perfumaria,350,20,10,20
pet_shop,250,16,6,11
construcao_ferramentas_jardim,900,26,9,24
esporte_lazer,300,29,10,12
esporte_lazer,213,19,20,19
casa_construcao,1600,30,20,30
ferramentas_jardim,3550,100,20,30
brinquedos,3075,44,45,23
brinquedos,1575,19,51,20
esporte_lazer,1150,27,12,17
brinquedos,1284,43,17,24
pet_shop,100,16,16,11
esporte_lazer,7400,100,10,16
esporte_lazer,300,25,16,16
brinquedos,2600,35,25,35
automotivo,3550,35,20,20
perfumaria,388,20,14,17
instrumentos_musicais,1250,26,6,26
cama_mesa_banho,300,20,5,20
informatica_acessorios,1088,33,20,15
eletronicos,1250,22,5,22
brinquedos,650,37,5,23
musica,200,16,9,11
beleza_saude,375,16,13,15
cama_mesa_banho,850,24,13,18
utilidades_domesticas,50,16,16,16
automotivo,320,21,7,14
informatica_acessorios,1000,34,15,15
cool_stuff,200,16,17,11
bebes,950,99,5,47
papelaria,900,20,35,45
telefonia,200,16,4,11
telefonia,350,16,2,11
consoles_games,150,17,11,13
esporte_lazer,2300,52,8,20
pet_shop,100,20,20,20
brinquedos,1483,35,35,29
cama_mesa_banho,10500,50,30,40
eletroportateis,18700,75,40,40
moveis_decoracao,750,30,18,21
brinquedos,850,25,55,25
bebes,3974,35,37,22
papelaria,1400,16,7,12
esporte_lazer,400,22,18,12
automotivo,1400,50,20,30
automotivo,133,18,2,14
telefonia,185,24,7,16
brinquedos,925,43,38,38
relogios_presentes,358,19,12,15
cama_mesa_banho,900,43,8,33
utilidades_domesticas,3300,21,34,34
cama_mesa_banho,950,27,5,27
informatica_acessorios,300,21,6,21
pet_shop,800,35,8,35
informatica_acessorios,820,26,13,23
cool_stuff,125,16,12,12
moveis_sala,3350,46,9,56
eletronicos,6700,89,16,35
utilidades_domesticas,20100,43,79,41
construcao_ferramentas_seguranca,600,23,10,14
relogios_presentes,1000,53,8,18
utilidades_domesticas,11500,20,50,28
moveis_cozinha_area_de_servico_jantar_e_jardim,6450,48,18,48
ferramentas_jardim,1300,26,26,20
informatica_acessorios,800,28,20,42
moveis_decoracao,1500,105,5,30
automotivo,800,20,20,11
beleza_saude,500,16,8,11
esporte_lazer,900,62,7,36
utilidades_domesticas,775,23,21,17
utilidades_domesticas,8200,40,40,40
beleza_saude,900,18,12,18
eletrodomesticos,7600,30,50,40
cama_mesa_banho,917,43,13,28
automotivo,1650,30,30,30
beleza_saude,225,20,18,18
utilidades_domesticas,515,17,14,19
construcao_ferramentas_construcao,950,22,22,16
consoles_games,200,33,33,33
cama_mesa_banho,3150,33,8,40
beleza_saude,600,17,23,20
cama_mesa_banho,3300,50,15,40
brinquedos,1600,23,41,16
beleza_saude,450,29,14,15
fashion_roupa_masculina,900,30,6,30
ferramentas_jardim,7500,45,27,36
automotivo,6225,56,11,32
cama_mesa_banho,1350,43,8,33
bebes,250,23,5,38
market_place,500,33,6,22
eletroportateis,900,16,10,16
perfumaria,500,19,10,16
cool_stuff,585,21,20,19
fashion_bolsas_e_acessorios,500,16,5,20
moveis_decoracao,3200,36,30,19
telefonia_fixa,300,15,8,9
relogios_presentes,7200,32,30,13
relogios_presentes,500,16,17,13
cama_mesa_banho,4500,20,30,30
cama_mesa_banho,2288,42,11,36
construcao_ferramentas_construcao,1800,16,11,11
fashion_bolsas_e_acessorios,250,20,20,20
brinquedos,1050,26,30,19
utilidades_domesticas,800,16,12,11
livros_interesse_geral,500,25,3,16
ferramentas_jardim,4000,47,14,20
esporte_lazer,750,16,105,15
beleza_saude,350,34,4,15
agro_industria_e_comercio,250,25,10,15
bebes,1000,40,30,30
ferramentas_jardim,1000,16,20,18
alimentos_bebidas,1900,16,33,18
beleza_saude,553,20,13,18
livros_interesse_geral,500,20,24,17
cama_mesa_banho,2600,43,8,33
esporte_lazer,933,34,17,38
esporte_lazer,300,25,5,30
casa_construcao,150,16,11,11
pet_shop,475,29,27,32
esporte_lazer,400,30,6,20
perfumaria,597,21,16,16
perfumaria,463,20,12,18
climatizacao,8600,29,50,25
utilidades_domesticas,300,22,9,15
beleza_saude,1267,17,16,14
cama_mesa_banho,950,30,4,40
moveis_quarto,50,42,13,58
automotivo,300,20,2,60
pet_shop,11450,79,26,26
esporte_lazer,650,30,30,30
papelaria,5550,28,55,37
perfumaria,400,22,3,16
informatica_acessorios,700,30,30,20
cama_mesa_banho,900,20,10,15
utilidades_domesticas,400,30,30,11
automotivo,100,28,2,11
climatizacao,5000,55,19,46
cool_stuff,200,18,5,21
ferramentas_jardim,1600,18,22,20
esporte_lazer,270,17,14,13
esporte_lazer,200,16,13,12
beleza_saude,500,16,10,20
brinquedos,550,37,7,26
beleza_saude,200,16,14,12
relogios_presentes,450,17,12,12
moveis_decoracao,5200,31,30,31
beleza_saude,200,17,11,15
construcao_ferramentas_construcao,1100,20,10,20
ferramentas_jardim,850,40,15,40
beleza_saude,2500,19,28,17
relogios_presentes,150,16,17,14
beleza_saude,630,21,12,15
brinquedos,250,17,14,17
cama_mesa_banho,800,35,8,30
relogios_presentes,700,24,12,16
utilidades_domesticas,2150,21,34,34
informatica_acessorios,1900,26,20,28
instrumentos_musicais,350,16,16,16
cool_stuff,2867,38,14,37
utilidades_domesticas,1150,50,10,35
moveis_sala,14950,60,2,20
malas_acessorios,950,35,12,25
cool_stuff,450,40,4,30
ferramentas_jardim,700,24,3,24
casa_construcao,1450,35,11,20
moveis_decoracao,2400,41,26,31
bebes,50,31,2,28
utilidades_domesticas,20450,43,79,41
eletronicos,1650,26,35,26
beleza_saude,3500,18,11,36
eletronicos,900,30,15,30
esporte_lazer,550,30,20,30
construcao_ferramentas_construcao,150,16,8,11
moveis_decoracao,550,27,15,20
utilidades_domesticas,850,25,11,18
bebes,850,36,4,29
utilidades_domesticas,3100,30,30,18
utilidades_domesticas,185,20,15,15
telefonia,100,16,2,20
cama_mesa_banho,8500,50,18,28
papelaria,450,30,19,30
esporte_lazer,950,45,35,20
livros_interesse_geral,300,23,2,16
esporte_lazer,296,16,20,18
moveis_escritorio,14600,58,20,58
brinquedos,300,32,10,26
climatizacao,525,16,17,12
esporte_lazer,450,21,25,21
portateis_casa_forno_e_cafe,950,22,29,19
moveis_decoracao,5650,33,33,43
esporte_lazer,225,25,18,18
beleza_saude,3725,20,20,20
artes_e_artesanato,267,24,7,13
perfumaria,450,27,7,13
automotivo,850,25,25,25
esporte_lazer,1500,38,28,12
brinquedos,1458,24,22,15
automotivo,8600,31,31,31
papelaria,3950,53,4,43
beleza_saude,2450,30,12,16
cama_mesa_banho,1300,40,7,31
cool_stuff,200,28,10,12
sinalizacao_e_seguranca,575,17,15,50
market_place,2600,45,20,20
livros_tecnicos,700,22,5,15
utilidades_domesticas,1450,33,31,26
telefonia,200,22,5,16
brinquedos,400,25,12,40
construcao_ferramentas_iluminacao,200,22,22,22
automotivo,3700,30,7,25
informatica_acessorios,523,24,14,19
cama_mesa_banho,200,25,5,18
cool_stuff,4650,37,20,34
utilidades_domesticas,650,20,10,15
cool_stuff,400,25,15,24
cama_mesa_banho,1250,45,8,35
pet_shop,3250,35,20,45
moveis_decoracao,22800,90,44,42
livros_tecnicos,2000,33,6,22
cama_mesa_banho,10300,31,71,51
cama_mesa_banho,15200,16,10,16
brinquedos,333,18,15,13
casa_conforto,5200,45,15,35
eletroportateis,8100,39,31,33
moveis_decoracao,1900,53,8,11
eletronicos,525,25,10,35
ferramentas_jardim,9700,28,41,36
moveis_escritorio,11400,52,52,16
moveis_decoracao,950,40,15,31
brinquedos,105,18,13,16
instrumentos_musicais,1050,30,30,30
utilidades_domesticas,450,30,20,11
ferramentas_jardim,21900,60,25,45
ferramentas_jardim,6325,35,35,32
relogios_presentes,225,19,12,15
utilidades_domesticas,1100,16,20,26
bebes,800,30,20,40
artes,1947,98,6,44
beleza_saude,700,18,15,15
moveis_decoracao,15100,59,20,38
malas_acessorios,900,30,40,20
perfumaria,400,20,5,12
musica,7450,100,12,47
ferramentas_jardim,6950,21,65,21
telefonia,200,18,3,11
perfumaria,700,19,16,19
ferramentas_jardim,575,23,13,23
fashion_bolsas_e_acessorios,3400,20,50,40
beleza_saude,1000,20,20,20
bebes,650,38,15,43
cama_mesa_banho,2267,49,13,45
automotivo,2300,50,10,50
beleza_saude,150,16,10,16
pet_shop,200,16,14,11
consoles_games,400,25,5,23
esporte_lazer,1100,16,10,15
brinquedos,600,35,13,25
construcao_ferramentas_seguranca,350,18,20,16
esporte_lazer,1054,23,21,20
eletronicos,200,17,9,17
papelaria,500,20,20,20
perfumaria,175,17,12,14
utilidades_domesticas,2850,67,7,31
cine_foto,1950,60,15,15
ferramentas_jardim,7700,18,64,40
moveis_decoracao,800,41,23,25
esporte_lazer,400,20,15,15
informatica_acessorios,890,27,20,34
utilidades_domesticas,3200,16,10,16
esporte_lazer,500,33,13,18
esporte_lazer,200,30,8,11
utilidades_domesticas,5380,37,31,35
eletronicos,225,22,11,16
ferramentas_jardim,150,16,16,11
bebes,257,44,12,24
cool_stuff,600,60,16,20
consoles_games,567,20,14,18
utilidades_domesticas,5250,30,30,20
moveis_decoracao,150,16,22,18
informatica_acessorios,2250,16,18,16
fashion_bolsas_e_acessorios,1150,41,13,42
perfumaria,525,16,16,18
brinquedos,1450,40,20,30
informatica_acessorios,150,18,3,11
moveis_decoracao,400,21,4,28
informatica_acessorios,200,18,8,16
eletrodomesticos,225,28,13,18
ferramentas_jardim,1600,45,15,45
automotivo,250,25,15,20
beleza_saude,23975,80,50,48
papelaria,250,25,10,15
esporte_lazer,435,19,23,19
moveis_decoracao,1700,38,25,33
casa_construcao,3500,50,25,30
utilidades_domesticas,1100,24,28,39
automotivo,4105,67,10,67
moveis_decoracao,400,54,6,11
cama_mesa_banho,100,28,10,24
papelaria,850,28,13,25
esporte_lazer,400,31,10,35
perfumaria,467,19,10,14
eletroportateis,600,17,17,20
bebes,1550,37,35,32
informatica_acessorios,83,12,8,8
cama_mesa_banho,3600,40,10,30
informatica_acessorios,900,20,20,20
consoles_games,230,17,31,22
utilidades_domesticas,700,18,40,18
malas_acessorios,21400,32,77,52
cama_mesa_banho,1425,43,10,33
cama_mesa_banho,16950,40,20,30
telefonia,6050,16,3,11
cool_stuff,1550,28,36,27
cama_mesa_banho,800,30,10,20
cama_mesa_banho,950,49,7,39
utilidades_domesticas,30000,32,75,32
casa_construcao,550,16,16,16
construcao_ferramentas_construcao,1450,30,10,20
perfumaria,100,16,12,11
livros_interesse_geral,1050,27,30,16
artigos_de_natal,12150,70,25,39
papelaria,4600,60,20,29
eletronicos,125,21,17,17
moveis_decoracao,2800,30,35,30
cool_stuff,1700,43,24,31
moveis_escritorio,25500,48,45,56
market_place,200,16,20,16
esporte_lazer,280,25,5,20
moveis_decoracao,450,29,12,26
moveis_decoracao,4450,104,6,34
eletronicos,550,20,10,14
automotivo,600,16,14,13
informatica_acessorios,215,22,10,18
malas_acessorios,900,40,20,30
automotivo,1500,40,6,28
alimentos_bebidas,1450,16,37,11
utilidades_domesticas,150,18,9,12
cama_mesa_banho,2700,40,15,40
perfumaria,390,19,14,14
consoles_games,350,20,30,20
construcao_ferramentas_iluminacao,1000,16,20,16
instrumentos_musicais,5400,21,39,41
beleza_saude,792,19,14,16
brinquedos,650,33,14,23
relogios_presentes,120,16,11,11
malas_acessorios,1400,50,50,20
utilidades_domesticas,12100,80,20,33
pet_shop,553,23,17,19
utilidades_domesticas,850,21,21,21
eletronicos,100,17,6,11
informatica_acessorios,575,33,19,19
esporte_lazer,2350,62,10,22
cama_mesa_banho,850,25,16,23
alimentos_bebidas,500,28,15,20
bebes,200,16,5,20
beleza_saude,225,18,9,12
brinquedos,2300,61,26,26
informatica_acessorios,1000,30,6,16
brinquedos,1017,37,5,37
casa_construcao,1250,50,20,19
cama_mesa_banho,2250,43,8,33
papelaria,1050,21,10,16
informatica_acessorios,611,26,17,22
moveis_decoracao,3900,18,26,38
beleza_saude,100,27,28,27
industria_comercio_e_negocios,300,80,50,50
cama_mesa_banho,1000,50,16,16
beleza_saude,200,23,9,14
informatica_acessorios,1100,16,16,16
utilidades_domesticas,1500,30,30,30
moveis_decoracao,650,17,17,17
perfumaria,457,25,9,21
consoles_games,300,16,16,16
cama_mesa_banho,1300,34,2,29
informatica_acessorios,850,32,16,16
telefonia_fixa,90,19,3,11
esporte_lazer,6850,93,6,93
bebidas,250,18,18,18
eletronicos,475,22,16,18
beleza_saude,3350,25,27,29
informatica_acessorios,167,16,11,15
eletroportateis,11700,60,40,40
informatica_acessorios,115,16,13,11
cama_mesa_banho,2800,40,7,30
ferramentas_jardim,1500,43,8,33
perfumaria,316,25,9,19
industria_comercio_e_negocios,7400,45,15,45
brinquedos,350,16,25,15
utilidades_domesticas,8000,40,40,40
informatica_acessorios,5300,17,15,30
fashion_bolsas_e_acessorios,500,23,23,16
esporte_lazer,3400,25,42,25
informatica_acessorios,117,17,8,12
esporte_lazer,710,24,15,19
bebes,12000,65,44,25
beleza_saude,1875,36,25,20
moveis_decoracao,433,45,4,35
moveis_escritorio,10050,54,28,53
esporte_lazer,800,28,6,26
beleza_saude,2600,22,8,16
relogios_presentes,90,19,10,15
informatica_acessorios,1523,39,25,21
beleza_saude,125,20,16,19
relogios_presentes,300,16,9,17
automotivo,14500,40,20,40
livros_interesse_geral,300,22,3,15
cama_mesa_banho,1150,36,6,20
brinquedos,1300,34,21,34
moveis_cozinha_area_de_servico_jantar_e_jardim,6500,51,44,45
utilidades_domesticas,6800,40,40,20
moveis_decoracao,4000,40,50,40
esporte_lazer,3900,32,35,33
eletronicos,150,20,12,16
ferramentas_jardim,250,22,6,11
esporte_lazer,1525,20,16,21
pet_shop,4800,82,8,39
beleza_saude,1275,21,21,21
construcao_ferramentas_construcao,500,40,11,11
cama_mesa_banho,1600,34,12,21
esporte_lazer,400,16,20,16
cama_mesa_banho,950,45,15,30
eletronicos,220,19,16,17
beleza_saude,125,13,7,9
relogios_presentes,700,18,12,16
utilidades_domesticas,750,30,15,15
moveis_decoracao,6050,25,50,45
informatica_acessorios,900,16,100,25
papelaria,50,16,2,11
automotivo,8550,56,11,32
beleza_saude,1250,25,29,15
automotivo,1450,35,15,29
brinquedos,350,21,22,22
utilidades_domesticas,450,29,29,29
esporte_lazer,150,21,4,19
papelaria,5900,35,35,26
telefonia,401,17,9,11
construcao_ferramentas_construcao,2500,40,10,26
utilidades_domesticas,1178,27,22,17
brinquedos,400,30,9,18
relogios_presentes,287,17,12,12
esporte_lazer,1000,50,20,20
utilidades_domesticas,500,16,16,11
perfumaria,190,23,14,21
bebes,11763,41,55,35
beleza_saude,100,18,9,12
cama_mesa_banho,1000,40,8,20
eletroportateis,3350,25,20,20
pet_shop,65,65,5,50
esporte_lazer,1800,30,50,50
cama_mesa_banho,16400,45,15,35
esporte_lazer,4450,20,20,20
cama_mesa_banho,2500,40,6,30
cama_mesa_banho,4250,50,14,70
esporte_lazer,900,40,20,20
utilidades_domesticas,2450,16,5,11
cama_mesa_banho,2000,40,20,40
construcao_ferramentas_jardim,750,60,11,23
utilidades_domesticas,2841,40,23,26
utilidades_domesticas,400,30,15,15
moveis_decoracao,5400,17,17,60
bebes,350,60,2,20
cama_mesa_banho,10500,58,20,46
perfumaria,100,16,8,20
instrumentos_musicais,767,17,7,12
esporte_lazer,5800,82,15,22
industria_comercio_e_negocios,11325,18,105,30
moveis_decoracao,250,16,28,16
relogios_presentes,550,20,10,16
automotivo,1050,18,22,20
brinquedos,700,44,12,22
cama_mesa_banho,4025,40,15,23
cama_mesa_banho,600,50,11,11
construcao_ferramentas_construcao,2350,16,11,11
construcao_ferramentas_construcao,1633,32,18,26
brinquedos,300,22,8,28
instrumentos_musicais,7900,70,15,45
automotivo,1475,23,9,13
esporte_lazer,500,25,20,20
cool_stuff,9200,75,50,22
ferramentas_jardim,700,20,10,20
beleza_saude,475,16,14,11
esporte_lazer,5350,20,42,38
beleza_saude,260,17,16,15
utilidades_domesticas,800,30,30,30
informatica_acessorios,300,25,8,20
automotivo,10700,40,20,40
moveis_decoracao,300,24,3,12
eletrodomesticos,4750,47,13,26
industria_comercio_e_negocios,675,25,30,26
relogios_presentes,375,14,8,13
livros_interesse_geral,500,40,4,30
pcs,3200,30,7,40
moveis_escritorio,11575,57,55,22
portateis_cozinha_e_preparadores_de_alimentos,625,28,27,24
utilidades_domesticas,200,16,10,14
automotivo,3800,35,20,20
esporte_lazer,5600,50,20,40
pet_shop,450,30,10,20
construcao_ferramentas_construcao,1850,55,16,16
utilidades_domesticas,400,31,3,11
eletronicos,1400,25,6,14
brinquedos,450,30,15,20
eletronicos,528,17,19,14
automotivo,700,16,20,11
moveis_decoracao,300,30,30,30
utilidades_domesticas,183,20,9,15
cama_mesa_banho,50,20,2,15
cama_mesa_banho,4900,50,10,45
telefonia,100,20,7,15
telefonia_fixa,1000,24,6,24
brinquedos,600,39,29,32
livros_interesse_geral,200,21,2,16
bebes,1400,42,25,15
cama_mesa_banho,850,70,10,40
moveis_decoracao,550,16,6,11
telefonia_fixa,441,24,18,20
cama_mesa_banho,5500,56,21,42
construcao_ferramentas_construcao,450,34,4,16
moveis_escritorio,10850,55,27,55
pcs,13000,28,51,54
brinquedos,850,35,6,37
beleza_saude,870,25,20,18
ferramentas_jardim,12700,100,25,30
automotivo,1900,40,35,20
instrumentos_musicais,150,16,16,16
esporte_lazer,825,42,14,26
telefonia,183,17,4,12
beleza_saude,400,21,13,16
beleza_saude,1000,31,5,15
ferramentas_jardim,2500,20,20,20
brinquedos,4433,70,25,30
informatica_acessorios,225,25,16,16
cool_stuff,900,44,24,31
esporte_lazer,2100,26,20,22
cama_mesa_banho,2950,100,10,11
beleza_saude,387,21,13,18
brinquedos,500,45,15,15
esporte_lazer,640,23,18,18
brinquedos,600,17,8,14
esporte_lazer,248,32,21,23
moveis_decoracao,2075,29,26,28
cama_mesa_banho,1700,50,7,39
eletrodomesticos_2,4765,32,15,30
eletronicos,14250,38,64,49
eletroportateis,15200,37,55,37
papelaria,14350,101,8,60
esporte_lazer,1250,26,16,11
utilidades_domesticas,400,19,11,11
beleza_saude,650,30,20,20
cool_stuff,2300,53,40,22
moveis_decoracao,1500,40,7,34
cool_stuff,575,26,20,32
beleza_saude,1950,30,10,17
cama_mesa_banho,1050,38,8,28
beleza_saude,675,29,19,16
utilidades_domesticas,2000,16,20,11
cool_stuff,200,32,3,23
cama_mesa_banho,4200,41,13,13
cama_mesa_banho,225,30,6,22
relogios_presentes,750,23,2,20
moveis_decoracao,1500,22,34,28
utilidades_domesticas,750,24,16,16
cool_stuff,200,16,10,20
perfumaria,150,22,11,11
construcao_ferramentas_seguranca,100,20,20,20
perfumaria,400,20,16,16
telefonia,167,18,3,14
perfumaria,550,22,19,21
pet_shop,7750,40,15,63
cama_mesa_banho,1940,29,8,38
pet_shop,5700,54,27,36
eletronicos,175,16,5,11
moveis_decoracao,450,20,15,20
sinalizacao_e_seguranca,575,45,21,23
esporte_lazer,2150,20,20,20
dvds_blu_ray,90,20,2,14
esporte_lazer,750,19,36,24
esporte_lazer,350,25,12,18
cama_mesa_banho,4625,40,15,23
esporte_lazer,150,16,6,22
moveis_decoracao,600,20,56,20
utilidades_domesticas,1500,28,20,28
esporte_lazer,3050,82,15,22
utilidades_domesticas,2950,35,30,30
audio,250,16,2,22
moveis_decoracao,533,23,13,14
beleza_saude,4050,17,11,13
esporte_lazer,150,16,11,11
telefonia,70,19,4,15
brinquedos,500,21,10,15
moveis_decoracao,1050,40,10,40
perfumaria,1200,16,16,16
brinquedos,900,34,7,18
la_cuisine,1750,95,9,37
telefonia_fixa,2300,20,12,33
utilidades_domesticas,200,16,16,14
eletronicos,200,16,4,20
consoles_games,500,18,8,12
pet_shop,1100,54,27,36
papelaria,1300,20,49,33
automotivo,14100,68,18,38
automotivo,200,35,10,20
casa_construcao,4100,27,27,31
informatica_acessorios,880,32,18,17
fashion_bolsas_e_acessorios,100,25,5,16
brinquedos,4633,57,73,36
casa_construcao,1374,29,23,24
beleza_saude,500,16,11,11
esporte_lazer,4800,23,21,22
moveis_decoracao,650,30,30,30
cama_mesa_banho,16000,16,10,16
utilidades_domesticas,12800,35,48,40
automotivo,900,40,4,30
climatizacao,2000,22,38,37
moveis_decoracao,1500,65,15,15
bebes,8800,45,25,45
cama_mesa_banho,2069,65,19,44
moveis_decoracao,21400,105,28,65
moveis_decoracao,2850,50,50,16
malas_acessorios,18050,53,77,33
utilidades_domesticas,2550,16,30,72
moveis_decoracao,1600,40,8,40
beleza_saude,850,20,30,25
construcao_ferramentas_construcao,1400,20,8,20
beleza_saude,600,30,15,16
automotivo,1350,61,8,30
automotivo,4600,102,33,30
relogios_presentes,350,21,12,14
cool_stuff,100,20,3,11
ferramentas_jardim,2750,40,25,20
informatica_acessorios,400,37,6,12
cool_stuff,400,20,22,18
moveis_decoracao,5700,56,15,36
instrumentos_musicais,2150,50,20,30
moveis_decoracao,1300,40,8,40
esporte_lazer,900,16,20,20
papelaria,1100,36,29,33
construcao_ferramentas_iluminacao,1500,30,20,20
utilidades_domesticas,6050,35,12,55
relogios_presentes,550,18,12,13
pet_shop,6150,30,30,30
automotivo,3800,39,5,39
bebes,9133,48,35,64
utilidades_domesticas,600,16,15,12
ferramentas_jardim,1950,33,12,20
automotivo,100,16,2,16
moveis_decoracao,3750,35,20,26
telefonia,600,20,14,12
fashion_roupa_masculina,400,20,17,15
beleza_saude,1750,16,16,16
eletronicos,100,22,9,18
cama_mesa_banho,3800,42,16,36
utilidades_domesticas,1150,35,15,20
beleza_saude,3300,30,12,16
construcao_ferramentas_seguranca,1150,80,7,11
bebes,250,18,8,24
construcao_ferramentas_construcao,150,20,5,20
moveis_decoracao,400,30,5,48
automotivo,200,16,6,20
ferramentas_jardim,2350,28,8,25
moveis_quarto,12500,43,33,33
moveis_decoracao,350,60,20,11
relogios_presentes,500,20,19,17
relogios_presentes,200,16,5,11
beleza_saude,350,23,7,15
beleza_saude,20200,90,60,20
brinquedos,12050,101,12,56
ferramentas_jardim,800,30,12,30
perfumaria,450,21,27,15
malas_acessorios,1150,35,10,34
informatica_acessorios,150,20,15,20
informatica_acessorios,300,30,15,20
pet_shop,1075,25,16,20
artes,275,27,17,21
pet_shop,13100,42,45,30
brinquedos,850,45,5,28
bebes,325,20,12,18
esporte_lazer,552,22,16,18
cool_stuff,200,16,5,11
fashion_bolsas_e_acessorios,150,19,9,11
pet_shop,1250,35,7,48
brinquedos,442,20,16,14
ferramentas_jardim,500,16,33,13
utilidades_domesticas,8250,53,23,43
ferramentas_jardim,3000,67,3,41
cama_mesa_banho,4517,57,17,35
utilidades_domesticas,150,16,10,16
beleza_saude,29100,50,50,11
cama_mesa_banho,5250,49,28,46
portateis_casa_forno_e_cafe,6600,45,25,35
cama_mesa_banho,1200,46,14,40
beleza_saude,625,18,18,18
artigos_de_natal,200,16,7,11
esporte_lazer,8450,42,102,47
esporte_lazer,613,24,15,20
eletrodomesticos,6150,50,2,37
esporte_lazer,1150,20,16,20
brinquedos,1354,26,27,34
utilidades_domesticas,800,40,10,35
beleza_saude,271,19,11,13
utilidades_domesticas,1600,38,20,16
eletrodomesticos,300,34,13,17
ferramentas_jardim,6000,38,34,27
market_place,700,20,20,20
pcs,14300,52,27,52
beleza_saude,250,16,20,15
cama_mesa_banho,1500,37,10,35
pet_shop,1250,68,3,45
utilidades_domesticas,1000,32,22,15
bebes,1000,42,25,15
moveis_decoracao,2350,65,8,45
informatica_acessorios,3012,29,27,26
livros_interesse_geral,950,25,4,18
alimentos_bebidas,650,16,23,17
moveis_decoracao,2700,50,12,40
ferramentas_jardim,472,18,19,18
papelaria,900,38,30,28
esporte_lazer,2450,20,11,20
pet_shop,5850,46,13,43
moveis_decoracao,1950,43,14,12
utilidades_domesticas,400,26,12,20
informatica_acessorios,800,16,29,20
consoles_games,650,26,17,26
beleza_saude,100,16,11,11
brinquedos,10350,43,40,44
eletroportateis,625,21,19,16
informatica_acessorios,20800,57,57,23
esporte_lazer,2200,72,20,12
brinquedos,7000,20,62,35
papelaria,6400,36,36,38
automotivo,11500,60,60,19
moveis_decoracao,4000,47,21,41
esporte_lazer,150,16,6,18
cama_mesa_banho,1500,40,15,30
brinquedos,2690,39,24,40
cool_stuff,4100,58,51,29
bebes,11450,57,78,44
automotivo,1550,37,10,36
moveis_sala,15150,43,38,43
cama_mesa_banho,850,30,30,20
beleza_saude,163,33,4,20
industria_comercio_e_negocios,11950,16,103,25
telefonia,500,23,7,15
beleza_saude,900,30,5,23
casa_construcao,275,20,11,19
cama_mesa_banho,1250,45,15,35
artes,1600,40,30,30
telefonia,200,18,7,16
esporte_lazer,650,50,15,25
automotivo,1600,42,5,42
utilidades_domesticas,5450,20,30,15
beleza_saude,300,36,5,17
moveis_sala,3550,62,27,17
esporte_lazer,3200,30,32,20
cama_mesa_banho,750,49,5,39
moveis_sala,5550,50,10,50
agro_industria_e_comercio,9950,65,26,26
perfumaria,468,23,18,19
eletroportateis,250,20,20,20
moveis_decoracao,12600,35,45,35
esporte_lazer,2450,28,28,20
pet_shop,300,30,3,30
ferramentas_jardim,1750,37,22,40
automotivo,1550,68,9,35
moveis_decoracao,1900,30,30,30
fashion_bolsas_e_acessorios,300,16,6,20
ferramentas_jardim,400,23,3,12
malas_acessorios,700,90,5,11
livros_tecnicos,1000,29,2,20
construcao_ferramentas_construcao,2490,16,19,24
brinquedos,1600,31,27,25
cama_mesa_banho,2325,43,10,33
automotivo,150,19,19,14
brinquedos,10450,35,45,70
bebes,767,30,29,25
consoles_games,400,21,18,17
consoles_games,525,25,22,27
brinquedos,550,52,12,16
automotivo,17250,61,60,36
telefonia_fixa,550,23,17,17
automotivo,2550,30,30,30
beleza_saude,350,18,13,18
market_place,300,19,5,20
utilidades_domesticas,19600,53,35,35
utilidades_domesticas,150,30,10,20
esporte_lazer,4300,16,2,16
automotivo,1000,40,40,40
sinalizacao_e_seguranca,400,29,3,24
utilidades_domesticas,5950,36,26,36
utilidades_domesticas,8150,40,11,40
moveis_decoracao,16350,55,40,40
fashion_bolsas_e_acessorios,100,17,4,13
beleza_saude,300,17,13,13
brinquedos,450,18,14,15
eletronicos,450,30,30,20
papelaria,5650,60,20,29
relogios_presentes,80,16,11,11
esporte_lazer,30000,40,97,40
moveis_decoracao,9050,60,30,30
esporte_lazer,390,18,13,16
malas_acessorios,350,20,20,20
informatica_acessorios,107,7,7,10
livros_interesse_geral,200,21,2,21
eletrodomesticos,250,34,13,12
construcao_ferramentas_seguranca,1050,20,20,20
moveis_decoracao,1500,25,5,25
utilidades_domesticas,500,28,7,20
pet_shop,400,21,21,18
esporte_lazer,500,16,16,20
cama_mesa_banho,950,36,4,29
utilidades_domesticas,320,15,11,15
perfumaria,250,16,10,17
moveis_decoracao,1750,23,23,16
cama_mesa_banho,950,33,9,38
moveis_decoracao,13900,49,42,42
relogios_presentes,200,20,15,20
utilidades_domesticas,200,20,20,20
moveis_decoracao,2400,40,9,35
construcao_ferramentas_jardim,4050,28,28,23
brinquedos,806,34,21,32
eletrodomesticos,550,39,17,39
cool_stuff,6122,32,32,37
papelaria,300,16,10,20
beleza_saude,175,19,18,14
utilidades_domesticas,5000,46,36,36
audio,1150,31,18,19
utilidades_domesticas,225,16,4,14
perfumaria,570,19,13,17
automotivo,1250,30,30,30
pet_shop,3875,33,33,33
ferramentas_jardim,300,18,3,22
beleza_saude,4175,45,39,30
livros_tecnicos,1000,27,5,19
ferramentas_jardim,5000,17,30,30
cool_stuff,8100,24,58,15
telefonia,117,18,6,12
eletrodomesticos,350,29,5,16
sinalizacao_e_seguranca,375,23,9,20
cama_mesa_banho,1400,50,12,12
brinquedos,1063,31,26,35
automotivo,800,20,20,20
esporte_lazer,180,18,10,14
esporte_lazer,450,16,16,16
cama_mesa_banho,1800,30,25,25
eletrodomesticos,15600,35,46,35
moveis_decoracao,3700,25,35,35
market_place,300,16,10,11
cama_mesa_banho,2450,41,8,36
utilidades_domesticas,1400,26,12,30
moveis_decoracao,750,50,10,50
cool_stuff,500,25,37,36
bebes,450,17,22,40
esporte_lazer,3775,35,30,30
esporte_lazer,3510,46,21,32
relogios_presentes,925,22,14,20
beleza_saude,667,30,12,16
utilidades_domesticas,475,19,25,25
papelaria,600,30,30,11
informatica_acessorios,500,30,11,11
artes,2800,70,12,30
moveis_decoracao,5900,66,15,33
automotivo,400,16,5,11
informatica_acessorios,167,16,16,11
moveis_quarto,18900,57,17,42
beleza_saude,4650,23,23,23
relogios_presentes,650,30,15,15
utilidades_domesticas,12600,40,40,50
eletronicos,500,23,16,18
construcao_ferramentas_construcao,11400,44,38,44
bebidas,550,30,15,15
automotivo,3200,26,3,24
ferramentas_jardim,3300,21,35,27
cama_mesa_banho,3150,42,16,34
automotivo,500,40,40,40
cool_stuff,550,27,10,15
relogios_presentes,800,20,20,20
ferramentas_jardim,50,30,20,20
esporte_lazer,2300,17,17,17
bebes,500,46,10,40
automotivo,75,21,2,15
audio,607,19,18,11
relogios_presentes,200,17,13,13
brinquedos,883,32,15,17
ferramentas_jardim,425,20,20,16
esporte_lazer,300,20,12,16
utilidades_domesticas,13600,35,100,35
relogios_presentes,650,16,2,11
esporte_lazer,600,50,12,50
eletrodomesticos,450,35,14,25
telefonia,185,19,9,15
pet_shop,700,25,15,18
beleza_saude,280,18,19,18
moveis_decoracao,1250,60,12,12
esporte_lazer,250,20,11,11
utilidades_domesticas,300,42,5,29
fashion_bolsas_e_acessorios,150,22,2,19
malas_acessorios,1000,16,46,36
moveis_sala,400,25,20,25
brinquedos,2400,16,50,22
esporte_lazer,5455,46,21,32
utilidades_domesticas,700,22,13,13
moveis_decoracao,2300,35,32,47
consoles_games,775,29,21,25
bebes,75,20,15,16
ferramentas_jardim,250,25,10,16
instrumentos_musicais,1500,30,10,25
informatica_acessorios,483,31,19,36
consoles_games,100,16,16,16
moveis_decoracao,1300,30,30,30
utilidades_domesticas,1525,23,13,14
esporte_lazer,1117,22,10,14
construcao_ferramentas_construcao,850,30,25,30
industria_comercio_e_negocios,6100,28,8,28
beleza_saude,400,30,20,30
ferramentas_jardim,4000,40,13,19
beleza_saude,900,30,15,26
beleza_saude,333,21,19,21
relogios_presentes,325,16,12,12
automotivo,650,22,13,12
moveis_decoracao,566,48,19,24
esporte_lazer,398,17,14,14
moveis_cozinha_area_de_servico_jantar_e_jardim,10100,65,63,64
relogios_presentes,550,21,13,16
cama_mesa_banho,300,39,12,39
eletronicos,475,20,11,19
construcao_ferramentas_construcao,6250,33,7,33
bebidas,1600,25,25,25
beleza_saude,3633,34,19,41
relogios_presentes,346,18,10,13
agro_industria_e_comercio,4000,50,30,40
informatica_acessorios,800,31,9,11
moveis_decoracao,600,65,8,13
ferramentas_jardim,2600,30,20,20
utilidades_domesticas,850,45,20,45
livros_interesse_geral,600,22,2,16
ferramentas_jardim,1050,40,6,22
papelaria,1700,28,55,37
utilidades_domesticas,475,38,12,24
casa_construcao,650,22,18,22
cama_mesa_banho,2117,35,8,27
relogios_presentes,258,19,9,12
bebidas,267,18,13,15
cama_mesa_banho,2000,43,5,30
beleza_saude,150,17,10,15
cama_mesa_banho,1133,28,6,20
automotivo,100,20,15,20
consoles_games,500,16,22,16
pet_shop,500,50,20,50
telefonia_fixa,90,18,7,13
esporte_lazer,2450,60,15,15
utilidades_domesticas,600,19,16,16
construcao_ferramentas_construcao,600,20,20,20
pet_shop,1200,50,20,40
beleza_saude,653,19,12,16
perfumaria,550,24,12,16
informatica_acessorios,1350,35,25,35
utilidades_domesticas,1417,36,13,37
cool_stuff,265,24,9,17
climatizacao,5000,50,20,20
beleza_saude,750,18,19,23
utilidades_domesticas,700,16,10,12
telefonia_fixa,666,19,17,16
fashion_bolsas_e_acessorios,50,16,6,20
brinquedos,30000,70,75,37
informatica_acessorios,175,16,7,12
beleza_saude,1400,22,29,13
relogios_presentes,544,16,8,12
moveis_decoracao,7950,16,60,60
livros_interesse_geral,550,26,7,36
beleza_saude,600,16,6,11
brinquedos,1625,45,18,48
esporte_lazer,500,28,12,18
cool_stuff,30000,95,45,55
moveis_decoracao,23500,66,43,66
utilidades_domesticas,1900,38,19,35
pet_shop,6250,56,20,34
bebes,200,16,22,17
beleza_saude,750,18,13,13
esporte_lazer,450,20,15,15
alimentos_bebidas,1200,19,12,12
beleza_saude,1400,25,11,19
moveis_decoracao,11017,40,49,32
cool_stuff,400,20,16,19
informatica_acessorios,300,48,8,20
esporte_lazer,100,18,18,18
esporte_lazer,6500,20,16,20
beleza_saude,200,35,16,28
utilidades_domesticas,900,36,16,36
eletrodomesticos_2,4850,61,15,58
consoles_games,150,20,4,17
moveis_decoracao,2400,65,8,45
alimentos_bebidas,1150,16,17,11
automotivo,4750,56,11,32
utilidades_domesticas,15400,54,54,39
beleza_saude,1250,25,25,25
esporte_lazer,650,30,10,16
cama_mesa_banho,250,28,5,16
cool_stuff,400,30,5,30
beleza_saude,150,19,13,13
brinquedos,150,20,8,11
livros_interesse_geral,875,20,10,30
esporte_lazer,1600,20,25,20
esporte_lazer,1000,42,25,23
esporte_lazer,500,21,11,16
informatica_acessorios,200,33,2,25
esporte_lazer,3250,66,10,51
automotivo,5900,65,25,25
construcao_ferramentas_construcao,200,19,19,19
papelaria,500,19,44,34
cool_stuff,14200,37,40,34
eletronicos,513,30,14,15
utilidades_domesticas,7250,16,16,16
bebes,2197,37,28,30
automotivo,1150,55,12,35
cool_stuff,850,30,17,24
malas_acessorios,650,30,10,32
sinalizacao_e_seguranca,1175,45,38,25
cama_mesa_banho,1100,60,17,42
moveis_sala,850,29,39,25
automotivo,350,25,20,25
papelaria,1250,38,15,29
utilidades_domesticas,8900,28,64,28
cama_mesa_banho,800,35,20,20
esporte_lazer,5850,90,20,20
ferramentas_jardim,3600,30,25,50
esporte_lazer,1225,33,28,28
cama_mesa_banho,22200,37,23,35
cool_stuff,2583,25,38,29
livros_interesse_geral,400,16,2,21
cama_mesa_banho,1450,40,15,32
moveis_decoracao,500,30,5,23
informatica_acessorios,5400,30,20,20
esporte_lazer,6350,90,20,25
brinquedos,8875,50,39,39
utilidades_domesticas,950,45,20,25
cama_mesa_banho,125,28,7,20
cama_mesa_banho,725,43,10,23
brinquedos,300,23,6,23
cama_mesa_banho,1900,35,23,30
brinquedos,583,24,22,23
relogios_presentes,350,17,14,15
esporte_lazer,10000,29,3,29
instrumentos_musicais,300,32,3,16
beleza_saude,500,21,6,21
perfumaria,514,19,17,17
brinquedos,3725,41,32,25
relogios_presentes,510,19,11,15
esporte_lazer,26100,80,85,20
eletroportateis,1833,21,19,22
informatica_acessorios,451,16,12,15
eletronicos,1643,16,8,12
eletrodomesticos,3600,30,11,55
beleza_saude,450,32,5,21
esporte_lazer,1100,18,17,15
pet_shop,2400,40,30,30
esporte_lazer,3350,32,22,22
esporte_lazer,950,17,5,17
brinquedos,1020,43,15,28
eletrodomesticos,2800,27,13,17
consoles_games,3050,34,10,22
ferramentas_jardim,6050,20,20,20
moveis_escritorio,11025,57,57,23
ferramentas_jardim,260,21,19,16
utilidades_domesticas,850,16,25,20
cama_mesa_banho,18850,45,15,35
beleza_saude,1100,20,10,15
utilidades_domesticas,400,25,35,25
esporte_lazer,450,25,15,28
utilidades_domesticas,200,24,12,30
informatica_acessorios,750,36,17,14
cama_mesa_banho,3128,60,24,39
ferramentas_jardim,850,21,20,14
malas_acessorios,850,17,37,28
utilidades_domesticas,975,29,19,26
perfumaria,950,26,8,16
brinquedos,1250,30,20,40
papelaria,1300,40,10,50
automotivo,350,20,15,20
alimentos,1700,16,18,15
bebes,550,99,3,65
pet_shop,7050,40,20,50
moveis_decoracao,500,65,11,20
esporte_lazer,275,25,13,23
informatica_acessorios,200,23,11,15
papelaria,550,40,14,38
utilidades_domesticas,350,25,10,36
cama_mesa_banho,1750,33,15,26
automotivo,300,16,21,13
cool_stuff,417,22,16,21
automotivo,900,16,16,16
construcao_ferramentas_construcao,200,16,5,20
ferramentas_jardim,6150,45,27,36
utilidades_domesticas,9800,25,10,20
relogios_presentes,317,18,11,14
construcao_ferramentas_construcao,1367,19,19,22
automotivo,4150,68,12,68
telefonia,538,14,10,11
pcs,11900,52,52,26
cine_foto,100,16,11,12
informatica_acessorios,95,22,14,11
automotivo,8400,61,13,61
automotivo,130,17,4,14
relogios_presentes,567,16,12,12
alimentos,300,21,11,13
informatica_acessorios,200,20,13,13
automotivo,200,21,7,15
eletroportateis,467,27,17,18
moveis_decoracao,250,16,32,16
moveis_decoracao,14700,100,55,16
cama_mesa_banho,800,50,7,38
ferramentas_jardim,1250,16,26,40
beleza_saude,200,17,13,12
automotivo,225,22,20,16
construcao_ferramentas_construcao,700,21,6,24
beleza_saude,550,40,21,14
relogios_presentes,750,16,2,11
construcao_ferramentas_construcao,1900,16,19,24
moveis_decoracao,2650,45,25,18
ferramentas_jardim,1900,45,30,42
automotivo,1900,33,27,26
informatica_acessorios,433,16,8,14
eletronicos,550,16,16,11
construcao_ferramentas_jardim,235,21,7,15
construcao_ferramentas_construcao,4300,20,24,21
automotivo,1350,28,10,18
utilidades_domesticas,550,17,28,11
esporte_lazer,378,21,14,14
automotivo,3566,63,9,63
automotivo,200,20,15,15
instrumentos_musicais,1150,21,13,21
telefonia,150,16,2,11
automotivo,950,22,19,19
livros_tecnicos,350,17,24,11
informatica_acessorios,100,23,2,20
beleza_saude,1250,26,17,19
ferramentas_jardim,1600,17,17,78
esporte_lazer,11517,51,61,38
cama_mesa_banho,2100,69,20,53
livros_tecnicos,2350,29,5,21
construcao_ferramentas_construcao,500,28,9,18
utilidades_domesticas,305,68,10,19
eletroportateis,12950,40,30,40
cama_mesa_banho,9850,20,40,40
moveis_decoracao,1250,30,5,45
moveis_decoracao,550,20,27,11
beleza_saude,2200,21,27,20
cama_mesa_banho,3100,41,17,34
consoles_games,1800,60,16,20
cama_mesa_banho,2200,50,30,50
portateis_casa_forno_e_cafe,14100,40,60,40
moveis_escritorio,9125,57,55,22
cama_mesa_banho,11350,50,30,40
cama_mesa_banho,1005,34,25,45
eletronicos,133,17,9,14
cama_mesa_banho,1000,33,4,32
moveis_decoracao,13250,52,52,52
utilidades_domesticas,1200,80,16,16
beleza_saude,644,20,15,19
moveis_decoracao,1100,40,7,30
automotivo,4800,47,19,23
utilidades_domesticas,300,18,9,12
consoles_games,98,17,7,12
moveis_decoracao,30000,60,65,60
ferramentas_jardim,263,24,12,16
esporte_lazer,460,22,13,19
automotivo,50,20,2,15
informatica_acessorios,600,28,6,29
eletrodomesticos,300,23,11,16
utilidades_domesticas,5700,54,18,35
cama_mesa_banho,950,44,2,36
eletrodomesticos,1225,31,14,22
casa_construcao,200,16,20,16
esporte_lazer,1600,25,25,25
moveis_decoracao,10050,72,10,72
bebes,15750,79,23,52
fashion_roupa_masculina,400,16,16,16
esporte_lazer,400,16,9,15
utilidades_domesticas,2500,33,15,24
moveis_decoracao,2250,105,3,70
bebes,1150,60,15,40
informatica_acessorios,400,20,6,14
cama_mesa_banho,975,34,5,26
moveis_decoracao,2800,103,8,20
perfumaria,200,22,11,14
utilidades_domesticas,350,20,30,16
beleza_saude,283,18,7,13
bebes,200,38,8,38
telefonia,300,20,8,12
informatica_acessorios,933,32,22,15
perfumaria,700,43,16,27
moveis_decoracao,400,16,16,16
cama_mesa_banho,1800,30,5,30
moveis_decoracao,1450,19,69,19
moveis_decoracao,1350,30,20,20
utilidades_domesticas,1850,39,23,33
cama_mesa_banho,500,16,17,17
moveis_decoracao,550,35,10,25
cool_stuff,1008,40,16,39
beleza_saude,425,22,14,18
cama_mesa_banho,6400,28,28,28
utilidades_domesticas,963,17,15,15
esporte_lazer,367,19,10,17
alimentos,325,16,9,13
informatica_acessorios,926,28,15,17
utilidades_domesticas,300,16,4,11
pet_shop,7050,51,22,42
cama_mesa_banho,1300,37,17,30
esporte_lazer,1400,27,27,18
esporte_lazer,500,30,12,15
esporte_lazer,300,18,6,15
informatica_acessorios,250,17,25,32
cool_stuff,800,20,20,20
construcao_ferramentas_construcao,100,25,3,20
cama_mesa_banho,1250,48,14,68
construcao_ferramentas_ferramentas,500,23,21,14
ferramentas_jardim,500,30,10,20
cama_mesa_banho,300,60,8,40
sinalizacao_e_seguranca,850,19,23,13
utilidades_domesticas,850,16,17,16
automotivo,2800,40,16,40
relogios_presentes,358,21,10,18
climatizacao,400,20,6,15
eletronicos,328,23,8,16
construcao_ferramentas_iluminacao,7700,36,35,35
cool_stuff,850,23,18,33
utilidades_domesticas,100,17,3,11
utilidades_domesticas,350,17,22,22
artes,1700,40,20,25
instrumentos_musicais,600,20,20,20
fashion_roupa_feminina,1000,27,12,23
utilidades_domesticas,1800,31,35,30
fashion_bolsas_e_acessorios,150,16,6,13
automotivo,9025,56,11,32
informatica_acessorios,400,23,14,11
esporte_lazer,281,30,14,25
moveis_decoracao,3300,35,35,35
moveis_decoracao,2500,30,30,30
moveis_decoracao,3000,34,20,30
esporte_lazer,1000,22,12,22
cama_mesa_banho,500,34,23,43
beleza_saude,275,25,6,18
utilidades_domesticas,24200,40,90,60
pet_shop,25000,70,69,56
esporte_lazer,1136,26,29,21
livros_interesse_geral,300,21,5,14
beleza_saude,1650,26,18,11
pet_shop,18800,60,40,42
esporte_lazer,450,40,10,20
esporte_lazer,3100,82,15,22
pet_shop,4975,59,30,47
cama_mesa_banho,3400,39,13,46
eletroportateis,2150,15,38,15
beleza_saude,1300,40,40,16
informatica_acessorios,875,33,15,15
artes,1650,41,10,13
fashion_bolsas_e_acessorios,200,33,8,11
esporte_lazer,900,25,35,30
construcao_ferramentas_iluminacao,6750,42,23,42
beleza_saude,150,23,9,14
pet_shop,1100,20,20,16
brinquedos,1250,33,18,23
automotivo,12000,80,25,25
moveis_decoracao,700,25,10,25
ferramentas_jardim,150,16,16,12
fashion_roupa_masculina,500,35,35,15
ferramentas_jardim,3800,29,21,24
beleza_saude,933,33,10,23
eletrodomesticos,11100,35,46,35
esporte_lazer,30000,80,51,44
cama_mesa_banho,3950,40,12,40
casa_construcao,13900,40,40,40
moveis_decoracao,250,25,10,17
pet_shop,550,17,35,35
automotivo,3300,43,15,27
relogios_presentes,1200,19,10,15
utilidades_domesticas,2500,40,41,28
esporte_lazer,400,17,17,17
papelaria,11150,30,10,30
market_place,200,20,9,12
informatica_acessorios,760,33,13,14
cool_stuff,300,44,5,18
cool_stuff,600,37,19,15
eletroportateis,1900,20,35,30
esporte_lazer,525,40,9,14
moveis_escritorio,22750,70,32,62
pet_shop,2300,40,15,30
pet_shop,5750,18,20,20
utilidades_domesticas,950,22,2,20
esporte_lazer,200,19,19,19
automotivo,350,16,15,16
moveis_escritorio,16125,81,7,83
beleza_saude,650,20,20,20
perfumaria,375,21,11,17
beleza_saude,725,22,14,17
moveis_quarto,6100,43,43,27
bebes,400,55,12,40
cama_mesa_banho,7975,44,16,53
automotivo,1500,50,5,50
beleza_saude,150,18,13,18
construcao_ferramentas_iluminacao,5250,50,50,50
papelaria,350,16,8,12
telefonia,150,22,5,12
eletronicos,150,18,7,11
moveis_decoracao,20800,50,50,45
pet_shop,200,16,4,19
construcao_ferramentas_iluminacao,3900,53,13,53
beleza_saude,75,14,9,7
casa_construcao,30000,40,79,40
cama_mesa_banho,2200,36,16,36
bebes,400,17,17,19
utilidades_domesticas,700,28,22,28
esporte_lazer,800,75,6,35
brinquedos,13150,50,14,104
informatica_acessorios,420,22,16,16
brinquedos,5193,34,38,29
relogios_presentes,500,22,11,11
utilidades_domesticas,1000,21,16,14
moveis_escritorio,18800,101,10,62
automotivo,1950,19,19,14
cama_mesa_banho,2500,40,10,30
cool_stuff,9200,64,35,35
utilidades_domesticas,1550,29,17,23
esporte_lazer,1700,31,24,24
climatizacao,6100,42,42,35
moveis_decoracao,1500,30,10,30
esporte_lazer,700,20,20,20
cama_mesa_banho,850,38,13,25
automotivo,7100,30,30,18
esporte_lazer,300,27,25,27
utilidades_domesticas,2000,30,104,30
esporte_lazer,2920,25,24,22
eletronicos,541,19,12,16
ferramentas_jardim,450,16,19,19
ferramentas_jardim,5400,65,7,27
bebes,10000,16,61,51
cama_mesa_banho,1350,39,7,31
cool_stuff,2550,35,28,22
beleza_saude,1250,16,20,11
relogios_presentes,200,18,8,13
beleza_saude,700,16,2,11
livros_tecnicos,250,33,6,22
construcao_ferramentas_construcao,2000,48,25,48
ferramentas_jardim,800,26,23,23
utilidades_domesticas,300,21,16,15
cama_mesa_banho,650,52,4,42
agro_industria_e_comercio,2150,30,25,15
moveis_decoracao,600,65,7,11
consoles_games,100,16,11,12
papelaria,515,24,15,24
moveis_sala,30000,47,42,74
informatica_acessorios,3550,30,10,30
beleza_saude,1150,27,22,39
eletrodomesticos,475,24,13,15
beleza_saude,150,16,7,11
automotivo,4150,78,4,47
pet_shop,350,17,14,13
beleza_saude,350,16,16,11
brinquedos,200,45,20,30
esporte_lazer,10200,34,38,34
construcao_ferramentas_construcao,1550,37,7,24
automotivo,30000,105,20,50
automotivo,2700,60,21,25
utilidades_domesticas,1150,36,13,14
moveis_decoracao,3100,36,11,26
eletrodomesticos,4000,27,13,17
ferramentas_jardim,200,16,3,20
beleza_saude,275,28,12,22
utilidades_domesticas,1000,30,15,25
construcao_ferramentas_ferramentas,2300,30,9,35
moveis_decoracao,525,14,15,19
instrumentos_musicais,9250,45,20,100
esporte_lazer,11900,20,10,20
relogios_presentes,650,21,4,19
relogios_presentes,536,20,13,18
utilidades_domesticas,400,18,20,11
beleza_saude,600,17,22,20
ferramentas_jardim,2400,16,2,11
beleza_saude,1100,16,16,15
automotivo,400,21,8,11
alimentos_bebidas,300,16,6,11
esporte_lazer,200,21,28,15
fashion_calcados,1050,21,9,22
malas_acessorios,800,40,10,40
cama_mesa_banho,6738,48,32,52
papelaria,450,20,11,20
papelaria,5200,30,40,15
cama_mesa_banho,350,50,5,70
esporte_lazer,400,28,10,13
automotivo,2550,37,28,27
esporte_lazer,200,20,5,20
eletrodomesticos,750,19,10,30
utilidades_domesticas,300,28,8,14
moveis_escritorio,4225,45,55,16
esporte_lazer,3900,37,44,34
eletronicos,2700,37,22,16
moveis_decoracao,3700,45,11,65
moveis_cozinha_area_de_servico_jantar_e_jardim,25800,39,13,102
brinquedos,1904,38,9,35
beleza_saude,4900,18,35,11
cama_mesa_banho,1850,62,14,60
construcao_ferramentas_iluminacao,450,22,22,11
relogios_presentes,1150,46,10,34
ferramentas_jardim,1700,41,18,20
instrumentos_musicais,5300,30,30,30
esporte_lazer,750,23,16,16
casa_construcao,890,21,16,21
utilidades_domesticas,500,23,11,23
beleza_saude,700,16,35,11
telefonia,500,16,10,11
alimentos_bebidas,500,25,9,18
esporte_lazer,1650,25,16,23
cama_mesa_banho,1000,55,15,35
construcao_ferramentas_construcao,641,21,12,17
ferramentas_jardim,300,16,4,20
casa_construcao,450,32,10,11
cama_mesa_banho,2800,37,23,35
moveis_decoracao,13050,82,6,82
utilidades_domesticas,350,25,20,20
esporte_lazer,1813,30,13,28
telefonia_fixa,447,19,14,18
papelaria,100,16,10,16
esporte_lazer,3150,30,27,26
automotivo,15100,77,4,47
livros_interesse_geral,500,24,11,18
informatica_acessorios,4540,37,14,24
automotivo,1250,16,21,15
eletronicos,800,35,30,40
bebes,517,19,18,18
relogios_presentes,175,22,11,15
bebes,1200,25,9,18
casa_conforto,3450,45,15,35
utilidades_domesticas,350,54,27,39
moveis_decoracao,4300,35,15,30
relogios_presentes,325,18,12,14
eletroportateis,6750,26,55,26
fashion_bolsas_e_acessorios,3350,62,20,40
livros_tecnicos,850,28,5,21
telefonia,150,19,8,11
utilidades_domesticas,6050,38,30,38
sinalizacao_e_seguranca,250,17,7,11
esporte_lazer,163,18,14,15
construcao_ferramentas_construcao,2800,22,19,22
cama_mesa_banho,3000,16,50,40
informatica_acessorios,800,32,11,13
cama_mesa_banho,4150,48,38,56
esporte_lazer,400,16,9,11
instrumentos_musicais,3550,71,34,22
esporte_lazer,450,20,43,30
utilidades_domesticas,250,25,7,11
utilidades_domesticas,2200,30,20,30
esporte_lazer,671,33,15,28
malas_acessorios,900,19,50,34
cama_mesa_banho,600,50,5,40
cama_mesa_banho,1725,26,21,23
beleza_saude,50,16,4,11
moveis_decoracao,700,26,6,24
construcao_ferramentas_construcao,14050,54,20,40
cama_mesa_banho,350,34,12,22
automotivo,2450,25,5,25
climatizacao,150,22,8,16
telefonia,188,17,6,12
construcao_ferramentas_construcao,10750,54,18,35
esporte_lazer,500,16,10,22
esporte_lazer,700,20,30,30
informatica_acessorios,267,19,18,17
instrumentos_musicais,350,30,3,14
instrumentos_musicais,12300,54,28,44
artigos_de_natal,250,16,3,11
moveis_decoracao,2100,31,49,31
alimentos,808,18,11,13
bebes,850,30,10,30
ferramentas_jardim,550,20,15,20
informatica_acessorios,200,16,22,16
relogios_presentes,375,17,17,14
utilidades_domesticas,275,24,21,15
informatica_acessorios,200,24,12,13
brinquedos,799,17,13,16
brinquedos,1436,34,27,27
papelaria,5850,38,30,28
automotivo,700,20,5,20
utilidades_domesticas,4900,60,15,36
informatica_acessorios,150,16,19,16
cool_stuff,1000,27,6,21
utilidades_domesticas,850,30,5,30
eletrodomesticos,3900,32,37,22
ferramentas_jardim,650,74,15,41
moveis_decoracao,500,30,15,15
pet_shop,450,20,40,20
perfumaria,150,20,7,20
brinquedos,1133,33,23,21
automotivo,850,35,11,16
bebes,175,21,12,21
climatizacao,6400,56,18,36
relogios_presentes,500,20,11,13
moveis_decoracao,3050,69,11,11
relogios_presentes,500,22,8,20
brinquedos,4150,64,12,36
cama_mesa_banho,2174,46,14,34
telefonia,200,18,18,18
cama_mesa_banho,3400,38,13,46
informatica_acessorios,300,17,16,12
utilidades_domesticas,1000,16,16,16
moveis_decoracao,900,20,20,20
cama_mesa_banho,550,29,6,22
cool_stuff,225,18,8,16
esporte_lazer,3000,93,11,18
beleza_saude,500,37,4,16
informatica_acessorios,150,18,6,14
moveis_decoracao,16600,42,30,42
beleza_saude,100,16,13,16
moveis_decoracao,1375,55,14,14
beleza_saude,575,18,16,17
fashion_bolsas_e_acessorios,150,16,9,19
utilidades_domesticas,500,17,28,11
pcs,12550,43,42,22
cama_mesa_banho,3500,40,15,50
malas_acessorios,500,23,45,32
utilidades_domesticas,600,16,18,11
cool_stuff,100,16,6,11
moveis_decoracao,1600,31,11,26
pet_shop,5000,40,35,35
fashion_calcados,1150,22,9,22
construcao_ferramentas_iluminacao,300,19,16,16
telefonia,350,20,8,12
cama_mesa_banho,525,34,23,43
perfumaria,483,21,15,13
esporte_lazer,517,19,15,14
utilidades_domesticas,10000,34,52,34
informatica_acessorios,300,21,4,18
moveis_decoracao,7100,37,41,37
beleza_saude,273,16,13,14
eletroportateis,13100,37,50,37
esporte_lazer,2350,40,9,30
cool_stuff,102,16,12,14
relogios_presentes,500,19,8,12
papelaria,8000,60,20,29
automotivo,2850,90,25,35
esporte_lazer,350,16,10,16
relogios_presentes,300,18,12,18
automotivo,1775,32,28,28
automotivo,4550,35,20,20
automotivo,13900,40,40,40
instrumentos_musicais,483,31,6,23
esporte_lazer,200,20,2,16
papelaria,200,20,5,30
consoles_games,150,26,4,24
pet_shop,2950,20,20,30
telefonia,350,17,10,12
cama_mesa_banho,2300,43,8,33
casa_construcao,12050,90,20,40
relogios_presentes,286,18,11,14
brinquedos,2033,27,30,32
cama_mesa_banho,20500,55,35,45
esporte_lazer,983,24,15,17
perfumaria,300,30,10,30
informatica_acessorios,500,18,3,19
utilidades_domesticas,400,24,8,11
utilidades_domesticas,650,28,17,28
cama_mesa_banho,600,34,23,43
esporte_lazer,250,17,15,16
bebes,500,34,2,24
utilidades_domesticas,5100,40,25,35
moveis_decoracao,2700,41,26,31
papelaria,300,34,2,25
malas_acessorios,210,17,22,11
moveis_escritorio,16150,58,28,58
esporte_lazer,3050,51,13,31
moveis_decoracao,4000,100,7,65
utilidades_domesticas,257,21,27,16
esporte_lazer,3150,20,25,20
cama_mesa_banho,4100,52,18,42
moveis_decoracao,700,22,14,12
cool_stuff,725,31,23,25
utilidades_domesticas,9900,105,12,40
seguros_e_servicos,1225,27,35,15
dvds_blu_ray,2600,41,11,32
automotivo,950,30,10,13
bebes,500,28,10,32
eletroportateis,800,16,35,25
beleza_saude,1200,16,14,15
utilidades_domesticas,2000,48,10,37
informatica_acessorios,6550,19,40,50
utilidades_domesticas,1700,16,40,38
eletroportateis,1500,20,20,20
la_cuisine,450,31,10,18
esporte_lazer,1075,38,10,25
malas_acessorios,800,30,15,15
construcao_ferramentas_construcao,4650,54,18,35
utilidades_domesticas,19300,42,90,42
malas_acessorios,5400,90,9,39
malas_acessorios,250,23,26,15
moveis_escritorio,19100,58,35,58
cama_mesa_banho,14800,55,45,35
construcao_ferramentas_construcao,4300,29,7,29
esporte_lazer,917,34,18,38
fraldas_higiene,600,21,12,17
relogios_presentes,433,21,12,16
esporte_lazer,1000,37,11,17
brinquedos,400,50,10,25
ferramentas_jardim,7950,54,70,44
brinquedos,450,32,18,19
brinquedos,5453,53,37,31
pet_shop,20900,60,40,40
informatica_acessorios,1075,26,22,22
utilidades_domesticas,6050,30,40,30
cama_mesa_banho,1100,37,23,35
utilidades_domesticas,300,16,40,11
esporte_lazer,6700,45,35,35
automotivo,183,18,7,13
moveis_decoracao,1150,20,65,20
beleza_saude,1700,98,15,15
papelaria,1700,25,55,37
esporte_lazer,4100,20,20,20
instrumentos_musicais,707,23,19,16
ferramentas_jardim,5950,20,20,20
pet_shop,1200,69,3,44
cool_stuff,4500,52,44,27
eletrodomesticos_2,12783,36,52,31
industria_comercio_e_negocios,5417,46,52,19
bebes,16333,56,48,38
eletronicos,190,22,11,17
cama_mesa_banho,2950,46,8,38
eletronicos,400,16,13,14
moveis_decoracao,5200,34,45,34
alimentos,4450,28,14,28
bebes,850,36,15,25
informatica_acessorios,1100,23,22,18
cama_mesa_banho,850,45,10,20
automotivo,200,16,7,23
esporte_lazer,263,20,18,20
beleza_saude,1550,20,30,25
papelaria,350,16,23,29
utilidades_domesticas,1875,43,45,40
beleza_saude,300,16,16,15
brinquedos,1400,28,13,21
bebes,1550,38,8,29
brinquedos,2400,40,15,40
telefonia,239,17,20,13
bebes,10700,35,57,52
bebes,2133,46,42,13
esporte_lazer,26500,105,70,20
moveis_decoracao,1250,80,5,60
utilidades_domesticas,1750,32,18,24
bebes,1900,38,10,34
bebes,900,24,34,24
cama_mesa_banho,1900,35,20,25
construcao_ferramentas_seguranca,800,20,20,20
esporte_lazer,100,20,11,11
brinquedos,1100,54,18,18
beleza_saude,650,16,20,15
informatica_acessorios,5650,35,20,47
beleza_saude,225,17,8,13
construcao_ferramentas_construcao,5600,46,15,39
beleza_saude,2550,20,20,30
esporte_lazer,1000,29,21,22
malas_acessorios,1000,30,15,15
cama_mesa_banho,1300,16,50,40
utilidades_domesticas,11300,32,75,32
utilidades_domesticas,5900,35,13,55
telefonia,183,18,9,13
automotivo,250,16,6,12
cool_stuff,4400,40,36,30
utilidades_domesticas,2400,34,13,26
artes,700,30,6,30
construcao_ferramentas_construcao,1050,16,8,90
esporte_lazer,333,16,5,11
esporte_lazer,217,20,20,20
market_place,10800,100,55,11
utilidades_domesticas,385,26,20,23
moveis_decoracao,12500,105,10,60
esporte_lazer,3000,53,19,19
casa_construcao,800,16,20,16
ferramentas_jardim,5200,30,15,40
pet_shop,15800,74,32,40
eletronicos,150,25,11,22
cool_stuff,200,22,12,17
ferramentas_jardim,975,28,7,18
brinquedos,600,30,25,20
beleza_saude,717,19,17,14
moveis_decoracao,650,30,35,30
moveis_decoracao,1900,105,3,70
beleza_saude,1700,20,15,15
beleza_saude,300,17,5,13
cama_mesa_banho,767,31,9,26
cama_mesa_banho,3500,20,30,30
esporte_lazer,1700,22,15,22
malas_acessorios,1250,49,10,34
beleza_saude,400,20,10,15
informatica_acessorios,255,19,15,20
cama_mesa_banho,1500,48,6,39
cool_stuff,250,23,18,21
relogios_presentes,225,17,13,13
telefonia,450,21,11,19
pet_shop,8600,60,25,40
bebes,17050,65,88,20
esporte_lazer,900,36,10,19
beleza_saude,400,16,22,11
esporte_lazer,1500,23,32,23
esporte_lazer,200,20,12,15
pet_shop,110,40,40,40
utilidades_domesticas,9100,38,28,33
artigos_de_natal,200,16,32,11
beleza_saude,900,33,17,12
consoles_games,528,24,15,22
eletronicos,150,21,11,14
cama_mesa_banho,4000,35,35,20
beleza_saude,2400,25,25,25
beleza_saude,800,16,16,15
informatica_acessorios,275,25,9,19
beleza_saude,1125,18,18,16
livros_tecnicos,2200,31,6,19
brinquedos,650,18,25,19
automotivo,1050,50,20,40
bebidas,2250,16,28,16
ferramentas_jardim,8600,50,40,50
utilidades_domesticas,1375,20,15,21
informatica_acessorios,500,60,16,11
ferramentas_jardim,550,36,5,14
relogios_presentes,278,14,9,18
ferramentas_jardim,500,21,21,21
instrumentos_musicais,450,27,27,27
beleza_saude,1300,32,27,40
utilidades_domesticas,450,25,14,18
moveis_decoracao,18850,40,45,40
moveis_decoracao,1250,69,11,11
beleza_saude,1150,20,20,13
brinquedos,4450,39,30,29
papelaria,9250,64,15,51
utilidades_domesticas,1450,24,35,25
moveis_decoracao,1600,35,9,25
cama_mesa_banho,700,23,15,28
utilidades_domesticas,750,23,19,21
cool_stuff,300,23,14,28
casa_conforto,23000,53,76,43
fashion_roupa_masculina,300,35,30,11
informatica_acessorios,500,27,9,18
alimentos,675,28,15,15
utilidades_domesticas,1100,76,18,13
relogios_presentes,225,25,12,16
papelaria,500,35,45,15
cama_mesa_banho,750,40,2,30
artes,650,26,30,12
cool_stuff,3525,29,28,35
automotivo,9050,60,18,50
esporte_lazer,3550,24,7,11
moveis_decoracao,283,19,12,14
ferramentas_jardim,17000,30,64,30
casa_conforto,1800,30,20,30
eletrodomesticos_2,450,60,20,20
brinquedos,150,19,3,11
esporte_lazer,120,20,7,14
brinquedos,600,33,10,25
papelaria,400,17,15,16
eletroportateis,20450,40,68,45
telefonia,580,16,11,14
beleza_saude,30000,30,88,22
cool_stuff,2275,45,25,18
construcao_ferramentas_construcao,150,20,6,20
esporte_lazer,600,95,15,15
climatizacao,1600,30,15,30
moveis_decoracao,200,30,4,20
esporte_lazer,1100,22,18,18
beleza_saude,150,19,7,13
eletrodomesticos,400,33,3,36
cool_stuff,6317,37,39,43
eletronicos,200,17,4,12
cama_mesa_banho,850,42,11,32
bebidas,8200,23,16,24
automotivo,1450,20,20,20
moveis_cozinha_area_de_servico_jantar_e_jardim,6200,66,14,48
brinquedos,300,21,7,16
esporte_lazer,183,16,18,16
moveis_decoracao,700,22,22,11
relogios_presentes,250,20,11,17
perfumaria,300,20,16,16
automotivo,442,14,15,16
fashion_bolsas_e_acessorios,300,43,16,27
automotivo,1000,41,16,22
bebes,14000,62,47,32
cool_stuff,1950,28,36,27
consoles_games,300,25,5,24
livros_interesse_geral,500,16,2,11
esporte_lazer,1300,39,14,37
moveis_decoracao,800,34,22,21
moveis_decoracao,1100,53,8,11
utilidades_domesticas,1000,25,6,20
informatica_acessorios,4200,30,10,30
relogios_presentes,300,22,6,11
perfumaria,440,21,13,18
utilidades_domesticas,180,19,13,14
brinquedos,1100,36,30,27
cama_mesa_banho,900,17,22,17
relogios_presentes,308,17,12,13
esporte_lazer,150,23,7,12
telefonia_fixa,100,16,2,11
construcao_ferramentas_iluminacao,4100,36,23,11
automotivo,50,32,5,20
casa_construcao,850,16,27,16
alimentos_bebidas,150,19,13,17
relogios_presentes,600,18,18,18
papelaria,6150,32,35,32
moveis_decoracao,1700,38,9,33
cama_mesa_banho,150,20,2,16
informatica_acessorios,167,21,13,12
pet_shop,700,16,20,11
automotivo,300,20,15,20
esporte_lazer,550,24,17,20
bebes,2478,40,21,40
utilidades_domesticas,850,45,11,20
cool_stuff,200,40,4,30
moveis_decoracao,1300,30,5,20
cool_stuff,1000,40,15,16
livros_interesse_geral,550,31,4,23
malas_acessorios,600,45,10,33
moveis_decoracao,200,20,5,16
beleza_saude,175,25,12,20
cama_mesa_banho,5300,23,50,23
utilidades_domesticas,4220,48,52,38
construcao_ferramentas_jardim,250,16,5,12
esporte_lazer,600,40,20,20
cama_mesa_banho,3785,44,13,42
cool_stuff,8656,57,64,40
eletroportateis,7050,38,33,34
brinquedos,1300,16,35,58
ferramentas_jardim,11600,52,23,22
informatica_acessorios,975,33,23,23
informatica_acessorios,821,30,14,15
pet_shop,16150,16,2,11
beleza_saude,1100,37,12,22
perfumaria,523,20,16,17
cama_mesa_banho,3100,50,10,30
moveis_decoracao,1250,32,6,32
relogios_presentes,450,20,10,16
automotivo,400,20,10,15
bebes,650,24,14,18
automotivo,2300,20,10,20
brinquedos,400,25,11,20
fashion_roupa_feminina,500,16,5,20
informatica_acessorios,1125,27,17,12
papelaria,400,16,16,26
bebes,1167,30,25,26
cama_mesa_banho,8050,55,25,35
beleza_saude,16050,97,20,70
perfumaria,833,20,12,19
instrumentos_musicais,1450,31,11,24
beleza_saude,1100,16,15,11
informatica_acessorios,850,26,18,20
instrumentos_musicais,1350,30,9,15
cama_mesa_banho,600,28,11,11
climatizacao,4900,26,26,56
utilidades_domesticas,13050,61,21,61
informatica_acessorios,958,28,13,22
moveis_decoracao,13800,100,16,16
esporte_lazer,300,18,9,13
informatica_acessorios,600,29,15,15
alimentos,330,20,15,16
moveis_decoracao,2500,53,8,11
beleza_saude,150,16,12,20
moveis_decoracao,750,35,35,35
pet_shop,750,20,6,15
beleza_saude,1614,31,16,28
instrumentos_musicais,9050,50,50,50
livros_tecnicos,850,25,5,20
climatizacao,5333,38,38,27
moveis_decoracao,500,30,30,30
cama_mesa_banho,600,22,4,28
moveis_escritorio,16150,81,7,80
beleza_saude,240,23,16,14
moveis_decoracao,550,20,15,15
moveis_decoracao,2050,35,26,16
esporte_lazer,1850,30,30,30
automotivo,400,30,10,20
instrumentos_musicais,100,52,4,52
livros_interesse_geral,800,30,5,22
esporte_lazer,50,16,8,11
moveis_escritorio,3400,27,21,21
cool_stuff,23500,60,42,57
beleza_saude,2350,21,13,30
cama_mesa_banho,1470,47,9,38
fashion_roupa_masculina,500,20,10,17
beleza_saude,1225,26,20,23
bebes,500,24,10,15
relogios_presentes,300,17,11,13
relogios_presentes,575,29,15,29
bebes,12100,44,44,53
papelaria,800,25,60,35
informatica_acessorios,300,39,2,30
utilidades_domesticas,2738,32,20,21
esporte_lazer,542,53,21,15
malas_acessorios,1850,32,52,19
esporte_lazer,1200,70,8,15
cama_mesa_banho,550,22,4,28
esporte_lazer,9350,105,15,28
bebidas,2700,30,30,30
fashion_calcados,650,22,12,33
brinquedos,964,32,45,20
moveis_decoracao,245,17,12,14
livros_interesse_geral,989,31,2,24
automotivo,4800,56,11,32
utilidades_domesticas,650,40,11,26
bebes,11825,64,25,40
perfumaria,500,36,18,27
consoles_games,500,25,25,25
consoles_games,1500,30,40,30
automotivo,3250,20,22,26
esporte_lazer,2250,28,28,28
esporte_lazer,150,16,7,11
cama_mesa_banho,850,35,10,20
utilidades_domesticas,2900,37,4,31
casa_conforto,1550,45,15,35
papelaria,4850,30,17,19
utilidades_domesticas,3175,62,20,42
perfumaria,425,18,11,12
beleza_saude,2500,35,15,15
cama_mesa_banho,1050,50,16,16
brinquedos,265,18,7,16
utilidades_domesticas,500,16,18,16
consoles_games,200,21,21,21
ferramentas_jardim,4000,43,11,43
pet_shop,700,16,20,16
construcao_ferramentas_construcao,550,20,5,25
bebes,6300,75,15,50
moveis_escritorio,9150,52,52,16
beleza_saude,1154,23,18,21
beleza_saude,3175,25,23,26
utilidades_domesticas,16850,35,40,35
automotivo,100,20,6,17
beleza_saude,2000,20,20,20
moveis_decoracao,1600,60,7,11
utilidades_domesticas,4300,30,15,30
moveis_decoracao,1200,80,20,20
esporte_lazer,650,55,10,12
eletroportateis,16900,37,65,37
cama_mesa_banho,11000,50,20,40
papelaria,550,24,13,20
beleza_saude,1600,18,28,17
informatica_acessorios,6800,28,28,36
brinquedos,350,22,35,19
cama_mesa_banho,1600,40,6,30
utilidades_domesticas,750,25,20,19
brinquedos,9800,51,29,38
cama_mesa_banho,1200,70,16,50
telefonia,343,19,13,15
esporte_lazer,330,45,6,18
automotivo,8150,34,18,16
relogios_presentes,290,15,13,13
pcs,200,16,16,16
cama_mesa_banho,1350,35,9,35
pet_shop,500,22,14,27
papelaria,1900,35,45,20
beleza_saude,700,34,9,25
beleza_saude,300,16,22,11
bebes,1450,18,44,34
automotivo,4400,25,20,20
utilidades_domesticas,6250,30,30,30
perfumaria,1450,25,19,25
informatica_acessorios,1050,34,11,16
brinquedos,400,31,6,11
informatica_acessorios,400,16,16,16
beleza_saude,347,18,14,14
eletroportateis,11050,30,43,53
eletronicos,950,30,6,22
instrumentos_musicais,150,16,4,14
automotivo,12500,43,29,67
moveis_decoracao,300,35,2,25
utilidades_domesticas,2050,30,30,30
utilidades_domesticas,1150,40,10,35
esporte_lazer,2127,27,22,26
construcao_ferramentas_construcao,200,16,16,16
beleza_saude,450,19,15,19
malas_acessorios,650,65,7,11
bebes,400,35,5,25
alimentos,184,16,15,16
informatica_acessorios,133,23,14,11
beleza_saude,14400,52,83,20
cama_mesa_banho,1550,37,23,35
cama_mesa_banho,500,40,8,28
eletronicos,150,17,8,12
fashion_esporte,300,18,12,12
esporte_lazer,767,14,8,12
utilidades_domesticas,679,31,8,22
eletronicos,5100,70,10,25
fashion_bolsas_e_acessorios,1800,45,11,35
eletrodomesticos_2,500,20,16,20
eletronicos,400,17,7,12
alimentos_bebidas,1100,25,6,25
brinquedos,300,17,5,12
automotivo,200,34,13,26
esporte_lazer,800,23,19,19
cama_mesa_banho,1800,42,8,32
utilidades_domesticas,300,25,25,25
artigos_de_natal,1100,42,9,42
perfumaria,100,30,15,15
esporte_lazer,1300,20,22,20
informatica_acessorios,875,35,14,14
utilidades_domesticas,860,17,24,17
fashion_roupa_masculina,150,19,27,27
moveis_decoracao,8100,99,4,55
brinquedos,800,37,14,37
moveis_decoracao,550,40,10,30
cama_mesa_banho,6950,53,33,58
beleza_saude,1133,30,18,23
eletroportateis,13250,40,40,60
utilidades_domesticas,6900,46,26,48
relogios_presentes,180,18,11,13
utilidades_domesticas,600,25,20,22
ferramentas_jardim,1400,16,11,11
papelaria,6050,60,20,29
construcao_ferramentas_construcao,400,19,11,11
moveis_decoracao,1100,35,25,25
casa_conforto,1825,53,10,40
eletroportateis,500,30,19,17
papelaria,500,17,44,34
beleza_saude,400,18,10,13
malas_acessorios,700,20,50,40
ferramentas_jardim,500,16,28,11
papelaria,600,41,10,29
fashion_bolsas_e_acessorios,300,16,12,12
climatizacao,8800,56,18,33
ferramentas_jardim,575,20,20,20
eletronicos,200,17,3,12
eletronicos,600,22,6,20
automotivo,6650,17,69,53
esporte_lazer,800,30,15,25
moveis_sala,4475,55,13,51
utilidades_domesticas,600,25,15,37
informatica_acessorios,2950,20,20,20
brinquedos,1200,60,26,49
beleza_saude,2150,26,13,14
esporte_lazer,400,38,6,11
moveis_sala,6950,61,11,46
automotivo,500,16,6,11
relogios_presentes,547,21,18,19
bebes,800,25,18,40
utilidades_domesticas,4900,36,22,36
beleza_saude,265,19,18,16
beleza_saude,1350,27,27,22
cama_mesa_banho,1575,26,21,23
utilidades_domesticas,19200,63,42,41
pet_shop,4300,21,14,15
pet_shop,450,16,6,11
moveis_quarto,12000,39,13,70
informatica_acessorios,500,36,10,22
consoles_games,1800,29,3,21
pet_shop,900,20,25,16
telefonia,550,21,4,14
beleza_saude,600,20,10,15
malas_acessorios,700,42,8,33
cool_stuff,375,18,9,15
esporte_lazer,850,17,10,15
construcao_ferramentas_ferramentas,950,27,30,23
informatica_acessorios,145,16,9,13
informatica_acessorios,1900,19,13,19
casa_construcao,1167,22,22,22
cama_mesa_banho,3050,40,25,25
ferramentas_jardim,7500,46,40,46
cama_mesa_banho,550,35,8,30
automotivo,2550,99,20,50
utilidades_domesticas,7850,30,60,30
pet_shop,16750,37,30,39
informatica_acessorios,500,19,4,12
utilidades_domesticas,2850,48,13,28
ferramentas_jardim,7000,41,12,30
ferramentas_jardim,1500,30,22,30
perfumaria,550,20,16,16
eletronicos,150,22,8,17
beleza_saude,1400,16,31,11
perfumaria,450,20,5,20
automotivo,900,32,7,29
fashion_roupa_feminina,300,30,10,25
ferramentas_jardim,286,22,19,19
moveis_decoracao,700,25,30,35
utilidades_domesticas,150,20,10,15
beleza_saude,400,27,9,14
eletronicos,6100,98,16,35
utilidades_domesticas,433,20,9,14
cama_mesa_banho,9950,47,35,43
beleza_saude,4800,28,28,18
eletroportateis,2500,31,28,25
esporte_lazer,7850,51,31,31
beleza_saude,538,24,18,19
brinquedos,150,20,6,11
beleza_saude,1425,22,13,20
cama_mesa_banho,900,28,5,20
esporte_lazer,6000,55,20,35
beleza_saude,200,18,13,16
telefonia,100,20,6,11
cama_mesa_banho,1400,50,16,16
brinquedos,147,14,10,12
malas_acessorios,500,40,30,11
utilidades_domesticas,650,17,17,13
cama_mesa_banho,3500,48,13,40
brinquedos,625,22,17,24
livros_interesse_geral,1950,36,5,23
utilidades_domesticas,7000,26,47,27
eletroportateis,100,16,10,16
cool_stuff,2483,53,36,34
moveis_cozinha_area_de_servico_jantar_e_jardim,8700,30,40,20
automotivo,500,16,9,31
ferramentas_jardim,750,20,15,15
papelaria,7000,60,20,30
ferramentas_jardim,400,18,12,15
alimentos,100,16,6,11
brinquedos,800,60,25,35
papelaria,325,23,17,18
portateis_casa_forno_e_cafe,2800,42,33,42
perfumaria,900,35,5,27
informatica_acessorios,300,16,6,14
beleza_saude,2250,25,12,11
bebes,450,55,6,19
consoles_games,300,25,15,25
instrumentos_musicais,300,40,5,11
informatica_acessorios,7300,50,35,25
esporte_lazer,2450,45,50,35
ferramentas_jardim,1950,24,24,16
instrumentos_musicais,15400,45,20,100
cama_mesa_banho,2050,60,10,40
esporte_lazer,425,20,20,20
eletronicos,150,22,8,12
moveis_sala,6970,65,15,65
moveis_escritorio,11113,58,55,24
cama_mesa_banho,700,30,5,20
moveis_decoracao,7550,35,35,35
informatica_acessorios,140,28,8,16
cama_mesa_banho,3213,49,19,42
industria_comercio_e_negocios,30000,105,43,46
moveis_decoracao,2000,35,15,25
cama_mesa_banho,700,27,10,12
brinquedos,8100,30,36,46
utilidades_domesticas,2350,27,21,23
moveis_decoracao,1450,35,12,30
ferramentas_jardim,5450,23,7,20
ferramentas_jardim,600,16,30,30
esporte_lazer,1075,30,24,18
perfumaria,150,16,2,16
audio,500,21,10,24
ferramentas_jardim,350,22,22,12
cama_mesa_banho,1600,40,6,29
utilidades_domesticas,525,30,9,30
utilidades_domesticas,9400,40,28,40
sinalizacao_e_seguranca,200,21,7,14
casa_conforto,2150,52,12,42
telefonia,150,16,3,20
relogios_presentes,500,22,14,21
moveis_decoracao,7050,70,5,15
cama_mesa_banho,6500,30,30,30
construcao_ferramentas_construcao,21900,41,12,41
moveis_escritorio,8683,54,64,31
cama_mesa_banho,1900,42,10,36
pet_shop,825,16,14,21
moveis_decoracao,1150,68,8,13
telefonia,550,16,2,11
cama_mesa_banho,2850,70,20,50
moveis_decoracao,3100,45,45,17
cama_mesa_banho,2400,33,7,37
malas_acessorios,700,35,10,34
esporte_lazer,1200,40,6,15
fashion_bolsas_e_acessorios,250,22,11,17
ferramentas_jardim,307,27,27,29
papelaria,9633,41,36,28
moveis_decoracao,2200,45,15,35
perfumaria,313,21,12,15
esporte_lazer,1431,30,20,21
telefonia,575,19,16,21
cama_mesa_banho,400,45,9,50
fashion_underwear_e_moda_praia,250,19,9,27
beleza_saude,450,18,13,13
eletronicos,500,17,6,21
utilidades_domesticas,950,17,22,17
papelaria,350,32,12,20
beleza_saude,1800,16,16,16
beleza_saude,333,32,22,26
ferramentas_jardim,409,21,10,18
moveis_decoracao,2800,40,8,35
automotivo,1000,20,5,16
utilidades_domesticas,300,28,10,18
esporte_lazer,975,33,30,28
informatica_acessorios,825,30,16,16
relogios_presentes,375,16,12,16
esporte_lazer,5400,105,8,25
musica,200,24,3,19
automotivo,1125,19,11,14
casa_construcao,30000,50,80,50
casa_conforto,150,16,4,16
bebes,450,19,8,15
cama_mesa_banho,20400,50,50,50
eletrodomesticos,3650,55,19,46
cama_mesa_banho,6375,53,24,38
brinquedos,400,18,8,11
moveis_decoracao,6100,80,4,55
esporte_lazer,1050,28,26,28
esporte_lazer,400,17,10,17
alimentos,650,18,10,12
cama_mesa_banho,900,37,6,35
utilidades_domesticas,8600,35,35,35
ferramentas_jardim,1350,59,23,29
informatica_acessorios,750,20,7,50
cama_mesa_banho,1975,28,26,23
esporte_lazer,197,17,17,16
papelaria,1200,40,15,30
beleza_saude,2275,31,16,31
cama_mesa_banho,707,36,4,27
cama_mesa_banho,1000,16,22,11
ferramentas_jardim,1500,22,6,11
eletrodomesticos,2479,21,24,22
eletronicos,5950,23,22,19
utilidades_domesticas,1100,18,9,16
brinquedos,400,20,14,12
instrumentos_musicais,9150,50,50,50
automotivo,1400,30,10,30
informatica_acessorios,600,20,30,20
ferramentas_jardim,1600,16,26,40
ferramentas_jardim,100,18,8,12
perfumaria,100,25,25,35
ferramentas_jardim,180,60,16,11
esporte_lazer,1000,25,25,25
utilidades_domesticas,700,40,15,20
moveis_sala,8850,74,7,90
moveis_cozinha_area_de_servico_jantar_e_jardim,12000,27,45,27
utilidades_domesticas,350,31,11,13
ferramentas_jardim,650,30,10,22
bebidas,569,20,16,16
bebes,183,17,14,13
moveis_escritorio,11300,32,32,42
esporte_lazer,250,22,15,22
beleza_saude,125,16,4,11
beleza_saude,500,25,12,15
instrumentos_musicais,425,27,9,23
brinquedos,900,16,22,22
moveis_decoracao,9650,40,40,40
moveis_decoracao,10400,40,30,40
eletronicos,1800,20,20,20
informatica_acessorios,242,22,15,15
informatica_acessorios,2500,50,10,40
informatica_acessorios,150,20,8,15
bebes,300,33,44,19
malas_acessorios,700,46,10,36
esporte_lazer,1200,80,8,15
bebes,775,36,5,29
utilidades_domesticas,400,26,12,12
instrumentos_musicais,100,20,20,20
livros_interesse_geral,450,20,20,20
perfumaria,250,25,16,16
moveis_decoracao,4100,43,26,43
relogios_presentes,567,16,8,11
eletrodomesticos,725,40,14,31
beleza_saude,200,16,28,11
brinquedos,1202,44,24,23
perfumaria,479,21,15,17
beleza_saude,1200,29,13,14
cama_mesa_banho,1300,28,6,28
papelaria,2500,31,7,22
moveis_decoracao,2000,40,15,25
eletronicos,250,25,7,14
informatica_acessorios,548,20,10,16
construcao_ferramentas_jardim,1500,50,16,44
automotivo,9750,55,35,12
papelaria,850,36,6,29
moveis_decoracao,1800,60,25,25
esporte_lazer,300,20,17,22
telefonia,552,14,12,12
malas_acessorios,700,16,40,30
informatica_acessorios,500,20,38,30
cama_mesa_banho,1300,29,8,38
beleza_saude,700,24,24,16
brinquedos,7100,61,41,41
utilidades_domesticas,6600,35,45,45
esporte_lazer,1207,24,25,21
pet_shop,400,30,30,20
instrumentos_musicais,350,36,3,11
relogios_presentes,290,19,13,19
beleza_saude,650,22,8,13
cool_stuff,1200,16,40,21
brinquedos,300,40,15,35
moveis_decoracao,5300,100,7,70
cool_stuff,300,17,7,13
moveis_sala,9850,61,16,46
automotivo,13100,61,61,21
livros_tecnicos,750,29,3,21
ferramentas_jardim,1200,16,3,42
pet_shop,750,20,12,13
beleza_saude,117,15,4,12
eletrodomesticos_2,22600,51,41,62
beleza_saude,900,16,19,15
moveis_decoracao,750,30,11,20
esporte_lazer,100,28,3,20
consoles_games,425,17,8,15
market_place,1800,18,65,35
ferramentas_jardim,200,17,7,12
eletroportateis,6300,35,35,30
esporte_lazer,1250,22,27,22
informatica_acessorios,740,33,13,17
utilidades_domesticas,23950,66,23,51
brinquedos,400,21,17,18
ferramentas_jardim,5775,35,32,32
brinquedos,1175,54,33,29
pet_shop,350,16,16,16
casa_conforto,500,40,30,11
ferramentas_jardim,650,20,10,15
moveis_decoracao,750,42,2,32
ferramentas_jardim,800,17,10,12
automotivo,6300,78,4,47
papelaria,750,34,4,23
instrumentos_musicais,5450,101,14,49
telefonia,300,18,10,13
brinquedos,1300,48,9,32
beleza_saude,1200,20,16,20
beleza_saude,763,25,21,22
esporte_lazer,300,20,3,15
moveis_decoracao,4450,40,33,20
malas_acessorios,550,16,20,15
informatica_acessorios,300,20,3,14
pet_shop,300,20,25,20
utilidades_domesticas,800,20,15,25
moveis_decoracao,400,20,2,15
eletroportateis,402,24,14,13
cool_stuff,1843,25,25,32
utilidades_domesticas,600,23,16,23
cama_mesa_banho,1200,28,10,24
automotivo,2500,30,28,30
ferramentas_jardim,2225,26,7,26
cama_mesa_banho,3040,47,10,36
ferramentas_jardim,1233,32,15,29
papelaria,245,16,9,14
automotivo,300,16,6,12
cool_stuff,500,18,12,15
esporte_lazer,1500,40,20,20
esporte_lazer,3850,82,10,22
cama_mesa_banho,800,36,12,26
perfumaria,3000,27,20,35
ferramentas_jardim,1300,19,33,13
informatica_acessorios,900,26,6,27
moveis_escritorio,8300,53,51,18
pet_shop,8300,30,55,30
livros_tecnicos,450,16,2,23
utilidades_domesticas,2467,38,39,29
esporte_lazer,4497,44,35,32
cool_stuff,200,17,7,12
utilidades_domesticas,650,18,14,27
construcao_ferramentas_construcao,550,30,8,11
moveis_cozinha_area_de_servico_jantar_e_jardim,30000,16,2,11
informatica_acessorios,1825,34,18,19
relogios_presentes,400,22,20,22
pet_shop,9000,16,16,16
fashion_calcados,900,17,8,19
automotivo,1150,30,20,30
utilidades_domesticas,750,30,12,30
bebes,12000,65,97,18
beleza_saude,1617,19,13,16
utilidades_domesticas,2140,18,26,19
portateis_casa_forno_e_cafe,2350,28,34,20
informatica_acessorios,250,20,15,15
cama_mesa_banho,1150,40,15,30
malas_acessorios,900,23,22,35
construcao_ferramentas_construcao,4900,19,19,17
brinquedos,340,24,13,18
automotivo,150,38,2,22
moveis_escritorio,8700,52,51,17
utilidades_domesticas,550,20,35,20
moveis_decoracao,577,17,25,23
utilidades_domesticas,7800,38,28,33
automotivo,1100,65,25,35
informatica_acessorios,150,36,9,11
utilidades_domesticas,1200,20,15,20
esporte_lazer,150,16,10,16
esporte_lazer,2900,31,33,32
moveis_decoracao,2150,30,20,20
instrumentos_musicais,450,62,9,23
perfumaria,100,17,9,20
perfumaria,150,30,10,30
esporte_lazer,375,16,3,11
construcao_ferramentas_jardim,240,21,7,15
moveis_sala,30000,63,63,74
beleza_saude,300,17,9,16
utilidades_domesticas,1000,19,24,18
automotivo,1900,28,36,28
livros_interesse_geral,600,24,11,18
utilidades_domesticas,200,16,11,11
beleza_saude,250,16,35,11
fashion_bolsas_e_acessorios,350,20,16,16
cama_mesa_banho,1500,40,20,30
utilidades_domesticas,800,17,20,11
moveis_cozinha_area_de_servico_jantar_e_jardim,18800,50,50,50
cool_stuff,831,36,27,39
ferramentas_jardim,2450,22,20,18
relogios_presentes,338,18,11,13
construcao_ferramentas_construcao,923,17,8,21
moveis_decoracao,500,25,2,17
beleza_saude,250,25,10,20
relogios_presentes,387,17,12,12
relogios_presentes,325,18,14,13
automotivo,11600,55,35,45
informatica_acessorios,600,19,13,20
informatica_acessorios,150,22,13,15
cama_mesa_banho,400,22,27,27
moveis_decoracao,450,35,23,35
telefonia_fixa,125,17,6,13
moveis_decoracao,17033,101,8,57
cama_mesa_banho,1500,43,4,30
automotivo,5650,71,4,44
informatica_acessorios,343,16,17,12
esporte_lazer,1650,30,8,30
cama_mesa_banho,1600,45,15,30
esporte_lazer,550,30,11,20
cool_stuff,600,22,6,22
automotivo,10350,40,30,40
informatica_acessorios,1190,35,20,21
cama_mesa_banho,2700,35,9,34
livros_interesse_geral,300,22,2,15
utilidades_domesticas,650,42,11,25
cama_mesa_banho,19500,25,60,55
cama_mesa_banho,7450,35,35,32
utilidades_domesticas,1000,16,14,14
papelaria,950,40,15,30
utilidades_domesticas,800,20,12,20
cama_mesa_banho,1250,52,4,20
moveis_decoracao,1500,40,10,34
informatica_acessorios,150,17,4,13
cama_mesa_banho,2150,39,6,29
beleza_saude,800,20,20,20
instrumentos_musicais,333,20,17,13
brinquedos,553,30,14,25
ferramentas_jardim,1100,22,21,16
beleza_saude,2500,18,27,20
esporte_lazer,785,28,21,17
informatica_acessorios,200,25,10,25
pet_shop,4900,40,20,50
beleza_saude,800,16,17,22
perfumaria,900,16,16,11
relogios_presentes,450,22,14,27
utilidades_domesticas,501,21,18,12
brinquedos,300,25,25,25
esporte_lazer,1050,28,9,20
automotivo,88,21,11,15
esporte_lazer,750,46,8,26
esporte_lazer,600,25,35,30
esporte_lazer,9900,30,60,40
moveis_decoracao,7850,36,40,36
beleza_saude,2450,16,16,16
utilidades_domesticas,2700,41,36,31
cama_mesa_banho,2000,56,15,50
beleza_saude,3600,41,10,22
moveis_decoracao,6200,52,18,35
telefonia,250,16,12,14
esporte_lazer,200,16,2,20
brinquedos,300,19,7,14
beleza_saude,4600,40,11,30
beleza_saude,250,20,10,20
esporte_lazer,1080,19,20,16
informatica_acessorios,1950,20,12,20
moveis_decoracao,2100,30,10,12
relogios_presentes,467,17,10,12
perfumaria,80,16,20,17
informatica_acessorios,1600,31,14,12
utilidades_domesticas,175,16,12,12
bebes,850,29,6,20
moveis_decoracao,700,33,4,24
eletronicos,650,32,14,11
esporte_lazer,3200,23,23,23
ferramentas_jardim,4375,43,35,25
cama_mesa_banho,1050,42,9,34
eletroportateis,3950,43,15,32
utilidades_domesticas,350,16,25,11
utilidades_domesticas,3000,40,5,46
fashion_roupa_masculina,700,20,20,20
esporte_lazer,2700,80,12,22
moveis_decoracao,2500,39,9,29
pet_shop,200,16,11,11
brinquedos,950,40,6,37
relogios_presentes,700,20,13,13
informatica_acessorios,250,20,6,20
fashion_bolsas_e_acessorios,800,16,5,11
papelaria,300,20,5,30
construcao_ferramentas_seguranca,750,16,9,11
cool_stuff,1550,61,31,21
consoles_games,1300,25,30,20
perfumaria,381,19,13,15
livros_interesse_geral,500,21,2,14
construcao_ferramentas_construcao,1500,21,19,22
telefonia,67,16,4,11
livros_tecnicos,600,27,2,21
moveis_decoracao,1400,43,5,30
brinquedos,8050,30,20,50
esporte_lazer,15200,95,30,55
esporte_lazer,200,20,10,20
brinquedos,1600,16,33,33
papelaria,600,17,4,22
utilidades_domesticas,850,36,20,20
bebidas,1925,30,29,20
utilidades_domesticas,7100,36,35,34
ferramentas_jardim,1700,63,7,18
automotivo,650,60,6,33
automotivo,1850,19,16,17
utilidades_domesticas,10100,32,75,32
esporte_lazer,195,17,10,15
pet_shop,400,20,4,12
automotivo,1050,70,30,30
agro_industria_e_comercio,9050,48,58,27
automotivo,837,18,19,24
informatica_acessorios,75,16,7,16
automotivo,4300,55,15,34
esporte_lazer,250,35,10,15
casa_construcao,290,17,13,13
utilidades_domesticas,1550,30,20,29
utilidades_domesticas,8500,60,27,30
automotivo,5900,105,17,19
eletroportateis,1800,21,38,21
perfumaria,395,20,16,17
climatizacao,15400,31,76,36
cama_mesa_banho,2550,45,15,35
cool_stuff,1200,40,40,30
moveis_decoracao,6200,45,40,45
relogios_presentes,350,18,14,18
ferramentas_jardim,400,17,5,12
informatica_acessorios,128,16,16,12
informatica_acessorios,133,17,6,12
moveis_decoracao,1900,39,8,22
beleza_saude,300,18,13,16
relogios_presentes,325,19,10,15
utilidades_domesticas,2600,40,21,25
papelaria,50,16,4,11
informatica_acessorios,467,16,16,11
beleza_saude,675,16,22,24
informatica_acessorios,400,21,6,14
esporte_lazer,2700,85,6,23
papelaria,500,17,28,11
automotivo,1800,16,22,16
beleza_saude,500,28,3,19
construcao_ferramentas_construcao,1700,20,8,20
brinquedos,150,17,4,13
brinquedos,1500,66,18,41
telefonia,50,17,2,11
bebes,950,22,20,28
relogios_presentes,458,18,11,14
perfumaria,545,21,14,17
informatica_acessorios,231,20,7,16
relogios_presentes,550,37,8,38
cool_stuff,475,33,15,33
automotivo,200,16,8,12
brinquedos,1330,38,23,18
informatica_acessorios,1625,17,15,16
ferramentas_jardim,3900,31,6,29
beleza_saude,867,17,17,14
ferramentas_jardim,7800,18,18,18
telefonia,540,14,13,16
brinquedos,1600,25,17,50
eletrodomesticos,13950,50,50,50
cama_mesa_banho,2100,30,5,30
instrumentos_musicais,7050,55,17,45
beleza_saude,700,19,28,17
eletrodomesticos_2,350,30,5,30
esporte_lazer,50,16,16,11
casa_construcao,300,16,11,16
esporte_lazer,9600,51,28,28
utilidades_domesticas,500,35,15,26
esporte_lazer,160,18,8,15
esporte_lazer,1963,29,35,22
automotivo,725,28,14,28
fashion_underwear_e_moda_praia,150,26,5,18
utilidades_domesticas,1300,32,12,32
informatica_acessorios,75,17,6,58
pet_shop,11750,82,7,72
utilidades_domesticas,2250,47,15,35
cama_mesa_banho,950,40,20,20
construcao_ferramentas_construcao,225,16,3,13
cine_foto,1650,78,14,14
malas_acessorios,850,20,44,39
bebes,2800,70,20,35
eletronicos,1350,33,25,30
brinquedos,7300,60,60,12
papelaria,650,36,14,44
eletrodomesticos,150,16,10,11
consoles_games,500,16,2,11
livros_tecnicos,8900,30,11,23
bebes,75,16,6,16
alimentos_bebidas,300,25,9,18
ferramentas_jardim,2050,50,50,50
brinquedos,700,20,30,30
moveis_decoracao,950,30,15,20
relogios_presentes,467,16,17,13
brinquedos,500,28,8,16
brinquedos,1500,54,16,12
informatica_acessorios,3700,33,44,19
informatica_acessorios,1300,46,7,12
moveis_decoracao,100,65,11,11
moveis_decoracao,5500,70,7,50
beleza_saude,700,17,17,17
bebes,11467,35,57,52
brinquedos,150,16,16,16
livros_importados,650,29,2,22
informatica_acessorios,4150,30,20,20
informatica_acessorios,917,29,20,15
brinquedos,12400,66,35,78
moveis_decoracao,19700,42,100,42
brinquedos,1454,28,27,24
brinquedos,400,23,35,16
sinalizacao_e_seguranca,225,24,13,31
esporte_lazer,200,16,10,20
cama_mesa_banho,4188,42,16,37
moveis_decoracao,100,16,3,11
informatica_acessorios,675,21,13,16
informatica_acessorios,750,20,14,17
brinquedos,1500,39,30,29
telefonia,333,18,9,12
esporte_lazer,4350,40,25,33
moveis_decoracao,2000,37,25,36
bebes,300,18,8,24
cama_mesa_banho,3775,35,13,25
ferramentas_jardim,3800,35,35,25
automotivo,1100,25,10,16
instrumentos_musicais,14050,50,32,46
consoles_games,550,33,28,41
moveis_decoracao,1400,33,15,30
automotivo,6700,60,60,16
utilidades_domesticas,125,28,9,18
utilidades_domesticas,1100,18,28,18
beleza_saude,825,23,5,15
cama_mesa_banho,8716,58,22,52
malas_acessorios,2350,32,52,19
moveis_decoracao,3500,41,15,25
pet_shop,908,16,16,14
malas_acessorios,5250,34,23,40
eletronicos,16100,100,20,70
construcao_ferramentas_construcao,1650,60,15,30
malas_acessorios,250,20,26,15
esporte_lazer,1200,20,25,20
esporte_lazer,1100,30,16,20
moveis_decoracao,150,35,5,20
eletronicos,5408,36,19,39
esporte_lazer,250,30,30,30
beleza_saude,1206,21,13,17
portateis_casa_forno_e_cafe,400,28,11,11
utilidades_domesticas,700,20,15,28
utilidades_domesticas,1450,30,30,30
informatica_acessorios,1150,23,11,12
pet_shop,200,20,16,16
cool_stuff,1367,28,25,33
livros_tecnicos,4000,31,7,24
cama_mesa_banho,700,70,10,50
beleza_saude,517,24,14,14
moveis_sala,7600,61,11,46
cool_stuff,400,16,10,12
automotivo,200,26,4,13
telefonia,217,17,4,12
utilidades_domesticas,1300,20,15,20
utilidades_domesticas,1800,30,6,40
utilidades_domesticas,934,28,27,17
telefonia,75,18,4,11
utilidades_domesticas,600,30,6,20
pet_shop,800,30,12,22
moveis_decoracao,2000,100,7,12
moveis_decoracao,2400,40,8,35
esporte_lazer,397,18,17,17
esporte_lazer,3200,80,12,25
beleza_saude,650,50,5,30
cama_mesa_banho,450,59,13,38
beleza_saude,850,25,6,21
beleza_saude,443,21,13,17
perfumaria,120,12,9,10
construcao_ferramentas_seguranca,333,16,9,10
utilidades_domesticas,700,18,18,18
informatica_acessorios,1013,30,15,16
automotivo,550,20,15,15
ferramentas_jardim,1150,17,8,31
beleza_saude,150,35,2,26
fashion_bolsas_e_acessorios,100,20,20,12
relogios_presentes,300,20,12,15
construcao_ferramentas_iluminacao,7100,43,23,43
cama_mesa_banho,1500,31,21,26
cool_stuff,800,22,15,27
alimentos,1920,37,6,32
informatica_acessorios,130,16,13,13
bebes,150,23,15,15
esporte_lazer,300,25,10,20
telefonia,350,17,11,11
informatica_acessorios,1100,36,15,25
esporte_lazer,330,24,20,16
cama_mesa_banho,850,38,7,28
bebes,9550,36,35,35
moveis_decoracao,2200,31,11,26
informatica_acessorios,6150,30,30,20
utilidades_domesticas,200,18,15,15
moveis_decoracao,12300,40,40,40
construcao_ferramentas_iluminacao,1700,16,19,16
cama_mesa_banho,1400,27,7,27
informatica_acessorios,700,31,13,20
cama_mesa_banho,2083,12,2,7
